solid ASCII
  facet normal -7.009086e-01 8.192447e-02 7.085305e-01
    outer loop
      vertex   1.702829e+00 1.459642e+01 -2.000000e+00
      vertex   3.701438e+00 1.439846e+01 9.733034e-15
      vertex   1.750000e+00 1.500000e+01 -2.000000e+00
    endloop
  endfacet
  facet normal -7.059575e-01 5.699078e-02 7.059575e-01
    outer loop
      vertex   1.750000e+00 1.500000e+01 -2.000000e+00
      vertex   3.701438e+00 1.439846e+01 9.733034e-15
      vertex   3.750000e+00 1.500000e+01 1.013079e-14
    endloop
  endfacet
  facet normal -7.059575e-01 -5.699078e-02 7.059575e-01
    outer loop
      vertex   1.750000e+00 1.500000e+01 -2.000000e+00
      vertex   3.750000e+00 1.500000e+01 1.013079e-14
      vertex   3.701438e+00 1.560154e+01 1.051775e-14
    endloop
  endfacet
  facet normal -6.886378e-01 1.697340e-01 7.049598e-01
    outer loop
      vertex   3.701438e+00 1.439846e+01 9.733034e-15
      vertex   1.702829e+00 1.459642e+01 -2.000000e+00
      vertex   3.557012e+00 1.381250e+01 9.334802e-15
    endloop
  endfacet
  facet normal -6.627242e-01 2.412119e-01 7.089523e-01
    outer loop
      vertex   3.557012e+00 1.381250e+01 9.334802e-15
      vertex   1.702829e+00 1.459642e+01 -2.000000e+00
      vertex   1.563857e+00 1.421460e+01 -2.000000e+00
    endloop
  endfacet
  facet normal -6.519444e-01 2.777676e-01 7.055591e-01
    outer loop
      vertex   3.557012e+00 1.381250e+01 9.334802e-15
      vertex   1.563857e+00 1.421460e+01 -2.000000e+00
      vertex   3.320460e+00 1.325729e+01 8.946402e-15
    endloop
  endfacet
  facet normal -5.981905e-01 3.782728e-01 7.064544e-01
    outer loop
      vertex   3.320460e+00 1.325729e+01 8.946402e-15
      vertex   1.563857e+00 1.421460e+01 -2.000000e+00
      vertex   2.997910e+00 1.274722e+01 8.577895e-15
    endloop
  endfacet
  facet normal -5.901185e-01 3.881270e-01 7.078966e-01
    outer loop
      vertex   2.997910e+00 1.274722e+01 8.577895e-15
      vertex   1.563857e+00 1.421460e+01 -2.000000e+00
      vertex   1.340578e+00 1.387512e+01 -2.000000e+00
    endloop
  endfacet
  facet normal -5.308048e-01 4.702520e-01 7.050598e-01
    outer loop
      vertex   2.997910e+00 1.274722e+01 8.577895e-15
      vertex   1.340578e+00 1.387512e+01 -2.000000e+00
      vertex   2.597716e+00 1.229549e+01 8.238824e-15
    endloop
  endfacet
  facet normal -4.838309e-01 5.128308e-01 7.091630e-01
    outer loop
      vertex   2.597716e+00 1.229549e+01 8.238824e-15
      vertex   1.340578e+00 1.387512e+01 -2.000000e+00
      vertex   1.045028e+00 1.359628e+01 -2.000000e+00
    endloop
  endfacet
  facet normal -4.483716e-01 5.491555e-01 7.052597e-01
    outer loop
      vertex   2.597716e+00 1.229549e+01 8.238824e-15
      vertex   1.045028e+00 1.359628e+01 -2.000000e+00
      vertex   2.130243e+00 1.191381e+01 7.937970e-15
    endloop
  endfacet
  facet normal -3.535823e-01 6.124225e-01 7.070489e-01
    outer loop
      vertex   2.130243e+00 1.191381e+01 7.937970e-15
      vertex   1.045028e+00 1.359628e+01 -2.000000e+00
      vertex   6.931396e-01 1.339312e+01 -2.000000e+00
    endloop
  endfacet
  facet normal -3.535823e-01 6.124225e-01 7.070489e-01
    outer loop
      vertex   2.130243e+00 1.191381e+01 7.937970e-15
      vertex   6.931396e-01 1.339312e+01 -2.000000e+00
      vertex   1.607597e+00 1.161206e+01 7.683127e-15
    endloop
  endfacet
  facet normal -2.513968e-01 6.628789e-01 7.052597e-01
    outer loop
      vertex   1.607597e+00 1.161206e+01 7.683127e-15
      vertex   6.931396e-01 1.339312e+01 -2.000000e+00
      vertex   1.043315e+00 1.139806e+01 7.480894e-15
    endloop
  endfacet
  facet normal -2.022091e-01 6.754253e-01 7.091630e-01
    outer loop
      vertex   1.043315e+00 1.139806e+01 7.480894e-15
      vertex   6.931396e-01 1.339312e+01 -2.000000e+00
      vertex   3.038843e-01 1.327659e+01 -2.000000e+00
    endloop
  endfacet
  facet normal -1.418478e-01 6.948164e-01 7.050598e-01
    outer loop
      vertex   1.043315e+00 1.139806e+01 7.480894e-15
      vertex   3.038843e-01 1.327659e+01 -2.000000e+00
      vertex   4.520126e-01 1.127734e+01 7.336509e-15
    endloop
  endfacet
  facet normal -4.106863e-02 7.051211e-01 7.078966e-01
    outer loop
      vertex   4.520126e-01 1.127734e+01 7.336509e-15
      vertex   3.038843e-01 1.327659e+01 -2.000000e+00
      vertex   -1.017535e-01 1.325296e+01 -2.000000e+00
    endloop
  endfacet
  facet normal -2.849856e-02 7.071846e-01 7.064544e-01
    outer loop
      vertex   4.520126e-01 1.127734e+01 7.336509e-15
      vertex   -1.017535e-01 1.325296e+01 -2.000000e+00
      vertex   -1.509973e-01 1.125304e+01 7.253711e-15
    endloop
  endfacet
  facet normal 8.541845e-02 7.034842e-01 7.055591e-01
    outer loop
      vertex   -1.509973e-01 1.125304e+01 7.253711e-15
      vertex   -1.017535e-01 1.325296e+01 -2.000000e+00
      vertex   -7.500964e-01 1.132579e+01 7.234645e-15
    endloop
  endfacet
  facet normal 1.224665e-01 6.945420e-01 7.089523e-01
    outer loop
      vertex   -7.500964e-01 1.132579e+01 7.234645e-15
      vertex   -1.017535e-01 1.325296e+01 -2.000000e+00
      vertex   -5.019057e-01 1.332352e+01 -2.000000e+00
    endloop
  endfacet
  facet normal 1.973250e-01 6.812448e-01 7.049598e-01
    outer loop
      vertex   -7.500964e-01 1.132579e+01 7.234645e-15
      vertex   -5.019057e-01 1.332352e+01 -2.000000e+00
      vertex   -1.329768e+00 1.149369e+01 7.279805e-15
    endloop
  endfacet
  facet normal 2.795056e-01 6.479669e-01 7.085305e-01
    outer loop
      vertex   -1.329768e+00 1.149369e+01 7.279805e-15
      vertex   -5.019057e-01 1.332352e+01 -2.000000e+00
      vertex   -8.750000e-01 1.348446e+01 -2.000000e+00
    endloop
  endfacet
  facet normal 3.036233e-01 6.398725e-01 7.059575e-01
    outer loop
      vertex   -1.329768e+00 1.149369e+01 7.279805e-15
      vertex   -8.750000e-01 1.348446e+01 -2.000000e+00
      vertex   -1.875000e+00 1.175240e+01 7.388021e-15
    endloop
  endfacet
  facet normal 4.023342e-01 5.828818e-01 7.059575e-01
    outer loop
      vertex   -1.875000e+00 1.175240e+01 7.388021e-15
      vertex   -8.750000e-01 1.348446e+01 -2.000000e+00
      vertex   -2.371670e+00 1.209523e+01 7.556490e-15
    endloop
  endfacet
  facet normal 4.214030e-01 5.660424e-01 7.085305e-01
    outer loop
      vertex   -2.371670e+00 1.209523e+01 7.556490e-15
      vertex   -8.750000e-01 1.348446e+01 -2.000000e+00
      vertex   -1.200923e+00 1.372710e+01 -2.000000e+00
    endloop
  endfacet
  facet normal 4.913128e-01 5.115108e-01 7.049598e-01
    outer loop
      vertex   -2.371670e+00 1.209523e+01 7.556490e-15
      vertex   -1.200923e+00 1.372710e+01 -2.000000e+00
      vertex   -2.806915e+00 1.251329e+01 7.780850e-15
    endloop
  endfacet
  facet normal 5.402577e-01 4.533301e-01 7.089523e-01
    outer loop
      vertex   -2.806915e+00 1.251329e+01 7.780850e-15
      vertex   -1.200923e+00 1.372710e+01 -2.000000e+00
      vertex   -1.462104e+00 1.403836e+01 -2.000000e+00
    endloop
  endfacet
  facet normal 5.665260e-01 4.257167e-01 7.055591e-01
    outer loop
      vertex   -2.806915e+00 1.251329e+01 7.780850e-15
      vertex   -1.462104e+00 1.403836e+01 -2.000000e+00
      vertex   -3.169463e+00 1.299575e+01 8.055288e-15
    endloop
  endfacet
  facet normal 6.266891e-01 3.289118e-01 7.064544e-01
    outer loop
      vertex   -3.169463e+00 1.299575e+01 8.055288e-15
      vertex   -1.462104e+00 1.403836e+01 -2.000000e+00
      vertex   -3.449923e+00 1.353013e+01 8.372698e-15
    endloop
  endfacet
  facet normal 6.311871e-01 3.169941e-01 7.078966e-01
    outer loop
      vertex   -3.449923e+00 1.353013e+01 8.372698e-15
      vertex   -1.462104e+00 1.403836e+01 -2.000000e+00
      vertex   -1.644462e+00 1.440146e+01 -2.000000e+00
    endloop
  endfacet
  facet normal 6.726525e-01 2.245644e-01 7.050598e-01
    outer loop
      vertex   -3.449923e+00 1.353013e+01 8.372698e-15
      vertex   -1.644462e+00 1.440146e+01 -2.000000e+00
      vertex   -3.641032e+00 1.410257e+01 8.724859e-15
    endloop
  endfacet
  facet normal 6.860400e-01 1.625945e-01 7.091630e-01
    outer loop
      vertex   -3.641032e+00 1.410257e+01 8.724859e-15
      vertex   -1.644462e+00 1.440146e+01 -2.000000e+00
      vertex   -1.738167e+00 1.479684e+01 -2.000000e+00
    endloop
  endfacet
  facet normal 6.997684e-01 1.137234e-01 7.052597e-01
    outer loop
      vertex   -3.641032e+00 1.410257e+01 8.724859e-15
      vertex   -1.738167e+00 1.479684e+01 -2.000000e+00
      vertex   -3.737840e+00 1.469825e+01 9.102650e-15
    endloop
  endfacet
  facet normal 7.071646e-01 0.000000e+00 7.070489e-01
    outer loop
      vertex   -3.737840e+00 1.469825e+01 9.102650e-15
      vertex   -1.738167e+00 1.479684e+01 -2.000000e+00
      vertex   -1.738167e+00 1.520316e+01 -2.000000e+00
    endloop
  endfacet
  facet normal 7.071646e-01 -4.611769e-16 7.070489e-01
    outer loop
      vertex   -3.737840e+00 1.469825e+01 9.102650e-15
      vertex   -1.738167e+00 1.520316e+01 -2.000000e+00
      vertex   -3.737840e+00 1.530175e+01 9.496286e-15
    endloop
  endfacet
  facet normal 6.997684e-01 -1.137234e-01 7.052597e-01
    outer loop
      vertex   -3.737840e+00 1.530175e+01 9.496286e-15
      vertex   -1.738167e+00 1.520316e+01 -2.000000e+00
      vertex   -3.641032e+00 1.589743e+01 9.895572e-15
    endloop
  endfacet
  facet normal 6.860400e-01 -1.625945e-01 7.091630e-01
    outer loop
      vertex   -3.641032e+00 1.589743e+01 9.895572e-15
      vertex   -1.738167e+00 1.520316e+01 -2.000000e+00
      vertex   -1.644462e+00 1.559854e+01 -2.000000e+00
    endloop
  endfacet
  facet normal 6.726525e-01 -2.245644e-01 7.050598e-01
    outer loop
      vertex   -3.641032e+00 1.589743e+01 9.895572e-15
      vertex   -1.644462e+00 1.559854e+01 -2.000000e+00
      vertex   -3.449923e+00 1.646988e+01 1.029017e-14
    endloop
  endfacet
  facet normal 6.311871e-01 -3.169941e-01 7.078966e-01
    outer loop
      vertex   -3.449923e+00 1.646988e+01 1.029017e-14
      vertex   -1.644462e+00 1.559854e+01 -2.000000e+00
      vertex   -1.462104e+00 1.596164e+01 -2.000000e+00
    endloop
  endfacet
  facet normal 6.266891e-01 -3.289118e-01 7.064544e-01
    outer loop
      vertex   -3.449923e+00 1.646988e+01 1.029017e-14
      vertex   -1.462104e+00 1.596164e+01 -2.000000e+00
      vertex   -3.169463e+00 1.700425e+01 1.066985e-14
    endloop
  endfacet
  facet normal 5.665260e-01 -4.257167e-01 7.055591e-01
    outer loop
      vertex   -3.169463e+00 1.700425e+01 1.066985e-14
      vertex   -1.462104e+00 1.596164e+01 -2.000000e+00
      vertex   -2.806915e+00 1.748671e+01 1.102479e-14
    endloop
  endfacet
  facet normal 5.402577e-01 -4.533301e-01 7.089523e-01
    outer loop
      vertex   -2.806915e+00 1.748671e+01 1.102479e-14
      vertex   -1.462104e+00 1.596164e+01 -2.000000e+00
      vertex   -1.200923e+00 1.627290e+01 -2.000000e+00
    endloop
  endfacet
  facet normal 4.913128e-01 -5.115108e-01 7.049598e-01
    outer loop
      vertex   -2.806915e+00 1.748671e+01 1.102479e-14
      vertex   -1.200923e+00 1.627290e+01 -2.000000e+00
      vertex   -2.371670e+00 1.790477e+01 1.134580e-14
    endloop
  endfacet
  facet normal 4.214030e-01 -5.660424e-01 7.085305e-01
    outer loop
      vertex   -2.371670e+00 1.790477e+01 1.134580e-14
      vertex   -1.200923e+00 1.627290e+01 -2.000000e+00
      vertex   -8.750000e-01 1.651554e+01 -2.000000e+00
    endloop
  endfacet
  facet normal 4.023342e-01 -5.828818e-01 7.059575e-01
    outer loop
      vertex   -2.371670e+00 1.790477e+01 1.134580e-14
      vertex   -8.750000e-01 1.651554e+01 -2.000000e+00
      vertex   -1.875000e+00 1.824760e+01 1.162455e-14
    endloop
  endfacet
  facet normal 3.036233e-01 -6.398725e-01 7.059575e-01
    outer loop
      vertex   -1.875000e+00 1.824760e+01 1.162455e-14
      vertex   -8.750000e-01 1.651554e+01 -2.000000e+00
      vertex   -1.329768e+00 1.850631e+01 1.185383e-14
    endloop
  endfacet
  facet normal 2.795056e-01 -6.479669e-01 7.085305e-01
    outer loop
      vertex   -1.329768e+00 1.850631e+01 1.185383e-14
      vertex   -8.750000e-01 1.651554e+01 -2.000000e+00
      vertex   -5.019057e-01 1.667648e+01 -2.000000e+00
    endloop
  endfacet
  facet normal 1.973250e-01 -6.812448e-01 7.049598e-01
    outer loop
      vertex   -1.329768e+00 1.850631e+01 1.185383e-14
      vertex   -5.019057e-01 1.667648e+01 -2.000000e+00
      vertex   -7.500964e-01 1.867422e+01 1.202770e-14
    endloop
  endfacet
  facet normal 1.224665e-01 -6.945420e-01 7.089523e-01
    outer loop
      vertex   -7.500964e-01 1.867422e+01 1.202770e-14
      vertex   -5.019057e-01 1.667648e+01 -2.000000e+00
      vertex   -1.017535e-01 1.674704e+01 -2.000000e+00
    endloop
  endfacet
  facet normal 8.541845e-02 -7.034842e-01 7.055591e-01
    outer loop
      vertex   -7.500964e-01 1.867422e+01 1.202770e-14
      vertex   -1.017535e-01 1.674704e+01 -2.000000e+00
      vertex   -1.509973e-01 1.874696e+01 1.214166e-14
    endloop
  endfacet
  facet normal -2.849856e-02 -7.071846e-01 7.064544e-01
    outer loop
      vertex   -1.509973e-01 1.874696e+01 1.214166e-14
      vertex   -1.017535e-01 1.674704e+01 -2.000000e+00
      vertex   4.520126e-01 1.872266e+01 1.219276e-14
    endloop
  endfacet
  facet normal -4.106863e-02 -7.051211e-01 7.078966e-01
    outer loop
      vertex   4.520126e-01 1.872266e+01 1.219276e-14
      vertex   -1.017535e-01 1.674704e+01 -2.000000e+00
      vertex   3.038843e-01 1.672341e+01 -2.000000e+00
    endloop
  endfacet
  facet normal -1.418478e-01 -6.948164e-01 7.050598e-01
    outer loop
      vertex   4.520126e-01 1.872266e+01 1.219276e-14
      vertex   3.038843e-01 1.672341e+01 -2.000000e+00
      vertex   1.043315e+00 1.860194e+01 1.217967e-14
    endloop
  endfacet
  facet normal -2.022091e-01 -6.754253e-01 7.091630e-01
    outer loop
      vertex   1.043315e+00 1.860194e+01 1.217967e-14
      vertex   3.038843e-01 1.672341e+01 -2.000000e+00
      vertex   6.931396e-01 1.660688e+01 -2.000000e+00
    endloop
  endfacet
  facet normal -2.513968e-01 -6.628789e-01 7.052597e-01
    outer loop
      vertex   1.043315e+00 1.860194e+01 1.217967e-14
      vertex   6.931396e-01 1.660688e+01 -2.000000e+00
      vertex   1.607597e+00 1.838794e+01 1.210273e-14
    endloop
  endfacet
  facet normal -3.535823e-01 -6.124225e-01 7.070489e-01
    outer loop
      vertex   1.607597e+00 1.838794e+01 1.210273e-14
      vertex   6.931396e-01 1.660688e+01 -2.000000e+00
      vertex   1.045028e+00 1.640372e+01 -2.000000e+00
    endloop
  endfacet
  facet normal -3.535823e-01 -6.124225e-01 7.070489e-01
    outer loop
      vertex   1.607597e+00 1.838794e+01 1.210273e-14
      vertex   1.045028e+00 1.640372e+01 -2.000000e+00
      vertex   2.130243e+00 1.808619e+01 1.196394e-14
    endloop
  endfacet
  facet normal -4.483716e-01 -5.491555e-01 7.052597e-01
    outer loop
      vertex   2.130243e+00 1.808619e+01 1.196394e-14
      vertex   1.045028e+00 1.640372e+01 -2.000000e+00
      vertex   2.597716e+00 1.770451e+01 1.176689e-14
    endloop
  endfacet
  facet normal -4.838309e-01 -5.128308e-01 7.091630e-01
    outer loop
      vertex   2.597716e+00 1.770451e+01 1.176689e-14
      vertex   1.045028e+00 1.640372e+01 -2.000000e+00
      vertex   1.340578e+00 1.612488e+01 -2.000000e+00
    endloop
  endfacet
  facet normal -5.308048e-01 -4.702520e-01 7.050598e-01
    outer loop
      vertex   2.597716e+00 1.770451e+01 1.176689e-14
      vertex   1.340578e+00 1.612488e+01 -2.000000e+00
      vertex   2.997910e+00 1.725278e+01 1.151668e-14
    endloop
  endfacet
  facet normal -5.901185e-01 -3.881270e-01 7.078966e-01
    outer loop
      vertex   2.997910e+00 1.725278e+01 1.151668e-14
      vertex   1.340578e+00 1.612488e+01 -2.000000e+00
      vertex   1.563857e+00 1.578540e+01 -2.000000e+00
    endloop
  endfacet
  facet normal -5.981905e-01 -3.782728e-01 7.064544e-01
    outer loop
      vertex   2.997910e+00 1.725278e+01 1.151668e-14
      vertex   1.563857e+00 1.578540e+01 -2.000000e+00
      vertex   3.320460e+00 1.674271e+01 1.121979e-14
    endloop
  endfacet
  facet normal -6.519444e-01 -2.777676e-01 7.055591e-01
    outer loop
      vertex   3.320460e+00 1.674271e+01 1.121979e-14
      vertex   1.563857e+00 1.578540e+01 -2.000000e+00
      vertex   3.557012e+00 1.618751e+01 1.088392e-14
    endloop
  endfacet
  facet normal -6.627242e-01 -2.412119e-01 7.089523e-01
    outer loop
      vertex   3.557012e+00 1.618751e+01 1.088392e-14
      vertex   1.563857e+00 1.578540e+01 -2.000000e+00
      vertex   1.702829e+00 1.540358e+01 -2.000000e+00
    endloop
  endfacet
  facet normal -6.886378e-01 -1.697340e-01 7.049598e-01
    outer loop
      vertex   3.557012e+00 1.618751e+01 1.088392e-14
      vertex   1.702829e+00 1.540358e+01 -2.000000e+00
      vertex   3.701438e+00 1.560154e+01 1.051775e-14
    endloop
  endfacet
  facet normal -7.009086e-01 -8.192447e-02 7.085305e-01
    outer loop
      vertex   3.701438e+00 1.560154e+01 1.051775e-14
      vertex   1.702829e+00 1.540358e+01 -2.000000e+00
      vertex   1.750000e+00 1.500000e+01 -2.000000e+00
    endloop
  endfacet
  facet normal -9.883628e-17 -6.532398e-16 1.000000e+00
    outer loop
      vertex   1.669182e+01 -8.101542e+00 -3.312086e-15
      vertex   2.622965e+01 -1.094878e+01 -4.229335e-15
      vertex   1.674038e+01 -7.500000e+00 -2.914335e-15
    endloop
  endfacet
  facet normal -1.045504e-16 -6.689620e-16 1.000000e+00
    outer loop
      vertex   1.674038e+01 -7.500000e+00 -2.914335e-15
      vertex   2.622965e+01 -1.094878e+01 -4.229335e-15
      vertex   2.672006e+01 -1.075880e+01 -4.050967e-15
    endloop
  endfacet
  facet normal -9.877222e-17 -6.512671e-16 1.000000e+00
    outer loop
      vertex   1.674038e+01 -7.500000e+00 -2.914335e-15
      vertex   2.672006e+01 -1.075880e+01 -4.050967e-15
      vertex   1.669182e+01 -6.898458e+00 -2.527367e-15
    endloop
  endfacet
  facet normal -1.071425e-16 -6.730111e-16 1.000000e+00
    outer loop
      vertex   1.669182e+01 -6.898458e+00 -2.527367e-15
      vertex   2.672006e+01 -1.075880e+01 -4.050967e-15
      vertex   2.723704e+01 -1.066216e+01 -3.930538e-15
    endloop
  endfacet
  facet normal -9.864605e-17 -6.492056e-16 1.000000e+00
    outer loop
      vertex   1.669182e+01 -6.898458e+00 -2.527367e-15
      vertex   2.723704e+01 -1.066216e+01 -3.930538e-15
      vertex   1.654739e+01 -6.312495e+00 -2.161204e-15
    endloop
  endfacet
  facet normal -9.755202e-17 -6.465169e-16 1.000000e+00
    outer loop
      vertex   1.654739e+01 -6.312495e+00 -2.161204e-15
      vertex   2.723704e+01 -1.066216e+01 -3.930538e-15
      vertex   1.631084e+01 -5.757288e+00 -1.825330e-15
    endloop
  endfacet
  facet normal -1.110223e-16 -6.765236e-16 1.000000e+00
    outer loop
      vertex   1.631084e+01 -5.757288e+00 -1.825330e-15
      vertex   2.723704e+01 -1.066216e+01 -3.930538e-15
      vertex   2.776296e+01 -1.066216e+01 -3.872148e-15
    endloop
  endfacet
  facet normal -9.676812e-17 -6.432422e-16 1.000000e+00
    outer loop
      vertex   1.631084e+01 -5.757288e+00 -1.825330e-15
      vertex   2.776296e+01 -1.066216e+01 -3.872148e-15
      vertex   1.598829e+01 -5.247217e+00 -1.528443e-15
    endloop
  endfacet
  facet normal -1.009134e-16 -6.522560e-16 1.000000e+00
    outer loop
      vertex   1.598829e+01 -5.247217e+00 -1.528443e-15
      vertex   2.776296e+01 -1.066216e+01 -3.872148e-15
      vertex   2.776296e+01 1.066216e+01 1.003676e-14
    endloop
  endfacet
  facet normal -1.064211e-16 -6.481797e-16 1.000000e+00
    outer loop
      vertex   1.598829e+01 -5.247217e+00 -1.528443e-15
      vertex   2.776296e+01 1.066216e+01 1.003676e-14
      vertex   1.558810e+01 -4.795491e+00 -1.278232e-15
    endloop
  endfacet
  facet normal -1.071959e-16 -6.475695e-16 1.000000e+00
    outer loop
      vertex   1.558810e+01 -4.795491e+00 -1.278232e-15
      vertex   2.776296e+01 1.066216e+01 1.003676e-14
      vertex   1.512062e+01 -4.413811e+00 -1.081179e-15
    endloop
  endfacet
  facet normal -1.110223e-16 -6.443607e-16 1.000000e+00
    outer loop
      vertex   1.512062e+01 -4.413811e+00 -1.081179e-15
      vertex   2.776296e+01 1.066216e+01 1.003676e-14
      vertex   2.723704e+01 1.066216e+01 9.978375e-15
    endloop
  endfacet
  facet normal -1.079087e-16 -6.468631e-16 1.000000e+00
    outer loop
      vertex   1.512062e+01 -4.413811e+00 -1.081179e-15
      vertex   2.723704e+01 1.066216e+01 9.978375e-15
      vertex   1.459798e+01 -4.112061e+00 -9.423862e-16
    endloop
  endfacet
  facet normal -2.561310e-16 -5.200618e-16 1.000000e+00
    outer loop
      vertex   1.459798e+01 -4.112061e+00 -9.423862e-16
      vertex   2.723704e+01 1.066216e+01 9.978375e-15
      vertex   1.045098e+01 1.013396e+00 6.609937e-16
    endloop
  endfacet
  facet normal -4.461901e-16 -6.738382e-16 1.000000e+00
    outer loop
      vertex   1.459798e+01 -4.112061e+00 -9.423862e-16
      vertex   1.045098e+01 1.013396e+00 6.609937e-16
      vertex   1.050000e+01 1.285879e-15 1.084684e-30
    endloop
  endfacet
  facet normal -9.939792e-17 -6.551212e-16 1.000000e+00
    outer loop
      vertex   1.669182e+01 -8.101542e+00 -3.312086e-15
      vertex   1.654739e+01 -8.687505e+00 -3.710319e-15
      vertex   2.622965e+01 -1.094878e+01 -4.229335e-15
    endloop
  endfacet
  facet normal -1.020958e-16 -6.666728e-16 1.000000e+00
    outer loop
      vertex   2.622965e+01 -1.094878e+01 -4.229335e-15
      vertex   1.654739e+01 -8.687505e+00 -3.710319e-15
      vertex   2.578249e+01 -1.122565e+01 -4.459567e-15
    endloop
  endfacet
  facet normal -9.948456e-17 -6.571718e-16 1.000000e+00
    outer loop
      vertex   2.578249e+01 -1.122565e+01 -4.459567e-15
      vertex   1.654739e+01 -8.687505e+00 -3.710319e-15
      vertex   1.631084e+01 -9.242712e+00 -4.098718e-15
    endloop
  endfacet
  facet normal -1.008024e-16 -6.634667e-16 1.000000e+00
    outer loop
      vertex   2.578249e+01 -1.122565e+01 -4.459567e-15
      vertex   1.631084e+01 -9.242712e+00 -4.098718e-15
      vertex   2.539382e+01 -1.157997e+01 -4.733823e-15
    endloop
  endfacet
  facet normal -9.975164e-17 -6.593832e-16 1.000000e+00
    outer loop
      vertex   2.539382e+01 -1.157997e+01 -4.733823e-15
      vertex   1.631084e+01 -9.242712e+00 -4.098718e-15
      vertex   1.598829e+01 -9.752784e+00 -4.467226e-15
    endloop
  endfacet
  facet normal -9.998612e-17 -6.605902e-16 1.000000e+00
    outer loop
      vertex   2.539382e+01 -1.157997e+01 -4.733823e-15
      vertex   1.598829e+01 -9.752784e+00 -4.467226e-15
      vertex   2.507688e+01 -1.199967e+01 -5.042763e-15
    endloop
  endfacet
  facet normal -1.002788e-16 -6.617740e-16 1.000000e+00
    outer loop
      vertex   2.507688e+01 -1.199967e+01 -5.042763e-15
      vertex   1.598829e+01 -9.752784e+00 -4.467226e-15
      vertex   1.558810e+01 -1.020451e+01 -4.806297e-15
    endloop
  endfacet
  facet normal -9.955808e-17 -6.579645e-16 1.000000e+00
    outer loop
      vertex   2.507688e+01 -1.199967e+01 -5.042763e-15
      vertex   1.558810e+01 -1.020451e+01 -4.806297e-15
      vertex   2.484245e+01 -1.247046e+01 -5.375867e-15
    endloop
  endfacet
  facet normal -1.011276e-16 -6.643748e-16 1.000000e+00
    outer loop
      vertex   2.484245e+01 -1.247046e+01 -5.375867e-15
      vertex   1.558810e+01 -1.020451e+01 -4.806297e-15
      vertex   1.512062e+01 -1.058619e+01 -5.107150e-15
    endloop
  endfacet
  facet normal -9.941870e-17 -6.555575e-16 1.000000e+00
    outer loop
      vertex   2.484245e+01 -1.247046e+01 -5.375867e-15
      vertex   1.512062e+01 -1.058619e+01 -5.107150e-15
      vertex   2.469853e+01 -1.297631e+01 -5.721792e-15
    endloop
  endfacet
  facet normal -9.887570e-17 -6.533816e-16 1.000000e+00
    outer loop
      vertex   2.469853e+01 -1.297631e+01 -5.721792e-15
      vertex   1.512062e+01 -1.058619e+01 -5.107150e-15
      vertex   2.465000e+01 -1.350000e+01 -6.068757e-15
    endloop
  endfacet
  facet normal -1.028563e-16 -6.663999e-16 1.000000e+00
    outer loop
      vertex   2.465000e+01 -1.350000e+01 -6.068757e-15
      vertex   1.512062e+01 -1.058619e+01 -5.107150e-15
      vertex   1.459798e+01 -1.088794e+01 -5.361994e-15
    endloop
  endfacet
  facet normal -9.888882e-17 -6.511317e-16 1.000000e+00
    outer loop
      vertex   2.465000e+01 -1.350000e+01 -6.068757e-15
      vertex   1.459798e+01 -1.088794e+01 -5.361994e-15
      vertex   2.469853e+01 -1.402369e+01 -6.404946e-15
    endloop
  endfacet
  facet normal -1.045424e-16 -6.693423e-16 1.000000e+00
    outer loop
      vertex   2.469853e+01 -1.402369e+01 -6.404946e-15
      vertex   1.459798e+01 -1.088794e+01 -5.361994e-15
      vertex   1.403370e+01 -1.110194e+01 -5.564227e-15
    endloop
  endfacet
  facet normal -9.891787e-17 -6.488120e-16 1.000000e+00
    outer loop
      vertex   2.469853e+01 -1.402369e+01 -6.404946e-15
      vertex   1.403370e+01 -1.110194e+01 -5.564227e-15
      vertex   2.484245e+01 -1.452954e+01 -6.718913e-15
    endloop
  endfacet
  facet normal -1.067094e-16 -6.733821e-16 1.000000e+00
    outer loop
      vertex   2.484245e+01 -1.452954e+01 -6.718913e-15
      vertex   1.403370e+01 -1.110194e+01 -5.564227e-15
      vertex   1.344239e+01 -1.122266e+01 -5.708612e-15
    endloop
  endfacet
  facet normal -9.881848e-17 -6.461792e-16 1.000000e+00
    outer loop
      vertex   2.484245e+01 -1.452954e+01 -6.718913e-15
      vertex   1.344239e+01 -1.122266e+01 -5.708612e-15
      vertex   2.507688e+01 -1.500033e+01 -6.999964e-15
    endloop
  endfacet
  facet normal -9.746811e-17 -6.420204e-16 1.000000e+00
    outer loop
      vertex   2.507688e+01 -1.500033e+01 -6.999964e-15
      vertex   1.344239e+01 -1.122266e+01 -5.708612e-15
      vertex   2.539382e+01 -1.542003e+01 -7.238528e-15
    endloop
  endfacet
  facet normal -1.099971e-16 -6.776950e-16 1.000000e+00
    outer loop
      vertex   2.539382e+01 -1.542003e+01 -7.238528e-15
      vertex   1.344239e+01 -1.122266e+01 -5.708612e-15
      vertex   1.283938e+01 -1.124696e+01 -5.791410e-15
    endloop
  endfacet
  facet normal -9.610038e-17 -6.358875e-16 1.000000e+00
    outer loop
      vertex   2.539382e+01 -1.542003e+01 -7.238528e-15
      vertex   1.283938e+01 -1.124696e+01 -5.791410e-15
      vertex   2.578249e+01 -1.577435e+01 -7.426483e-15
    endloop
  endfacet
  facet normal -9.689327e-17 -6.381542e-16 1.000000e+00
    outer loop
      vertex   2.578249e+01 -1.577435e+01 -7.426483e-15
      vertex   1.283938e+01 -1.124696e+01 -5.791410e-15
      vertex   3.000000e+01 -2.000000e+01 -9.714451e-15
    endloop
  endfacet
  facet normal -1.110223e-16 -6.522560e-16 1.000000e+00
    outer loop
      vertex   2.578249e+01 -1.577435e+01 -7.426483e-15
      vertex   3.000000e+01 -2.000000e+01 -9.714451e-15
      vertex   2.622965e+01 -1.605122e+01 -7.557426e-15
    endloop
  endfacet
  facet normal -1.110223e-16 -6.522560e-16 1.000000e+00
    outer loop
      vertex   2.622965e+01 -1.605122e+01 -7.557426e-15
      vertex   3.000000e+01 -2.000000e+01 -9.714451e-15
      vertex   2.672006e+01 -1.624120e+01 -7.626900e-15
    endloop
  endfacet
  facet normal -1.110223e-16 -6.522560e-16 1.000000e+00
    outer loop
      vertex   2.672006e+01 -1.624120e+01 -7.626900e-15
      vertex   3.000000e+01 -2.000000e+01 -9.714451e-15
      vertex   2.723704e+01 -1.633784e+01 -7.632538e-15
    endloop
  endfacet
  facet normal -1.110223e-16 -6.522560e-16 1.000000e+00
    outer loop
      vertex   2.723704e+01 -1.633784e+01 -7.632538e-15
      vertex   3.000000e+01 -2.000000e+01 -9.714451e-15
      vertex   2.776296e+01 -1.633784e+01 -7.574148e-15
    endloop
  endfacet
  facet normal -1.110223e-16 -6.522560e-16 1.000000e+00
    outer loop
      vertex   2.776296e+01 -1.633784e+01 -7.574148e-15
      vertex   3.000000e+01 -2.000000e+01 -9.714451e-15
      vertex   2.827994e+01 -1.624120e+01 -7.453719e-15
    endloop
  endfacet
  facet normal -1.110223e-16 -6.522560e-16 1.000000e+00
    outer loop
      vertex   2.827994e+01 -1.624120e+01 -7.453719e-15
      vertex   3.000000e+01 -2.000000e+01 -9.714451e-15
      vertex   3.062574e+01 -1.995075e+01 -9.612859e-15
    endloop
  endfacet
  facet normal -1.110223e-16 -6.522560e-16 1.000000e+00
    outer loop
      vertex   2.827994e+01 -1.624120e+01 -7.453719e-15
      vertex   3.062574e+01 -1.995075e+01 -9.612859e-15
      vertex   3.123607e+01 -1.980423e+01 -9.449526e-15
    endloop
  endfacet
  facet normal -1.131893e-16 -6.701032e-16 1.000000e+00
    outer loop
      vertex   1.283938e+01 -1.124696e+01 -5.791410e-15
      vertex   1.224028e+01 -1.117422e+01 -5.810475e-15
      vertex   3.000000e+01 -2.000000e+01 -9.714451e-15
    endloop
  endfacet
  facet normal -1.257377e-16 -6.953536e-16 1.000000e+00
    outer loop
      vertex   3.000000e+01 -2.000000e+01 -9.714451e-15
      vertex   1.224028e+01 -1.117422e+01 -5.810475e-15
      vertex   2.537193e-01 -1.049693e+01 -6.846688e-15
    endloop
  endfacet
  facet normal -1.110223e-16 -6.492919e-16 1.000000e+00
    outer loop
      vertex   3.000000e+01 -2.000000e+01 -9.714451e-15
      vertex   2.537193e-01 -1.049693e+01 -6.846688e-15
      vertex   -3.000000e+01 -2.000000e+01 -1.637579e-14
    endloop
  endfacet
  facet normal -7.866172e-18 -9.776971e-16 1.000000e+00
    outer loop
      vertex   -3.000000e+01 -2.000000e+01 -1.637579e-14
      vertex   2.537193e-01 -1.049693e+01 -6.846688e-15
      vertex   -7.605654e-01 -1.047242e+01 -6.830698e-15
    endloop
  endfacet
  facet normal -1.244709e-16 -6.198459e-16 1.000000e+00
    outer loop
      vertex   -3.000000e+01 -2.000000e+01 -1.637579e-14
      vertex   -7.605654e-01 -1.047242e+01 -6.830698e-15
      vertex   -1.253837e+01 -1.122266e+01 -8.761725e-15
    endloop
  endfacet
  facet normal -1.275695e-16 -5.712026e-16 1.000000e+00
    outer loop
      vertex   -1.253837e+01 -1.122266e+01 -8.761725e-15
      vertex   -7.605654e-01 -1.047242e+01 -6.830698e-15
      vertex   -1.194707e+01 -1.110194e+01 -8.617340e-15
    endloop
  endfacet
  facet normal -8.405240e-17 -1.344490e-15 1.000000e+00
    outer loop
      vertex   -1.194707e+01 -1.110194e+01 -8.617340e-15
      vertex   -7.605654e-01 -1.047242e+01 -6.830698e-15
      vertex   -1.767749e+00 -1.035012e+01 -6.750931e-15
    endloop
  endfacet
  facet normal -1.410213e-16 -5.731552e-16 1.000000e+00
    outer loop
      vertex   -1.194707e+01 -1.110194e+01 -8.617340e-15
      vertex   -1.767749e+00 -1.035012e+01 -6.750931e-15
      vertex   -1.138278e+01 -1.088794e+01 -8.415107e-15
    endloop
  endfacet
  facet normal -1.090062e-16 -1.145518e-15 1.000000e+00
    outer loop
      vertex   -1.138278e+01 -1.088794e+01 -8.415107e-15
      vertex   -1.767749e+00 -1.035012e+01 -6.750931e-15
      vertex   -2.758427e+00 -1.013119e+01 -6.608132e-15
    endloop
  endfacet
  facet normal -1.596831e-16 -5.679731e-16 1.000000e+00
    outer loop
      vertex   -1.138278e+01 -1.088794e+01 -8.415107e-15
      vertex   -2.758427e+00 -1.013119e+01 -6.608132e-15
      vertex   -1.086014e+01 -1.058619e+01 -8.160264e-15
    endloop
  endfacet
  facet normal -1.321145e-16 -1.058863e-15 1.000000e+00
    outer loop
      vertex   -1.086014e+01 -1.058619e+01 -8.160264e-15
      vertex   -2.758427e+00 -1.013119e+01 -6.608132e-15
      vertex   -3.723351e+00 -9.817670e+00 -6.403635e-15
    endloop
  endfacet
  facet normal -1.857561e-16 -5.607237e-16 1.000000e+00
    outer loop
      vertex   -1.086014e+01 -1.058619e+01 -8.160264e-15
      vertex   -3.723351e+00 -9.817670e+00 -6.403635e-15
      vertex   -1.039266e+01 -1.020451e+01 -7.859410e-15
    endloop
  endfacet
  facet normal -1.592433e-16 -1.017819e-15 1.000000e+00
    outer loop
      vertex   -1.039266e+01 -1.020451e+01 -7.859410e-15
      vertex   -3.723351e+00 -9.817670e+00 -6.403635e-15
      vertex   -4.653511e+00 -9.412483e+00 -6.139349e-15
    endloop
  endfacet
  facet normal -2.234364e-16 -5.526658e-16 1.000000e+00
    outer loop
      vertex   -1.039266e+01 -1.020451e+01 -7.859410e-15
      vertex   -4.653511e+00 -9.412483e+00 -6.139349e-15
      vertex   -9.992471e+00 -9.752784e+00 -7.520339e-15
    endloop
  endfacet
  facet normal -1.947637e-16 -1.002509e-15 1.000000e+00
    outer loop
      vertex   -9.992471e+00 -9.752784e+00 -7.520339e-15
      vertex   -4.653511e+00 -9.412483e+00 -6.139349e-15
      vertex   -5.540222e+00 -8.919413e+00 -5.817741e-15
    endloop
  endfacet
  facet normal -2.803688e-16 -5.451678e-16 1.000000e+00
    outer loop
      vertex   -9.992471e+00 -9.752784e+00 -7.520339e-15
      vertex   -5.540222e+00 -8.919413e+00 -5.817741e-15
      vertex   -9.669921e+00 -9.242712e+00 -7.151832e-15
    endloop
  endfacet
  facet normal -2.442797e-16 -1.006156e-15 1.000000e+00
    outer loop
      vertex   -9.669921e+00 -9.242712e+00 -7.151832e-15
      vertex   -5.540222e+00 -8.919413e+00 -5.817741e-15
      vertex   -6.375206e+00 -8.343065e+00 -5.441815e-15
    endloop
  endfacet
  facet normal -3.711814e-16 -5.414126e-16 1.000000e+00
    outer loop
      vertex   -9.669921e+00 -9.242712e+00 -7.151832e-15
      vertex   -6.375206e+00 -8.343065e+00 -5.441815e-15
      vertex   -9.433370e+00 -8.687505e+00 -6.763432e-15
    endloop
  endfacet
  facet normal -3.657691e-16 -5.894666e-16 1.000000e+00
    outer loop
      vertex   -9.433370e+00 -8.687505e+00 -6.763432e-15
      vertex   -6.375206e+00 -8.343065e+00 -5.441815e-15
      vertex   -9.288943e+00 -8.101542e+00 -6.365200e-15
    endloop
  endfacet
  facet normal -4.113927e-16 -1.139870e-15 1.000000e+00
    outer loop
      vertex   -9.288943e+00 -8.101542e+00 -6.365200e-15
      vertex   -6.375206e+00 -8.343065e+00 -5.441815e-15
      vertex   -7.150666e+00 -7.688821e+00 -5.015080e-15
    endloop
  endfacet
  facet normal -5.117540e-16 -6.199056e-16 1.000000e+00
    outer loop
      vertex   -9.288943e+00 -8.101542e+00 -6.365200e-15
      vertex   -7.150666e+00 -7.688821e+00 -5.015080e-15
      vertex   -9.240381e+00 -7.500000e+00 -5.967449e-15
    endloop
  endfacet
  facet normal -5.644625e-16 -1.203240e-15 1.000000e+00
    outer loop
      vertex   -9.240381e+00 -7.500000e+00 -5.967449e-15
      vertex   -7.150666e+00 -7.688821e+00 -5.015080e-15
      vertex   -7.859363e+00 -6.962788e+00 -4.541520e-15
    endloop
  endfacet
  facet normal -7.584620e-16 -7.045228e-16 1.000000e+00
    outer loop
      vertex   -9.240381e+00 -7.500000e+00 -5.967449e-15
      vertex   -7.859363e+00 -6.962788e+00 -4.541520e-15
      vertex   -9.288943e+00 -6.898458e+00 -5.580481e-15
    endloop
  endfacet
  facet normal -7.844609e-16 -1.282285e-15 1.000000e+00
    outer loop
      vertex   -9.288943e+00 -6.898458e+00 -5.580481e-15
      vertex   -7.859363e+00 -6.962788e+00 -4.541520e-15
      vertex   -8.494678e+00 -6.171745e+00 -4.025558e-15
    endloop
  endfacet
  facet normal -1.130907e-15 -9.036351e-16 1.000000e+00
    outer loop
      vertex   -9.288943e+00 -6.898458e+00 -5.580481e-15
      vertex   -8.494678e+00 -6.171745e+00 -4.025558e-15
      vertex   -9.433370e+00 -6.312495e+00 -5.214317e-15
    endloop
  endfacet
  facet normal -1.105094e-15 -1.075790e-15 1.000000e+00
    outer loop
      vertex   -9.433370e+00 -6.312495e+00 -5.214317e-15
      vertex   -8.494678e+00 -6.171745e+00 -4.025558e-15
      vertex   -9.669921e+00 -5.757288e+00 -4.878443e-15
    endloop
  endfacet
  facet normal -1.242893e-15 -1.466536e-15 1.000000e+00
    outer loop
      vertex   -9.669921e+00 -5.757288e+00 -4.878443e-15
      vertex   -8.494678e+00 -6.171745e+00 -4.025558e-15
      vertex   -9.050681e+00 -5.323078e+00 -3.472010e-15
    endloop
  endfacet
  facet normal -1.290757e-15 -1.398275e-15 1.000000e+00
    outer loop
      vertex   -9.669921e+00 -5.757288e+00 -4.878443e-15
      vertex   -9.050681e+00 -5.323078e+00 -3.472010e-15
      vertex   -9.992471e+00 -5.247217e+00 -4.581556e-15
    endloop
  endfacet
  facet normal -1.284989e-15 -1.326670e-15 1.000000e+00
    outer loop
      vertex   -9.992471e+00 -5.247217e+00 -4.581556e-15
      vertex   -9.050681e+00 -5.323078e+00 -3.472010e-15
      vertex   -9.522181e+00 -4.424712e+00 -2.886045e-15
    endloop
  endfacet
  facet normal -1.034163e-15 -1.470087e-15 1.000000e+00
    outer loop
      vertex   -9.992471e+00 -5.247217e+00 -4.581556e-15
      vertex   -9.522181e+00 -4.424712e+00 -2.886045e-15
      vertex   -1.039266e+01 -4.795491e+00 -4.331346e-15
    endloop
  endfacet
  facet normal -9.466020e-16 -1.675655e-15 1.000000e+00
    outer loop
      vertex   -1.039266e+01 -4.795491e+00 -4.331346e-15
      vertex   -9.522181e+00 -4.424712e+00 -2.886045e-15
      vertex   -1.086014e+01 -4.413811e+00 -4.134292e-15
    endloop
  endfacet
  facet normal -9.413868e-16 -1.035545e-15 1.000000e+00
    outer loop
      vertex   -1.086014e+01 -4.413811e+00 -4.134292e-15
      vertex   -9.522181e+00 -4.424712e+00 -2.886045e-15
      vertex   -9.904774e+00 -3.485032e+00 -2.273133e-15
    endloop
  endfacet
  facet normal -5.592539e-16 -1.428616e-15 1.000000e+00
    outer loop
      vertex   -1.086014e+01 -4.413811e+00 -4.134292e-15
      vertex   -9.904774e+00 -3.485032e+00 -2.273133e-15
      vertex   -1.138278e+01 -4.112061e+00 -3.995500e-15
    endloop
  endfacet
  facet normal -4.780497e-16 -1.620028e-15 1.000000e+00
    outer loop
      vertex   -1.138278e+01 -4.112061e+00 -3.995500e-15
      vertex   -9.904774e+00 -3.485032e+00 -2.273133e-15
      vertex   -1.194707e+01 -3.898057e+00 -3.918562e-15
    endloop
  endfacet
  facet normal -6.354213e-16 -8.418692e-16 1.000000e+00
    outer loop
      vertex   -1.194707e+01 -3.898057e+00 -3.918562e-15
      vertex   -9.904774e+00 -3.485032e+00 -2.273133e-15
      vertex   -1.019489e+01 -2.512814e+00 -1.638998e-15
    endloop
  endfacet
  facet normal -2.494110e-16 -1.330129e-15 1.000000e+00
    outer loop
      vertex   -1.194707e+01 -3.898057e+00 -3.918562e-15
      vertex   -1.019489e+01 -2.512814e+00 -1.638998e-15
      vertex   -1.253837e+01 -3.777342e+00 -3.905473e-15
    endloop
  endfacet
  facet normal -1.460584e-16 -1.521667e-15 1.000000e+00
    outer loop
      vertex   -1.253837e+01 -3.777342e+00 -3.905473e-15
      vertex   -1.019489e+01 -2.512814e+00 -1.638998e-15
      vertex   -1.314138e+01 -3.753041e+00 -3.956570e-15
    endloop
  endfacet
  facet normal -4.730283e-16 -7.448626e-16 1.000000e+00
    outer loop
      vertex   -1.314138e+01 -3.753041e+00 -3.956570e-15
      vertex   -1.019489e+01 -2.512814e+00 -1.638998e-15
      vertex   -1.038982e+01 -1.517135e+00 -9.895604e-16
    endloop
  endfacet
  facet normal -3.420700e-17 -1.284887e-15 1.000000e+00
    outer loop
      vertex   -1.314138e+01 -3.753041e+00 -3.956570e-15
      vertex   -1.038982e+01 -1.517135e+00 -9.895604e-16
      vertex   -1.374048e+01 -3.825785e+00 -4.070531e-15
    endloop
  endfacet
  facet normal -4.406573e-16 -6.949851e-16 1.000000e+00
    outer loop
      vertex   -1.374048e+01 -3.825785e+00 -4.070531e-15
      vertex   -1.038982e+01 -1.517135e+00 -9.895604e-16
      vertex   -1.048774e+01 -5.072905e-01 -3.308833e-16
    endloop
  endfacet
  facet normal 3.695527e-17 -1.163134e-15 1.000000e+00
    outer loop
      vertex   -1.374048e+01 -3.825785e+00 -4.070531e-15
      vertex   -1.048774e+01 -5.072905e-01 -3.308833e-16
      vertex   -1.432015e+01 -3.993689e+00 -4.244404e-15
    endloop
  endfacet
  facet normal -4.277975e-16 -6.522560e-16 1.000000e+00
    outer loop
      vertex   -1.432015e+01 -3.993689e+00 -4.244404e-15
      vertex   -1.048774e+01 -5.072905e-01 -3.308833e-16
      vertex   -1.048774e+01 5.072905e-01 3.308833e-16
    endloop
  endfacet
  facet normal 1.037255e-16 -1.104827e-15 1.000000e+00
    outer loop
      vertex   -1.432015e+01 -3.993689e+00 -4.244404e-15
      vertex   -1.048774e+01 5.072905e-01 3.308833e-16
      vertex   -1.486538e+01 -4.252405e+00 -4.473686e-15
    endloop
  endfacet
  facet normal -4.341115e-16 -6.101617e-16 1.000000e+00
    outer loop
      vertex   -1.486538e+01 -4.252405e+00 -4.473686e-15
      vertex   -1.048774e+01 5.072905e-01 3.308833e-16
      vertex   -1.038982e+01 1.517135e+00 9.895604e-16
    endloop
  endfacet
  facet normal -2.388580e-16 -7.616243e-16 1.000000e+00
    outer loop
      vertex   -1.486538e+01 -4.252405e+00 -4.473686e-15
      vertex   -1.038982e+01 1.517135e+00 9.895604e-16
      vertex   -2.723704e+01 1.066216e+01 3.930538e-15
    endloop
  endfacet
  facet normal -1.622485e-16 -6.204920e-16 1.000000e+00
    outer loop
      vertex   -2.723704e+01 1.066216e+01 3.930538e-15
      vertex   -1.038982e+01 1.517135e+00 9.895604e-16
      vertex   -1.019489e+01 2.512814e+00 1.638998e-15
    endloop
  endfacet
  facet normal -1.296884e-16 -5.524013e-16 1.000000e+00
    outer loop
      vertex   -2.723704e+01 1.066216e+01 3.930538e-15
      vertex   -1.019489e+01 2.512814e+00 1.638998e-15
      vertex   -2.672006e+01 1.075880e+01 4.050967e-15
    endloop
  endfacet
  facet normal -1.562494e-16 -6.056304e-16 1.000000e+00
    outer loop
      vertex   -2.672006e+01 1.075880e+01 4.050967e-15
      vertex   -1.019489e+01 2.512814e+00 1.638998e-15
      vertex   -9.904774e+00 3.485032e+00 2.273133e-15
    endloop
  endfacet
  facet normal -1.419191e-16 -5.725021e-16 1.000000e+00
    outer loop
      vertex   -2.672006e+01 1.075880e+01 4.050967e-15
      vertex   -9.904774e+00 3.485032e+00 2.273133e-15
      vertex   -2.622965e+01 1.094878e+01 4.229335e-15
    endloop
  endfacet
  facet normal -1.503879e-16 -5.910251e-16 1.000000e+00
    outer loop
      vertex   -2.622965e+01 1.094878e+01 4.229335e-15
      vertex   -9.904774e+00 3.485032e+00 2.273133e-15
      vertex   -9.522181e+00 4.424712e+00 2.886045e-15
    endloop
  endfacet
  facet normal -1.446522e-16 -5.763367e-16 1.000000e+00
    outer loop
      vertex   -2.622965e+01 1.094878e+01 4.229335e-15
      vertex   -9.522181e+00 4.424712e+00 2.886045e-15
      vertex   -9.050681e+00 5.323078e+00 3.472010e-15
    endloop
  endfacet
  facet normal -6.934865e-17 3.026231e-16 1.000000e+00
    outer loop
      vertex   2.537193e-01 -1.049693e+01 -6.846688e-15
      vertex   1.224028e+01 -1.117422e+01 -5.810475e-15
      vertex   1.265635e+00 -1.042344e+01 -6.798753e-15
    endloop
  endfacet
  facet normal -1.419841e-16 -7.591485e-16 1.000000e+00
    outer loop
      vertex   1.265635e+00 -1.042344e+01 -6.798753e-15
      vertex   1.224028e+01 -1.117422e+01 -5.810475e-15
      vertex   1.166061e+01 -1.100631e+01 -5.765315e-15
    endloop
  endfacet
  facet normal -1.023792e-16 -5.282824e-17 1.000000e+00
    outer loop
      vertex   1.265635e+00 -1.042344e+01 -6.798753e-15
      vertex   1.166061e+01 -1.100631e+01 -5.765315e-15
      vertex   2.265734e+00 -1.025263e+01 -6.687340e-15
    endloop
  endfacet
  facet normal -1.584923e-16 -7.522970e-16 1.000000e+00
    outer loop
      vertex   2.265734e+00 -1.025263e+01 -6.687340e-15
      vertex   1.166061e+01 -1.100631e+01 -5.765315e-15
      vertex   1.111538e+01 -1.074760e+01 -5.657099e-15
    endloop
  endfacet
  facet normal -1.268410e-16 -1.863924e-16 1.000000e+00
    outer loop
      vertex   2.265734e+00 -1.025263e+01 -6.687340e-15
      vertex   1.111538e+01 -1.074760e+01 -5.657099e-15
      vertex   3.244678e+00 -9.986093e+00 -6.513489e-15
    endloop
  endfacet
  facet normal -1.818406e-16 -7.548540e-16 1.000000e+00
    outer loop
      vertex   3.244678e+00 -9.986093e+00 -6.513489e-15
      vertex   1.111538e+01 -1.074760e+01 -5.657099e-15
      vertex   1.061871e+01 -1.040477e+01 -5.488630e-15
    endloop
  endfacet
  facet normal -1.530956e-16 -2.485761e-16 1.000000e+00
    outer loop
      vertex   3.244678e+00 -9.986093e+00 -6.513489e-15
      vertex   1.061871e+01 -1.040477e+01 -5.488630e-15
      vertex   4.193328e+00 -9.626318e+00 -6.278824e-15
    endloop
  endfacet
  facet normal -2.151344e-16 -7.606482e-16 1.000000e+00
    outer loop
      vertex   4.193328e+00 -9.626318e+00 -6.278824e-15
      vertex   1.061871e+01 -1.040477e+01 -5.488630e-15
      vertex   1.018347e+01 -9.986710e+00 -5.264271e-15
    endloop
  endfacet
  facet normal -1.859807e-16 -2.760798e-16 1.000000e+00
    outer loop
      vertex   4.193328e+00 -9.626318e+00 -6.278824e-15
      vertex   1.018347e+01 -9.986710e+00 -5.264271e-15
      vertex   5.102826e+00 -9.176664e+00 -5.985534e-15
    endloop
  endfacet
  facet normal -2.643245e-16 -7.674551e-16 1.000000e+00
    outer loop
      vertex   5.102826e+00 -9.176664e+00 -5.985534e-15
      vertex   1.018347e+01 -9.986710e+00 -5.264271e-15
      vertex   9.820918e+00 -9.504247e+00 -4.989832e-15
    endloop
  endfacet
  facet normal -2.305547e-16 -2.810773e-16 1.000000e+00
    outer loop
      vertex   5.102826e+00 -9.176664e+00 -5.985534e-15
      vertex   9.820918e+00 -9.504247e+00 -4.989832e-15
      vertex   5.964680e+00 -8.641330e+00 -5.636360e-15
    endloop
  endfacet
  facet normal -3.405734e-16 -7.727337e-16 1.000000e+00
    outer loop
      vertex   5.964680e+00 -8.641330e+00 -5.636360e-15
      vertex   9.820918e+00 -9.504247e+00 -4.989832e-15
      vertex   9.540458e+00 -8.969875e+00 -4.672422e-15
    endloop
  endfacet
  facet normal -3.364177e-16 -7.275041e-16 1.000000e+00
    outer loop
      vertex   5.964680e+00 -8.641330e+00 -5.636360e-15
      vertex   9.540458e+00 -8.969875e+00 -4.672422e-15
      vertex   9.349349e+00 -8.397434e+00 -4.320261e-15
    endloop
  endfacet
  facet normal -3.774326e-16 -1.583198e-16 1.000000e+00
    outer loop
      vertex   5.964680e+00 -8.641330e+00 -5.636360e-15
      vertex   9.349349e+00 -8.397434e+00 -4.320261e-15
      vertex   6.770843e+00 -8.025315e+00 -5.234560e-15
    endloop
  endfacet
  facet normal -4.568257e-16 -7.084546e-16 1.000000e+00
    outer loop
      vertex   6.770843e+00 -8.025315e+00 -5.234560e-15
      vertex   9.349349e+00 -8.397434e+00 -4.320261e-15
      vertex   9.252541e+00 -7.801750e+00 -3.942471e-15
    endloop
  endfacet
  facet normal -5.114280e-16 -1.023383e-16 1.000000e+00
    outer loop
      vertex   6.770843e+00 -8.025315e+00 -5.234560e-15
      vertex   9.252541e+00 -7.801750e+00 -3.942471e-15
      vertex   7.513789e+00 -7.334369e+00 -4.783886e-15
    endloop
  endfacet
  facet normal -6.592472e-16 -6.522560e-16 1.000000e+00
    outer loop
      vertex   7.513789e+00 -7.334369e+00 -4.783886e-15
      vertex   9.252541e+00 -7.801750e+00 -3.942471e-15
      vertex   9.252541e+00 -7.198250e+00 -3.548835e-15
    endloop
  endfacet
  facet normal -7.083764e-16 -2.468931e-17 1.000000e+00
    outer loop
      vertex   7.513789e+00 -7.334369e+00 -4.783886e-15
      vertex   9.252541e+00 -7.198250e+00 -3.548835e-15
      vertex   8.186581e+00 -6.574944e+00 -4.288547e-15
    endloop
  endfacet
  facet normal -9.916522e-16 -5.091397e-16 1.000000e+00
    outer loop
      vertex   8.186581e+00 -6.574944e+00 -4.288547e-15
      vertex   9.252541e+00 -7.198250e+00 -3.548835e-15
      vertex   9.349349e+00 -6.602566e+00 -3.149548e-15
    endloop
  endfacet
  facet normal -9.880962e-16 -3.594458e-16 1.000000e+00
    outer loop
      vertex   8.186581e+00 -6.574944e+00 -4.288547e-15
      vertex   9.349349e+00 -6.602566e+00 -3.149548e-15
      vertex   9.540458e+00 -6.030125e+00 -2.754953e-15
    endloop
  endfacet
  facet normal -1.229832e-15 2.412694e-16 1.000000e+00
    outer loop
      vertex   8.186581e+00 -6.574944e+00 -4.288547e-15
      vertex   9.540458e+00 -6.030125e+00 -2.754953e-15
      vertex   8.782936e+00 -5.754131e+00 -3.753167e-15
    endloop
  endfacet
  facet normal -1.323524e-15 -1.588617e-17 1.000000e+00
    outer loop
      vertex   8.782936e+00 -5.754131e+00 -3.753167e-15
      vertex   9.540458e+00 -6.030125e+00 -2.754953e-15
      vertex   9.820918e+00 -5.495753e+00 -2.375268e-15
    endloop
  endfacet
  facet normal -1.364948e-15 1.505259e-16 1.000000e+00
    outer loop
      vertex   8.782936e+00 -5.754131e+00 -3.753167e-15
      vertex   9.820918e+00 -5.495753e+00 -2.375268e-15
      vertex   9.297288e+00 -4.879593e+00 -3.182744e-15
    endloop
  endfacet
  facet normal -1.277841e-15 2.245514e-16 1.000000e+00
    outer loop
      vertex   9.297288e+00 -4.879593e+00 -3.182744e-15
      vertex   9.820918e+00 -5.495753e+00 -2.375268e-15
      vertex   1.018347e+01 -5.013290e+00 -2.020328e-15
    endloop
  endfacet
  facet normal -1.233772e-15 5.166506e-16 1.000000e+00
    outer loop
      vertex   9.297288e+00 -4.879593e+00 -3.182744e-15
      vertex   1.018347e+01 -5.013290e+00 -2.020328e-15
      vertex   1.061871e+01 -4.595232e+00 -1.699325e-15
    endloop
  endfacet
  facet normal -1.091362e-15 -1.451284e-16 1.000000e+00
    outer loop
      vertex   9.297288e+00 -4.879593e+00 -3.182744e-15
      vertex   1.061871e+01 -4.595232e+00 -1.699325e-15
      vertex   9.724834e+00 -3.959496e+00 -2.582605e-15
    endloop
  endfacet
  facet normal -7.715010e-16 3.046125e-16 1.000000e+00
    outer loop
      vertex   9.724834e+00 -3.959496e+00 -2.582605e-15
      vertex   1.061871e+01 -4.595232e+00 -1.699325e-15
      vertex   1.111538e+01 -4.252405e+00 -1.420572e-15
    endloop
  endfacet
  facet normal -9.059162e-16 -3.335060e-16 1.000000e+00
    outer loop
      vertex   9.724834e+00 -3.959496e+00 -2.582605e-15
      vertex   1.111538e+01 -4.252405e+00 -1.420572e-15
      vertex   1.006158e+01 -3.002430e+00 -1.958353e-15
    endloop
  endfacet
  facet normal -4.461813e-16 5.407664e-17 1.000000e+00
    outer loop
      vertex   1.006158e+01 -3.002430e+00 -1.958353e-15
      vertex   1.111538e+01 -4.252405e+00 -1.420572e-15
      vertex   1.166061e+01 -3.993689e+00 -1.191291e-15
    endloop
  endfacet
  facet normal -3.571935e-16 1.976256e-16 1.000000e+00
    outer loop
      vertex   1.006158e+01 -3.002430e+00 -1.958353e-15
      vertex   1.166061e+01 -3.993689e+00 -1.191291e-15
      vertex   1.224028e+01 -3.825785e+00 -1.017418e-15
    endloop
  endfacet
  facet normal -6.205690e-16 -4.992995e-16 1.000000e+00
    outer loop
      vertex   1.006158e+01 -3.002430e+00 -1.958353e-15
      vertex   1.224028e+01 -3.825785e+00 -1.017418e-15
      vertex   1.030439e+01 -2.017330e+00 -1.315816e-15
    endloop
  endfacet
  facet normal -1.860702e-16 -3.418099e-17 1.000000e+00
    outer loop
      vertex   1.030439e+01 -2.017330e+00 -1.315816e-15
      vertex   1.224028e+01 -3.825785e+00 -1.017418e-15
      vertex   1.283938e+01 -3.753041e+00 -9.034567e-16
    endloop
  endfacet
  facet normal -7.986385e-17 1.209329e-16 1.000000e+00
    outer loop
      vertex   1.030439e+01 -2.017330e+00 -1.315816e-15
      vertex   1.283938e+01 -3.753041e+00 -9.034567e-16
      vertex   1.344239e+01 -3.777342e+00 -8.523593e-16
    endloop
  endfacet
  facet normal -4.746484e-16 -5.829472e-16 1.000000e+00
    outer loop
      vertex   1.030439e+01 -2.017330e+00 -1.315816e-15
      vertex   1.344239e+01 -3.777342e+00 -8.523593e-16
      vertex   1.045098e+01 -1.013396e+00 -6.609937e-16
    endloop
  endfacet
  facet normal 1.027154e-17 -5.811951e-17 1.000000e+00
    outer loop
      vertex   1.045098e+01 -1.013396e+00 -6.609937e-16
      vertex   1.344239e+01 -3.777342e+00 -8.523593e-16
      vertex   1.403370e+01 -3.898057e+00 -8.654488e-16
    endloop
  endfacet
  facet normal -4.505567e-16 -6.304627e-16 1.000000e+00
    outer loop
      vertex   1.045098e+01 -1.013396e+00 -6.609937e-16
      vertex   1.403370e+01 -3.898057e+00 -8.654488e-16
      vertex   1.050000e+01 1.285879e-15 1.084684e-30
    endloop
  endfacet
  facet normal 7.946440e-17 -1.499839e-16 1.000000e+00
    outer loop
      vertex   1.050000e+01 1.285879e-15 1.084684e-30
      vertex   1.403370e+01 -3.898057e+00 -8.654488e-16
      vertex   1.459798e+01 -4.112061e+00 -9.423862e-16
    endloop
  endfacet
  facet normal -1.492799e-16 -5.904679e-16 1.000000e+00
    outer loop
      vertex   -2.622965e+01 1.094878e+01 4.229335e-15
      vertex   -9.050681e+00 5.323078e+00 3.472010e-15
      vertex   -2.578249e+01 1.122565e+01 4.459567e-15
    endloop
  endfacet
  facet normal -1.389606e-16 -5.612162e-16 1.000000e+00
    outer loop
      vertex   -2.578249e+01 1.122565e+01 4.459567e-15
      vertex   -9.050681e+00 5.323078e+00 3.472010e-15
      vertex   -8.494678e+00 6.171745e+00 4.025558e-15
    endloop
  endfacet
  facet normal -1.523289e-16 -6.069449e-16 1.000000e+00
    outer loop
      vertex   -2.578249e+01 1.122565e+01 4.459567e-15
      vertex   -8.494678e+00 6.171745e+00 4.025558e-15
      vertex   -2.539382e+01 1.157997e+01 4.733823e-15
    endloop
  endfacet
  facet normal -1.327177e-16 -5.456656e-16 1.000000e+00
    outer loop
      vertex   -2.539382e+01 1.157997e+01 4.733823e-15
      vertex   -8.494678e+00 6.171745e+00 4.025558e-15
      vertex   -7.859363e+00 6.962788e+00 4.541520e-15
    endloop
  endfacet
  facet normal -1.525311e-16 -6.209100e-16 1.000000e+00
    outer loop
      vertex   -2.539382e+01 1.157997e+01 4.733823e-15
      vertex   -7.859363e+00 6.962788e+00 4.541520e-15
      vertex   -2.507688e+01 1.199967e+01 5.042763e-15
    endloop
  endfacet
  facet normal -1.257828e-16 -5.294767e-16 1.000000e+00
    outer loop
      vertex   -2.507688e+01 1.199967e+01 5.042763e-15
      vertex   -7.859363e+00 6.962788e+00 4.541520e-15
      vertex   -7.150666e+00 7.688821e+00 5.015080e-15
    endloop
  endfacet
  facet normal -1.505726e-16 -6.325623e-16 1.000000e+00
    outer loop
      vertex   -2.507688e+01 1.199967e+01 5.042763e-15
      vertex   -7.150666e+00 7.688821e+00 5.015080e-15
      vertex   -2.484245e+01 1.247046e+01 5.375867e-15
    endloop
  endfacet
  facet normal -1.180712e-16 -5.123091e-16 1.000000e+00
    outer loop
      vertex   -2.484245e+01 1.247046e+01 5.375867e-15
      vertex   -7.150666e+00 7.688821e+00 5.015080e-15
      vertex   -6.375206e+00 8.343065e+00 5.441815e-15
    endloop
  endfacet
  facet normal -1.470576e-16 -6.420031e-16 1.000000e+00
    outer loop
      vertex   -2.484245e+01 1.247046e+01 5.375867e-15
      vertex   -6.375206e+00 8.343065e+00 5.441815e-15
      vertex   -2.469853e+01 1.297631e+01 5.721792e-15
    endloop
  endfacet
  facet normal -1.095269e-16 -4.935789e-16 1.000000e+00
    outer loop
      vertex   -2.469853e+01 1.297631e+01 5.721792e-15
      vertex   -6.375206e+00 8.343065e+00 5.441815e-15
      vertex   -5.540222e+00 8.919413e+00 5.817741e-15
    endloop
  endfacet
  facet normal -1.148655e-16 -5.187897e-16 1.000000e+00
    outer loop
      vertex   -2.469853e+01 1.297631e+01 5.721792e-15
      vertex   -5.540222e+00 8.919413e+00 5.817741e-15
      vertex   -3.641032e+00 1.410257e+01 8.724859e-15
    endloop
  endfacet
  facet normal 7.756069e-17 -5.892978e-16 1.000000e+00
    outer loop
      vertex   -3.641032e+00 1.410257e+01 8.724859e-15
      vertex   -5.540222e+00 8.919413e+00 5.817741e-15
      vertex   -3.449923e+00 1.353013e+01 8.372698e-15
    endloop
  endfacet
  facet normal 4.074018e-17 -5.726049e-16 1.000000e+00
    outer loop
      vertex   -3.449923e+00 1.353013e+01 8.372698e-15
      vertex   -5.540222e+00 8.919413e+00 5.817741e-15
      vertex   -3.169463e+00 1.299575e+01 8.055288e-15
    endloop
  endfacet
  facet normal -8.493478e-17 -4.995136e-16 1.000000e+00
    outer loop
      vertex   -3.169463e+00 1.299575e+01 8.055288e-15
      vertex   -5.540222e+00 8.919413e+00 5.817741e-15
      vertex   -4.653511e+00 9.412483e+00 6.139349e-15
    endloop
  endfacet
  facet normal 2.928760e-17 -5.468200e-16 1.000000e+00
    outer loop
      vertex   -3.169463e+00 1.299575e+01 8.055288e-15
      vertex   -4.653511e+00 9.412483e+00 6.139349e-15
      vertex   -2.806915e+00 1.251329e+01 7.780850e-15
    endloop
  endfacet
  facet normal -7.227633e-17 -4.863365e-16 1.000000e+00
    outer loop
      vertex   -2.806915e+00 1.251329e+01 7.780850e-15
      vertex   -4.653511e+00 9.412483e+00 6.139349e-15
      vertex   -3.723351e+00 9.817670e+00 6.403635e-15
    endloop
  endfacet
  facet normal 1.865283e-17 -5.172499e-16 1.000000e+00
    outer loop
      vertex   -2.806915e+00 1.251329e+01 7.780850e-15
      vertex   -3.723351e+00 9.817670e+00 6.403635e-15
      vertex   -2.371670e+00 1.209523e+01 7.556490e-15
    endloop
  endfacet
  facet normal -5.880194e-17 -4.712823e-16 1.000000e+00
    outer loop
      vertex   -2.371670e+00 1.209523e+01 7.556490e-15
      vertex   -3.723351e+00 9.817670e+00 6.403635e-15
      vertex   -2.758427e+00 1.013119e+01 6.608132e-15
    endloop
  endfacet
  facet normal 5.196030e-18 -4.838847e-16 1.000000e+00
    outer loop
      vertex   -2.371670e+00 1.209523e+01 7.556490e-15
      vertex   -2.758427e+00 1.013119e+01 6.608132e-15
      vertex   -1.875000e+00 1.175240e+01 7.388021e-15
    endloop
  endfacet
  facet normal -4.301399e-17 -4.576142e-16 1.000000e+00
    outer loop
      vertex   -1.875000e+00 1.175240e+01 7.388021e-15
      vertex   -2.758427e+00 1.013119e+01 6.608132e-15
      vertex   -1.767749e+00 1.035012e+01 6.750931e-15
    endloop
  endfacet
  facet normal -1.774661e-17 -4.556817e-16 1.000000e+00
    outer loop
      vertex   -1.875000e+00 1.175240e+01 7.388021e-15
      vertex   -1.767749e+00 1.035012e+01 6.750931e-15
      vertex   -1.329768e+00 1.149369e+01 7.279805e-15
    endloop
  endfacet
  facet normal -5.045528e-17 -4.431544e-16 1.000000e+00
    outer loop
      vertex   -1.329768e+00 1.149369e+01 7.279805e-15
      vertex   -1.767749e+00 1.035012e+01 6.750931e-15
      vertex   -7.500964e-01 1.132579e+01 7.234645e-15
    endloop
  endfacet
  facet normal -2.175467e-17 -4.730902e-16 1.000000e+00
    outer loop
      vertex   -7.500964e-01 1.132579e+01 7.234645e-15
      vertex   -1.767749e+00 1.035012e+01 6.750931e-15
      vertex   -7.605654e-01 1.047242e+01 6.830698e-15
    endloop
  endfacet
  facet normal -8.916722e-17 -4.722632e-16 1.000000e+00
    outer loop
      vertex   -7.500964e-01 1.132579e+01 7.234645e-15
      vertex   -7.605654e-01 1.047242e+01 6.830698e-15
      vertex   -1.509973e-01 1.125304e+01 7.253711e-15
    endloop
  endfacet
  facet normal -2.718917e-18 -5.397684e-16 1.000000e+00
    outer loop
      vertex   -1.509973e-01 1.125304e+01 7.253711e-15
      vertex   -7.605654e-01 1.047242e+01 6.830698e-15
      vertex   2.537193e-01 1.049693e+01 6.846688e-15
    endloop
  endfacet
  facet normal -1.131729e-16 -5.988903e-16 1.000000e+00
    outer loop
      vertex   -1.509973e-01 1.125304e+01 7.253711e-15
      vertex   2.537193e-01 1.049693e+01 6.846688e-15
      vertex   4.520126e-01 1.127734e+01 7.336509e-15
    endloop
  endfacet
  facet normal 1.754910e-18 -6.280922e-16 1.000000e+00
    outer loop
      vertex   4.520126e-01 1.127734e+01 7.336509e-15
      vertex   2.537193e-01 1.049693e+01 6.846688e-15
      vertex   1.265635e+00 1.042344e+01 6.798753e-15
    endloop
  endfacet
  facet normal -9.678683e-17 -7.219860e-16 1.000000e+00
    outer loop
      vertex   4.520126e-01 1.127734e+01 7.336509e-15
      vertex   1.265635e+00 1.042344e+01 6.798753e-15
      vertex   1.043315e+00 1.139806e+01 7.480894e-15
    endloop
  endfacet
  facet normal -8.554938e-17 -7.194226e-16 1.000000e+00
    outer loop
      vertex   1.043315e+00 1.139806e+01 7.480894e-15
      vertex   1.265635e+00 1.042344e+01 6.798753e-15
      vertex   1.607597e+00 1.161206e+01 7.683127e-15
    endloop
  endfacet
  facet normal -1.494120e-17 -7.397364e-16 1.000000e+00
    outer loop
      vertex   1.607597e+00 1.161206e+01 7.683127e-15
      vertex   1.265635e+00 1.042344e+01 6.798753e-15
      vertex   2.265734e+00 1.025263e+01 6.687340e-15
    endloop
  endfacet
  facet normal -5.055973e-17 -7.569803e-16 1.000000e+00
    outer loop
      vertex   1.607597e+00 1.161206e+01 7.683127e-15
      vertex   2.265734e+00 1.025263e+01 6.687340e-15
      vertex   2.130243e+00 1.191381e+01 7.937970e-15
    endloop
  endfacet
  facet normal -2.801264e-17 -7.551413e-16 1.000000e+00
    outer loop
      vertex   2.130243e+00 1.191381e+01 7.937970e-15
      vertex   2.265734e+00 1.025263e+01 6.687340e-15
      vertex   3.244678e+00 9.986093e+00 6.513489e-15
    endloop
  endfacet
  facet normal -2.733770e-17 -7.547511e-16 1.000000e+00
    outer loop
      vertex   2.130243e+00 1.191381e+01 7.937970e-15
      vertex   3.244678e+00 9.986093e+00 6.513489e-15
      vertex   2.597716e+00 1.229549e+01 8.238824e-15
    endloop
  endfacet
  facet normal -4.024228e-17 -7.583662e-16 1.000000e+00
    outer loop
      vertex   2.597716e+00 1.229549e+01 8.238824e-15
      vertex   3.244678e+00 9.986093e+00 6.513489e-15
      vertex   4.193328e+00 9.626318e+00 6.278824e-15
    endloop
  endfacet
  facet normal -1.098832e-17 -7.408784e-16 1.000000e+00
    outer loop
      vertex   2.597716e+00 1.229549e+01 8.238824e-15
      vertex   4.193328e+00 9.626318e+00 6.278824e-15
      vertex   2.997910e+00 1.274722e+01 8.577895e-15
    endloop
  endfacet
  facet normal -5.148335e-17 -7.563895e-16 1.000000e+00
    outer loop
      vertex   2.997910e+00 1.274722e+01 8.577895e-15
      vertex   4.193328e+00 9.626318e+00 6.278824e-15
      vertex   5.102826e+00 9.176664e+00 5.985534e-15
    endloop
  endfacet
  facet normal 2.927186e-18 -7.243133e-16 1.000000e+00
    outer loop
      vertex   2.997910e+00 1.274722e+01 8.577895e-15
      vertex   5.102826e+00 9.176664e+00 5.985534e-15
      vertex   3.320460e+00 1.325729e+01 8.946402e-15
    endloop
  endfacet
  facet normal -6.251190e-17 -7.528963e-16 1.000000e+00
    outer loop
      vertex   3.320460e+00 1.325729e+01 8.946402e-15
      vertex   5.102826e+00 9.176664e+00 5.985534e-15
      vertex   5.964680e+00 8.641330e+00 5.636360e-15
    endloop
  endfacet
  facet normal 1.754782e-17 -7.070346e-16 1.000000e+00
    outer loop
      vertex   3.320460e+00 1.325729e+01 8.946402e-15
      vertex   5.964680e+00 8.641330e+00 5.636360e-15
      vertex   3.557012e+00 1.381250e+01 9.334802e-15
    endloop
  endfacet
  facet normal -1.189853e-16 -7.706037e-16 1.000000e+00
    outer loop
      vertex   3.557012e+00 1.381250e+01 9.334802e-15
      vertex   5.964680e+00 8.641330e+00 5.636360e-15
      vertex   2.469853e+01 1.297631e+01 1.120597e-14
    endloop
  endfacet
  facet normal -1.143165e-16 -6.525613e-16 1.000000e+00
    outer loop
      vertex   3.557012e+00 1.381250e+01 9.334802e-15
      vertex   2.469853e+01 1.297631e+01 1.120597e-14
      vertex   2.465000e+01 1.350000e+01 1.154216e-14
    endloop
  endfacet
  facet normal -1.123487e-16 -7.992839e-16 1.000000e+00
    outer loop
      vertex   5.964680e+00 8.641330e+00 5.636360e-15
      vertex   6.770843e+00 8.025315e+00 5.234560e-15
      vertex   2.469853e+01 1.297631e+01 1.120597e-14
    endloop
  endfacet
  facet normal -1.498980e-16 -6.633171e-16 1.000000e+00
    outer loop
      vertex   2.469853e+01 1.297631e+01 1.120597e-14
      vertex   6.770843e+00 8.025315e+00 5.234560e-15
      vertex   2.484245e+01 1.247046e+01 1.089200e-14
    endloop
  endfacet
  facet normal -1.206963e-16 -7.820358e-16 1.000000e+00
    outer loop
      vertex   2.484245e+01 1.247046e+01 1.089200e-14
      vertex   6.770843e+00 8.025315e+00 5.234560e-15
      vertex   7.513789e+00 7.334369e+00 4.783886e-15
    endloop
  endfacet
  facet normal -1.529710e-16 -6.731440e-16 1.000000e+00
    outer loop
      vertex   2.484245e+01 1.247046e+01 1.089200e-14
      vertex   7.513789e+00 7.334369e+00 4.783886e-15
      vertex   2.507688e+01 1.199967e+01 1.061095e-14
    endloop
  endfacet
  facet normal -1.283218e-16 -7.659392e-16 1.000000e+00
    outer loop
      vertex   2.507688e+01 1.199967e+01 1.061095e-14
      vertex   7.513789e+00 7.334369e+00 4.783886e-15
      vertex   8.186581e+00 6.574944e+00 4.288547e-15
    endloop
  endfacet
  facet normal -1.543300e-16 -6.849605e-16 1.000000e+00
    outer loop
      vertex   2.507688e+01 1.199967e+01 1.061095e-14
      vertex   8.186581e+00 6.574944e+00 4.288547e-15
      vertex   2.539382e+01 1.157997e+01 1.037238e-14
    endloop
  endfacet
  facet normal -1.352588e-16 -7.505273e-16 1.000000e+00
    outer loop
      vertex   2.539382e+01 1.157997e+01 1.037238e-14
      vertex   8.186581e+00 6.574944e+00 4.288547e-15
      vertex   8.782936e+00 5.754131e+00 3.753167e-15
    endloop
  endfacet
  facet normal -1.534152e-16 -6.987588e-16 1.000000e+00
    outer loop
      vertex   2.539382e+01 1.157997e+01 1.037238e-14
      vertex   8.782936e+00 5.754131e+00 3.753167e-15
      vertex   2.578249e+01 1.122565e+01 1.018443e-14
    endloop
  endfacet
  facet normal -1.415813e-16 -7.355258e-16 1.000000e+00
    outer loop
      vertex   2.578249e+01 1.122565e+01 1.018443e-14
      vertex   8.782936e+00 5.754131e+00 3.753167e-15
      vertex   9.297288e+00 4.879593e+00 3.182744e-15
    endloop
  endfacet
  facet normal -1.496319e-16 -7.146127e-16 1.000000e+00
    outer loop
      vertex   2.578249e+01 1.122565e+01 1.018443e-14
      vertex   9.297288e+00 4.879593e+00 3.182744e-15
      vertex   2.622965e+01 1.094878e+01 1.005349e-14
    endloop
  endfacet
  facet normal -1.474278e-16 -7.207619e-16 1.000000e+00
    outer loop
      vertex   2.622965e+01 1.094878e+01 1.005349e-14
      vertex   9.297288e+00 4.879593e+00 3.182744e-15
      vertex   9.724834e+00 3.959496e+00 2.582605e-15
    endloop
  endfacet
  facet normal -1.422753e-16 -7.329293e-16 1.000000e+00
    outer loop
      vertex   2.622965e+01 1.094878e+01 1.005349e-14
      vertex   9.724834e+00 3.959496e+00 2.582605e-15
      vertex   2.672006e+01 1.075880e+01 9.984013e-15
    endloop
  endfacet
  facet normal -1.530114e-16 -7.060937e-16 1.000000e+00
    outer loop
      vertex   2.672006e+01 1.075880e+01 9.984013e-15
      vertex   9.724834e+00 3.959496e+00 2.582605e-15
      vertex   1.006158e+01 3.002430e+00 1.958353e-15
    endloop
  endfacet
  facet normal -1.597460e-16 -6.916299e-16 1.000000e+00
    outer loop
      vertex   2.672006e+01 1.075880e+01 9.984013e-15
      vertex   1.006158e+01 3.002430e+00 1.958353e-15
      vertex   1.030439e+01 2.017330e+00 1.315816e-15
    endloop
  endfacet
  facet normal -1.291300e-16 -7.491238e-16 1.000000e+00
    outer loop
      vertex   2.672006e+01 1.075880e+01 9.984013e-15
      vertex   1.030439e+01 2.017330e+00 1.315816e-15
      vertex   2.723704e+01 1.066216e+01 9.978375e-15
    endloop
  endfacet
  facet normal -1.661952e-16 -6.765241e-16 1.000000e+00
    outer loop
      vertex   2.723704e+01 1.066216e+01 9.978375e-15
      vertex   1.030439e+01 2.017330e+00 1.315816e-15
      vertex   1.045098e+01 1.013396e+00 6.609937e-16
    endloop
  endfacet
  facet normal -1.061068e-16 -6.527115e-16 1.000000e+00
    outer loop
      vertex   -2.469853e+01 -1.402369e+01 -1.188912e-14
      vertex   -1.432015e+01 -1.100631e+01 -8.818429e-15
      vertex   -2.465000e+01 -1.350000e+01 -1.154216e-14
    endloop
  endfacet
  facet normal -1.078372e-16 -6.455436e-16 1.000000e+00
    outer loop
      vertex   -2.465000e+01 -1.350000e+01 -1.154216e-14
      vertex   -1.432015e+01 -1.100631e+01 -8.818429e-15
      vertex   -1.486538e+01 -1.074760e+01 -8.710213e-15
    endloop
  endfacet
  facet normal -1.060779e-16 -6.517979e-16 1.000000e+00
    outer loop
      vertex   -2.465000e+01 -1.350000e+01 -1.154216e-14
      vertex   -1.486538e+01 -1.074760e+01 -8.710213e-15
      vertex   -2.469853e+01 -1.297631e+01 -1.120597e-14
    endloop
  endfacet
  facet normal -1.072220e-16 -6.467503e-16 1.000000e+00
    outer loop
      vertex   -2.469853e+01 -1.297631e+01 -1.120597e-14
      vertex   -1.486538e+01 -1.074760e+01 -8.710213e-15
      vertex   -1.536205e+01 -1.040477e+01 -8.541744e-15
    endloop
  endfacet
  facet normal -1.060919e-16 -6.508532e-16 1.000000e+00
    outer loop
      vertex   -2.469853e+01 -1.297631e+01 -1.120597e-14
      vertex   -1.536205e+01 -1.040477e+01 -8.541744e-15
      vertex   -2.484245e+01 -1.247046e+01 -1.089200e-14
    endloop
  endfacet
  facet normal -1.067544e-16 -6.478127e-16 1.000000e+00
    outer loop
      vertex   -2.484245e+01 -1.247046e+01 -1.089200e-14
      vertex   -1.536205e+01 -1.040477e+01 -8.541744e-15
      vertex   -1.579730e+01 -9.986710e+00 -8.317384e-15
    endloop
  endfacet
  facet normal -1.061944e-16 -6.498520e-16 1.000000e+00
    outer loop
      vertex   -2.484245e+01 -1.247046e+01 -1.089200e-14
      vertex   -1.579730e+01 -9.986710e+00 -8.317384e-15
      vertex   -2.507688e+01 -1.199967e+01 -1.061095e-14
    endloop
  endfacet
  facet normal -1.064227e-16 -6.487996e-16 1.000000e+00
    outer loop
      vertex   -2.507688e+01 -1.199967e+01 -1.061095e-14
      vertex   -1.579730e+01 -9.986710e+00 -8.317384e-15
      vertex   -1.615984e+01 -9.504247e+00 -8.042946e-15
    endloop
  endfacet
  facet normal -1.064266e-16 -6.487855e-16 1.000000e+00
    outer loop
      vertex   -2.507688e+01 -1.199967e+01 -1.061095e-14
      vertex   -1.615984e+01 -9.504247e+00 -8.042946e-15
      vertex   -2.539382e+01 -1.157997e+01 -1.037238e-14
    endloop
  endfacet
  facet normal -1.062138e-16 -6.497323e-16 1.000000e+00
    outer loop
      vertex   -2.539382e+01 -1.157997e+01 -1.037238e-14
      vertex   -1.615984e+01 -9.504247e+00 -8.042946e-15
      vertex   -1.644030e+01 -8.969875e+00 -7.725535e-15
    endloop
  endfacet
  facet normal -1.068214e-16 -6.476479e-16 1.000000e+00
    outer loop
      vertex   -2.539382e+01 -1.157997e+01 -1.037238e-14
      vertex   -1.644030e+01 -8.969875e+00 -7.725535e-15
      vertex   -2.578249e+01 -1.122565e+01 -1.018443e-14
    endloop
  endfacet
  facet normal -1.061051e-16 -6.506144e-16 1.000000e+00
    outer loop
      vertex   -2.578249e+01 -1.122565e+01 -1.018443e-14
      vertex   -1.644030e+01 -8.969875e+00 -7.725535e-15
      vertex   -1.663141e+01 -8.397434e+00 -7.373375e-15
    endloop
  endfacet
  facet normal -1.074039e-16 -6.464121e-16 1.000000e+00
    outer loop
      vertex   -2.578249e+01 -1.122565e+01 -1.018443e-14
      vertex   -1.663141e+01 -8.397434e+00 -7.373375e-15
      vertex   -2.622965e+01 -1.094878e+01 -1.005349e-14
    endloop
  endfacet
  facet normal -1.060647e-16 -6.514503e-16 1.000000e+00
    outer loop
      vertex   -2.622965e+01 -1.094878e+01 -1.005349e-14
      vertex   -1.663141e+01 -8.397434e+00 -7.373375e-15
      vertex   -1.672822e+01 -7.801750e+00 -6.995584e-15
    endloop
  endfacet
  facet normal -1.082058e-16 -6.449859e-16 1.000000e+00
    outer loop
      vertex   -2.622965e+01 -1.094878e+01 -1.005349e-14
      vertex   -1.672822e+01 -7.801750e+00 -6.995584e-15
      vertex   -2.672006e+01 -1.075880e+01 -9.984013e-15
    endloop
  endfacet
  facet normal -1.060542e-16 -6.522560e-16 1.000000e+00
    outer loop
      vertex   -2.672006e+01 -1.075880e+01 -9.984013e-15
      vertex   -1.672822e+01 -7.801750e+00 -6.995584e-15
      vertex   -1.672822e+01 -7.198250e+00 -6.601948e-15
    endloop
  endfacet
  facet normal -1.057488e-16 -6.531130e-16 1.000000e+00
    outer loop
      vertex   -2.672006e+01 -1.075880e+01 -9.984013e-15
      vertex   -1.672822e+01 -7.198250e+00 -6.601948e-15
      vertex   -1.663141e+01 -6.602566e+00 -6.202662e-15
    endloop
  endfacet
  facet normal -1.058079e-16 -6.537396e-16 1.000000e+00
    outer loop
      vertex   -2.469853e+01 -1.402369e+01 -1.188912e-14
      vertex   -2.484245e+01 -1.452954e+01 -1.223505e-14
      vertex   -1.432015e+01 -1.100631e+01 -8.818429e-15
    endloop
  endfacet
  facet normal -1.088342e-16 -6.447017e-16 1.000000e+00
    outer loop
      vertex   -1.432015e+01 -1.100631e+01 -8.818429e-15
      vertex   -2.484245e+01 -1.452954e+01 -1.223505e-14
      vertex   -1.374048e+01 -1.117422e+01 -8.863589e-15
    endloop
  endfacet
  facet normal -1.057589e-16 -6.548769e-16 1.000000e+00
    outer loop
      vertex   -1.374048e+01 -1.117422e+01 -8.863589e-15
      vertex   -2.484245e+01 -1.452954e+01 -1.223505e-14
      vertex   -2.507688e+01 -1.500033e+01 -1.256815e-14
    endloop
  endfacet
  facet normal -1.098638e-16 -6.427146e-16 1.000000e+00
    outer loop
      vertex   -1.374048e+01 -1.117422e+01 -8.863589e-15
      vertex   -2.507688e+01 -1.500033e+01 -1.256815e-14
      vertex   -1.314138e+01 -1.124696e+01 -8.844523e-15
    endloop
  endfacet
  facet normal -1.055680e-16 -6.563749e-16 1.000000e+00
    outer loop
      vertex   -1.314138e+01 -1.124696e+01 -8.844523e-15
      vertex   -2.507688e+01 -1.500033e+01 -1.256815e-14
      vertex   -2.539382e+01 -1.542003e+01 -1.287709e-14
    endloop
  endfacet
  facet normal -1.045544e-16 -6.593510e-16 1.000000e+00
    outer loop
      vertex   -1.314138e+01 -1.124696e+01 -8.844523e-15
      vertex   -2.539382e+01 -1.542003e+01 -1.287709e-14
      vertex   -2.578249e+01 -1.577435e+01 -1.315135e-14
    endloop
  endfacet
  facet normal -1.110223e-16 -6.522560e-16 1.000000e+00
    outer loop
      vertex   -2.622965e+01 -1.605122e+01 -1.338158e-14
      vertex   -3.000000e+01 -2.000000e+01 -1.637579e-14
      vertex   -2.578249e+01 -1.577435e+01 -1.315135e-14
    endloop
  endfacet
  facet normal -1.053173e-16 -6.579500e-16 1.000000e+00
    outer loop
      vertex   -2.578249e+01 -1.577435e+01 -1.315135e-14
      vertex   -3.000000e+01 -2.000000e+01 -1.637579e-14
      vertex   -1.253837e+01 -1.122266e+01 -8.761725e-15
    endloop
  endfacet
  facet normal -1.115202e-16 -6.399015e-16 1.000000e+00
    outer loop
      vertex   -2.578249e+01 -1.577435e+01 -1.315135e-14
      vertex   -1.253837e+01 -1.122266e+01 -8.761725e-15
      vertex   -1.314138e+01 -1.124696e+01 -8.844523e-15
    endloop
  endfacet
  facet normal -1.110223e-16 -6.522560e-16 1.000000e+00
    outer loop
      vertex   -2.622965e+01 -1.605122e+01 -1.338158e-14
      vertex   -2.672006e+01 -1.624120e+01 -1.355995e-14
      vertex   -3.000000e+01 -2.000000e+01 -1.637579e-14
    endloop
  endfacet
  facet normal -1.110223e-16 -6.522560e-16 1.000000e+00
    outer loop
      vertex   -3.000000e+01 -2.000000e+01 -1.637579e-14
      vertex   -2.672006e+01 -1.624120e+01 -1.355995e-14
      vertex   -2.723704e+01 -1.633784e+01 -1.368037e-14
    endloop
  endfacet
  facet normal -1.110223e-16 -6.522560e-16 1.000000e+00
    outer loop
      vertex   -3.000000e+01 -2.000000e+01 -1.637579e-14
      vertex   -2.723704e+01 -1.633784e+01 -1.368037e-14
      vertex   -2.776296e+01 -1.633784e+01 -1.373876e-14
    endloop
  endfacet
  facet normal -1.110223e-16 -6.522560e-16 1.000000e+00
    outer loop
      vertex   -2.776296e+01 -1.633784e+01 -1.373876e-14
      vertex   -2.827994e+01 -1.624120e+01 -1.373313e-14
      vertex   -3.000000e+01 -2.000000e+01 -1.637579e-14
    endloop
  endfacet
  facet normal -1.110223e-16 -6.522560e-16 1.000000e+00
    outer loop
      vertex   -3.000000e+01 -2.000000e+01 -1.637579e-14
      vertex   -2.827994e+01 -1.624120e+01 -1.373313e-14
      vertex   -3.062574e+01 -1.995075e+01 -1.641314e-14
    endloop
  endfacet
  facet normal -1.110223e-16 -6.522560e-16 1.000000e+00
    outer loop
      vertex   -3.062574e+01 -1.995075e+01 -1.641314e-14
      vertex   -2.827994e+01 -1.624120e+01 -1.373313e-14
      vertex   -3.123607e+01 -1.980423e+01 -1.638533e-14
    endloop
  endfacet
  facet normal -1.110223e-16 -6.522560e-16 1.000000e+00
    outer loop
      vertex   -3.123607e+01 -1.980423e+01 -1.638533e-14
      vertex   -2.827994e+01 -1.624120e+01 -1.373313e-14
      vertex   -3.181596e+01 -1.956403e+01 -1.629304e-14
    endloop
  endfacet
  facet normal -1.110223e-16 -6.522560e-16 1.000000e+00
    outer loop
      vertex   -3.181596e+01 -1.956403e+01 -1.629304e-14
      vertex   -2.827994e+01 -1.624120e+01 -1.373313e-14
      vertex   -3.235114e+01 -1.923607e+01 -1.613854e-14
    endloop
  endfacet
  facet normal -1.110223e-16 -6.522560e-16 1.000000e+00
    outer loop
      vertex   -3.235114e+01 -1.923607e+01 -1.613854e-14
      vertex   -2.827994e+01 -1.624120e+01 -1.373313e-14
      vertex   -3.282843e+01 -1.882843e+01 -1.592564e-14
    endloop
  endfacet
  facet normal -1.110223e-16 -6.522560e-16 1.000000e+00
    outer loop
      vertex   -3.282843e+01 -1.882843e+01 -1.592564e-14
      vertex   -2.827994e+01 -1.624120e+01 -1.373313e-14
      vertex   -3.323607e+01 -1.835114e+01 -1.565959e-14
    endloop
  endfacet
  facet normal -1.110223e-16 -6.522560e-16 1.000000e+00
    outer loop
      vertex   -3.323607e+01 -1.835114e+01 -1.565959e-14
      vertex   -2.827994e+01 -1.624120e+01 -1.373313e-14
      vertex   -2.877035e+01 -1.605122e+01 -1.366365e-14
    endloop
  endfacet
  facet normal -1.110223e-16 -6.522560e-16 1.000000e+00
    outer loop
      vertex   -3.323607e+01 -1.835114e+01 -1.565959e-14
      vertex   -2.877035e+01 -1.605122e+01 -1.366365e-14
      vertex   -3.356403e+01 -1.781596e+01 -1.534692e-14
    endloop
  endfacet
  facet normal -1.110223e-16 -6.522560e-16 1.000000e+00
    outer loop
      vertex   -3.356403e+01 -1.781596e+01 -1.534692e-14
      vertex   -2.877035e+01 -1.605122e+01 -1.366365e-14
      vertex   -3.380423e+01 -1.723607e+01 -1.499535e-14
    endloop
  endfacet
  facet normal -1.110223e-16 -6.522560e-16 1.000000e+00
    outer loop
      vertex   -3.380423e+01 -1.723607e+01 -1.499535e-14
      vertex   -2.877035e+01 -1.605122e+01 -1.366365e-14
      vertex   -2.921751e+01 -1.577435e+01 -1.353271e-14
    endloop
  endfacet
  facet normal -1.110223e-16 -6.522560e-16 1.000000e+00
    outer loop
      vertex   -3.380423e+01 -1.723607e+01 -1.499535e-14
      vertex   -2.921751e+01 -1.577435e+01 -1.353271e-14
      vertex   -3.395075e+01 -1.662574e+01 -1.461353e-14
    endloop
  endfacet
  facet normal -1.110223e-16 -6.522560e-16 1.000000e+00
    outer loop
      vertex   -3.395075e+01 -1.662574e+01 -1.461353e-14
      vertex   -2.921751e+01 -1.577435e+01 -1.353271e-14
      vertex   -2.960618e+01 -1.542003e+01 -1.334475e-14
    endloop
  endfacet
  facet normal -1.110223e-16 -6.522560e-16 1.000000e+00
    outer loop
      vertex   -3.395075e+01 -1.662574e+01 -1.461353e-14
      vertex   -2.960618e+01 -1.542003e+01 -1.334475e-14
      vertex   -3.400000e+01 -1.600000e+01 -1.421085e-14
    endloop
  endfacet
  facet normal -1.110223e-16 -6.522560e-16 1.000000e+00
    outer loop
      vertex   -3.400000e+01 -1.600000e+01 -1.421085e-14
      vertex   -2.960618e+01 -1.542003e+01 -1.334475e-14
      vertex   -2.992312e+01 -1.500033e+01 -1.310619e-14
    endloop
  endfacet
  facet normal -1.110223e-16 -6.522560e-16 1.000000e+00
    outer loop
      vertex   -3.400000e+01 -1.600000e+01 -1.421085e-14
      vertex   -2.992312e+01 -1.500033e+01 -1.310619e-14
      vertex   -3.015755e+01 -1.452954e+01 -1.282514e-14
    endloop
  endfacet
  facet normal -1.110223e-16 -6.522560e-16 1.000000e+00
    outer loop
      vertex   -3.015755e+01 -1.452954e+01 -1.282514e-14
      vertex   -3.030147e+01 -1.402369e+01 -1.251117e-14
      vertex   -3.400000e+01 -1.600000e+01 -1.421085e-14
    endloop
  endfacet
  facet normal -1.110223e-16 -6.522560e-16 1.000000e+00
    outer loop
      vertex   -3.400000e+01 -1.600000e+01 -1.421085e-14
      vertex   -3.030147e+01 -1.402369e+01 -1.251117e-14
      vertex   -3.035000e+01 -1.350000e+01 -1.217498e-14
    endloop
  endfacet
  facet normal -1.110223e-16 -6.522560e-16 1.000000e+00
    outer loop
      vertex   -3.400000e+01 -1.600000e+01 -1.421085e-14
      vertex   -3.035000e+01 -1.350000e+01 -1.217498e-14
      vertex   -3.030147e+01 -1.297631e+01 -1.182802e-14
    endloop
  endfacet
  facet normal -1.110223e-16 -6.522560e-16 1.000000e+00
    outer loop
      vertex   -3.030147e+01 -1.297631e+01 -1.182802e-14
      vertex   -3.015755e+01 -1.247046e+01 -1.148209e-14
      vertex   -3.400000e+01 -1.600000e+01 -1.421085e-14
    endloop
  endfacet
  facet normal -1.110223e-16 -6.522560e-16 1.000000e+00
    outer loop
      vertex   -3.400000e+01 -1.600000e+01 -1.421085e-14
      vertex   -3.015755e+01 -1.247046e+01 -1.148209e-14
      vertex   -2.992312e+01 -1.199967e+01 -1.114899e-14
    endloop
  endfacet
  facet normal -1.110223e-16 -6.522560e-16 1.000000e+00
    outer loop
      vertex   -3.400000e+01 -1.600000e+01 -1.421085e-14
      vertex   -2.992312e+01 -1.199967e+01 -1.114899e-14
      vertex   -2.960618e+01 -1.157997e+01 -1.084005e-14
    endloop
  endfacet
  facet normal -1.110223e-16 -6.522560e-16 1.000000e+00
    outer loop
      vertex   -2.921751e+01 -1.122565e+01 -1.056579e-14
      vertex   -2.960618e+01 1.157997e+01 4.266158e-15
      vertex   -2.960618e+01 -1.157997e+01 -1.084005e-14
    endloop
  endfacet
  facet normal -1.110223e-16 -6.522560e-16 1.000000e+00
    outer loop
      vertex   -2.960618e+01 -1.157997e+01 -1.084005e-14
      vertex   -2.960618e+01 1.157997e+01 4.266158e-15
      vertex   -3.400000e+01 1.600000e+01 6.661338e-15
    endloop
  endfacet
  facet normal -1.110223e-16 -6.522560e-16 1.000000e+00
    outer loop
      vertex   -2.960618e+01 -1.157997e+01 -1.084005e-14
      vertex   -3.400000e+01 1.600000e+01 6.661338e-15
      vertex   -3.400000e+01 -1.600000e+01 -1.421085e-14
    endloop
  endfacet
  facet normal -1.110223e-16 -6.522560e-16 1.000000e+00
    outer loop
      vertex   -2.960618e+01 1.157997e+01 4.266158e-15
      vertex   -2.921751e+01 -1.122565e+01 -1.056579e-14
      vertex   -2.921751e+01 1.122565e+01 4.078203e-15
    endloop
  endfacet
  facet normal -1.110223e-16 -6.522560e-16 1.000000e+00
    outer loop
      vertex   -2.921751e+01 1.122565e+01 4.078203e-15
      vertex   -2.921751e+01 -1.122565e+01 -1.056579e-14
      vertex   -2.877035e+01 -1.094878e+01 -1.033556e-14
    endloop
  endfacet
  facet normal -1.110223e-16 -6.522560e-16 1.000000e+00
    outer loop
      vertex   -2.921751e+01 1.122565e+01 4.078203e-15
      vertex   -2.877035e+01 -1.094878e+01 -1.033556e-14
      vertex   -2.877035e+01 1.094878e+01 3.947260e-15
    endloop
  endfacet
  facet normal -1.110223e-16 -6.522560e-16 1.000000e+00
    outer loop
      vertex   -2.877035e+01 1.094878e+01 3.947260e-15
      vertex   -2.877035e+01 -1.094878e+01 -1.033556e-14
      vertex   -2.827994e+01 -1.075880e+01 -1.015719e-14
    endloop
  endfacet
  facet normal -1.110223e-16 -6.522560e-16 1.000000e+00
    outer loop
      vertex   -2.877035e+01 1.094878e+01 3.947260e-15
      vertex   -2.827994e+01 -1.075880e+01 -1.015719e-14
      vertex   -2.827994e+01 1.075880e+01 3.877786e-15
    endloop
  endfacet
  facet normal -1.110223e-16 -6.522560e-16 1.000000e+00
    outer loop
      vertex   -2.827994e+01 1.075880e+01 3.877786e-15
      vertex   -2.827994e+01 -1.075880e+01 -1.015719e-14
      vertex   -2.776296e+01 -1.066216e+01 -1.003676e-14
    endloop
  endfacet
  facet normal -1.110223e-16 -6.522560e-16 1.000000e+00
    outer loop
      vertex   -2.827994e+01 1.075880e+01 3.877786e-15
      vertex   -2.776296e+01 -1.066216e+01 -1.003676e-14
      vertex   -2.776296e+01 1.066216e+01 3.872148e-15
    endloop
  endfacet
  facet normal -1.068738e-16 -6.522560e-16 1.000000e+00
    outer loop
      vertex   -2.776296e+01 1.066216e+01 3.872148e-15
      vertex   -2.776296e+01 -1.066216e+01 -1.003676e-14
      vertex   -1.579730e+01 -5.013290e+00 -5.073441e-15
    endloop
  endfacet
  facet normal -1.092673e-16 -6.540831e-16 1.000000e+00
    outer loop
      vertex   -2.776296e+01 1.066216e+01 3.872148e-15
      vertex   -1.579730e+01 -5.013290e+00 -5.073441e-15
      vertex   -1.536205e+01 -4.595232e+00 -4.752438e-15
    endloop
  endfacet
  facet normal -1.110223e-16 -6.415393e-16 1.000000e+00
    outer loop
      vertex   -2.723704e+01 -1.066216e+01 -9.978375e-15
      vertex   -1.644030e+01 -6.030125e+00 -5.808066e-15
      vertex   -2.776296e+01 -1.066216e+01 -1.003676e-14
    endloop
  endfacet
  facet normal -1.054395e-16 -6.551861e-16 1.000000e+00
    outer loop
      vertex   -2.776296e+01 -1.066216e+01 -1.003676e-14
      vertex   -1.644030e+01 -6.030125e+00 -5.808066e-15
      vertex   -1.615984e+01 -5.495753e+00 -5.428381e-15
    endloop
  endfacet
  facet normal -1.045929e-16 -6.570874e-16 1.000000e+00
    outer loop
      vertex   -2.776296e+01 -1.066216e+01 -1.003676e-14
      vertex   -1.615984e+01 -5.495753e+00 -5.428381e-15
      vertex   -1.579730e+01 -5.013290e+00 -5.073441e-15
    endloop
  endfacet
  facet normal -1.056560e-16 -6.540476e-16 1.000000e+00
    outer loop
      vertex   -1.644030e+01 -6.030125e+00 -5.808066e-15
      vertex   -2.723704e+01 -1.066216e+01 -9.978375e-15
      vertex   -1.663141e+01 -6.602566e+00 -6.202662e-15
    endloop
  endfacet
  facet normal -1.094865e-16 -6.440404e-16 1.000000e+00
    outer loop
      vertex   -1.663141e+01 -6.602566e+00 -6.202662e-15
      vertex   -2.723704e+01 -1.066216e+01 -9.978375e-15
      vertex   -2.672006e+01 -1.075880e+01 -9.984013e-15
    endloop
  endfacet
  facet normal -1.110223e-16 -6.522560e-16 1.000000e+00
    outer loop
      vertex   3.030147e+01 -1.297631e+01 -5.099740e-15
      vertex   3.035000e+01 -1.350000e+01 -5.435929e-15
      vertex   3.400000e+01 -1.600000e+01 -6.661338e-15
    endloop
  endfacet
  facet normal -1.110223e-16 -6.522560e-16 1.000000e+00
    outer loop
      vertex   3.400000e+01 -1.600000e+01 -6.661338e-15
      vertex   3.035000e+01 -1.350000e+01 -5.435929e-15
      vertex   3.030147e+01 -1.402369e+01 -5.782894e-15
    endloop
  endfacet
  facet normal -1.110223e-16 -6.522560e-16 1.000000e+00
    outer loop
      vertex   3.400000e+01 -1.600000e+01 -6.661338e-15
      vertex   3.030147e+01 -1.402369e+01 -5.782894e-15
      vertex   3.015755e+01 -1.452954e+01 -6.128819e-15
    endloop
  endfacet
  facet normal -1.110223e-16 -6.522560e-16 1.000000e+00
    outer loop
      vertex   3.015755e+01 -1.452954e+01 -6.128819e-15
      vertex   2.992312e+01 -1.500033e+01 -6.461923e-15
      vertex   3.400000e+01 -1.600000e+01 -6.661338e-15
    endloop
  endfacet
  facet normal -1.110223e-16 -6.522560e-16 1.000000e+00
    outer loop
      vertex   3.400000e+01 -1.600000e+01 -6.661338e-15
      vertex   2.992312e+01 -1.500033e+01 -6.461923e-15
      vertex   2.960618e+01 -1.542003e+01 -6.770863e-15
    endloop
  endfacet
  facet normal -1.110223e-16 -6.522560e-16 1.000000e+00
    outer loop
      vertex   3.400000e+01 -1.600000e+01 -6.661338e-15
      vertex   2.960618e+01 -1.542003e+01 -6.770863e-15
      vertex   3.395075e+01 -1.662574e+01 -7.074947e-15
    endloop
  endfacet
  facet normal -1.110223e-16 -6.522560e-16 1.000000e+00
    outer loop
      vertex   3.395075e+01 -1.662574e+01 -7.074947e-15
      vertex   2.960618e+01 -1.542003e+01 -6.770863e-15
      vertex   2.921751e+01 -1.577435e+01 -7.045119e-15
    endloop
  endfacet
  facet normal -1.110223e-16 -6.522560e-16 1.000000e+00
    outer loop
      vertex   3.395075e+01 -1.662574e+01 -7.074947e-15
      vertex   2.921751e+01 -1.577435e+01 -7.045119e-15
      vertex   3.380423e+01 -1.723607e+01 -7.489306e-15
    endloop
  endfacet
  facet normal -1.110223e-16 -6.522560e-16 1.000000e+00
    outer loop
      vertex   3.380423e+01 -1.723607e+01 -7.489306e-15
      vertex   2.921751e+01 -1.577435e+01 -7.045119e-15
      vertex   2.877035e+01 -1.605122e+01 -7.275351e-15
    endloop
  endfacet
  facet normal -1.110223e-16 -6.522560e-16 1.000000e+00
    outer loop
      vertex   3.380423e+01 -1.723607e+01 -7.489306e-15
      vertex   2.877035e+01 -1.605122e+01 -7.275351e-15
      vertex   3.356403e+01 -1.781596e+01 -7.894213e-15
    endloop
  endfacet
  facet normal -1.110223e-16 -6.522560e-16 1.000000e+00
    outer loop
      vertex   3.356403e+01 -1.781596e+01 -7.894213e-15
      vertex   2.877035e+01 -1.605122e+01 -7.275351e-15
      vertex   3.323607e+01 -1.835114e+01 -8.279698e-15
    endloop
  endfacet
  facet normal -1.110223e-16 -6.522560e-16 1.000000e+00
    outer loop
      vertex   3.323607e+01 -1.835114e+01 -8.279698e-15
      vertex   2.877035e+01 -1.605122e+01 -7.275351e-15
      vertex   2.827994e+01 -1.624120e+01 -7.453719e-15
    endloop
  endfacet
  facet normal -1.110223e-16 -6.522560e-16 1.000000e+00
    outer loop
      vertex   3.323607e+01 -1.835114e+01 -8.279698e-15
      vertex   2.827994e+01 -1.624120e+01 -7.453719e-15
      vertex   3.282843e+01 -1.882843e+01 -8.636268e-15
    endloop
  endfacet
  facet normal -1.110223e-16 -6.522560e-16 1.000000e+00
    outer loop
      vertex   3.282843e+01 -1.882843e+01 -8.636268e-15
      vertex   2.827994e+01 -1.624120e+01 -7.453719e-15
      vertex   3.235114e+01 -1.923607e+01 -8.955143e-15
    endloop
  endfacet
  facet normal -1.110223e-16 -6.522560e-16 1.000000e+00
    outer loop
      vertex   3.235114e+01 -1.923607e+01 -8.955143e-15
      vertex   2.827994e+01 -1.624120e+01 -7.453719e-15
      vertex   3.181596e+01 -1.956403e+01 -9.228473e-15
    endloop
  endfacet
  facet normal -1.110223e-16 -6.522560e-16 1.000000e+00
    outer loop
      vertex   3.181596e+01 -1.956403e+01 -9.228473e-15
      vertex   2.827994e+01 -1.624120e+01 -7.453719e-15
      vertex   3.123607e+01 -1.980423e+01 -9.449526e-15
    endloop
  endfacet
  facet normal -1.110223e-16 -6.522560e-16 1.000000e+00
    outer loop
      vertex   2.776296e+01 1.066216e+01 1.003676e-14
      vertex   2.776296e+01 -1.066216e+01 -3.872148e-15
      vertex   2.827994e+01 1.075880e+01 1.015719e-14
    endloop
  endfacet
  facet normal -1.110223e-16 -6.522560e-16 1.000000e+00
    outer loop
      vertex   2.827994e+01 1.075880e+01 1.015719e-14
      vertex   2.776296e+01 -1.066216e+01 -3.872148e-15
      vertex   2.827994e+01 -1.075880e+01 -3.877786e-15
    endloop
  endfacet
  facet normal -1.110223e-16 -6.522560e-16 1.000000e+00
    outer loop
      vertex   2.827994e+01 1.075880e+01 1.015719e-14
      vertex   2.827994e+01 -1.075880e+01 -3.877786e-15
      vertex   2.877035e+01 1.094878e+01 1.033556e-14
    endloop
  endfacet
  facet normal -1.110223e-16 -6.522560e-16 1.000000e+00
    outer loop
      vertex   2.877035e+01 1.094878e+01 1.033556e-14
      vertex   2.827994e+01 -1.075880e+01 -3.877786e-15
      vertex   2.877035e+01 -1.094878e+01 -3.947260e-15
    endloop
  endfacet
  facet normal -1.110223e-16 -6.522560e-16 1.000000e+00
    outer loop
      vertex   2.877035e+01 1.094878e+01 1.033556e-14
      vertex   2.877035e+01 -1.094878e+01 -3.947260e-15
      vertex   2.921751e+01 1.122565e+01 1.056579e-14
    endloop
  endfacet
  facet normal -1.110223e-16 -6.522560e-16 1.000000e+00
    outer loop
      vertex   2.921751e+01 1.122565e+01 1.056579e-14
      vertex   2.877035e+01 -1.094878e+01 -3.947260e-15
      vertex   2.921751e+01 -1.122565e+01 -4.078203e-15
    endloop
  endfacet
  facet normal -1.110223e-16 -6.522560e-16 1.000000e+00
    outer loop
      vertex   2.921751e+01 1.122565e+01 1.056579e-14
      vertex   2.921751e+01 -1.122565e+01 -4.078203e-15
      vertex   2.960618e+01 1.157997e+01 1.084005e-14
    endloop
  endfacet
  facet normal -1.110223e-16 -6.522560e-16 1.000000e+00
    outer loop
      vertex   2.960618e+01 1.157997e+01 1.084005e-14
      vertex   2.921751e+01 -1.122565e+01 -4.078203e-15
      vertex   2.960618e+01 -1.157997e+01 -4.266158e-15
    endloop
  endfacet
  facet normal -1.110223e-16 -6.522560e-16 1.000000e+00
    outer loop
      vertex   2.960618e+01 1.157997e+01 1.084005e-14
      vertex   2.960618e+01 -1.157997e+01 -4.266158e-15
      vertex   3.400000e+01 1.600000e+01 1.421085e-14
    endloop
  endfacet
  facet normal -1.110223e-16 -6.522560e-16 1.000000e+00
    outer loop
      vertex   3.400000e+01 1.600000e+01 1.421085e-14
      vertex   2.960618e+01 -1.157997e+01 -4.266158e-15
      vertex   3.400000e+01 -1.600000e+01 -6.661338e-15
    endloop
  endfacet
  facet normal -1.110223e-16 -6.522560e-16 1.000000e+00
    outer loop
      vertex   3.400000e+01 -1.600000e+01 -6.661338e-15
      vertex   2.960618e+01 -1.157997e+01 -4.266158e-15
      vertex   2.992312e+01 -1.199967e+01 -4.504722e-15
    endloop
  endfacet
  facet normal -1.110223e-16 -6.522560e-16 1.000000e+00
    outer loop
      vertex   3.400000e+01 -1.600000e+01 -6.661338e-15
      vertex   2.992312e+01 -1.199967e+01 -4.504722e-15
      vertex   3.015755e+01 -1.247046e+01 -4.785773e-15
    endloop
  endfacet
  facet normal -1.110223e-16 -6.522560e-16 1.000000e+00
    outer loop
      vertex   3.015755e+01 -1.247046e+01 -4.785773e-15
      vertex   3.030147e+01 -1.297631e+01 -5.099740e-15
      vertex   3.400000e+01 -1.600000e+01 -6.661338e-15
    endloop
  endfacet
  facet normal -1.077107e-16 -6.525629e-16 1.000000e+00
    outer loop
      vertex   -2.469853e+01 1.297631e+01 5.721792e-15
      vertex   -3.641032e+00 1.410257e+01 8.724859e-15
      vertex   -2.465000e+01 1.350000e+01 6.068757e-15
    endloop
  endfacet
  facet normal -1.077348e-16 -6.517218e-16 1.000000e+00
    outer loop
      vertex   -2.465000e+01 1.350000e+01 6.068757e-15
      vertex   -3.641032e+00 1.410257e+01 8.724859e-15
      vertex   -3.737840e+00 1.469825e+01 9.102650e-15
    endloop
  endfacet
  facet normal -1.077217e-16 -6.519502e-16 1.000000e+00
    outer loop
      vertex   -2.465000e+01 1.350000e+01 6.068757e-15
      vertex   -3.737840e+00 1.469825e+01 9.102650e-15
      vertex   -2.469853e+01 1.402369e+01 6.404946e-15
    endloop
  endfacet
  facet normal -1.077119e-16 -6.522560e-16 1.000000e+00
    outer loop
      vertex   -2.469853e+01 1.402369e+01 6.404946e-15
      vertex   -3.737840e+00 1.469825e+01 9.102650e-15
      vertex   -3.737840e+00 1.530175e+01 9.496286e-15
    endloop
  endfacet
  facet normal -1.077683e-16 -6.513302e-16 1.000000e+00
    outer loop
      vertex   -2.469853e+01 1.402369e+01 6.404946e-15
      vertex   -3.737840e+00 1.530175e+01 9.496286e-15
      vertex   -2.484245e+01 1.452954e+01 6.718913e-15
    endloop
  endfacet
  facet normal -1.077148e-16 -6.527936e-16 1.000000e+00
    outer loop
      vertex   -2.484245e+01 1.452954e+01 6.718913e-15
      vertex   -3.737840e+00 1.530175e+01 9.496286e-15
      vertex   -3.641032e+00 1.589743e+01 9.895572e-15
    endloop
  endfacet
  facet normal -1.078513e-16 -6.506771e-16 1.000000e+00
    outer loop
      vertex   -2.484245e+01 1.452954e+01 6.718913e-15
      vertex   -3.641032e+00 1.589743e+01 9.895572e-15
      vertex   -2.507688e+01 1.500033e+01 6.999964e-15
    endloop
  endfacet
  facet normal -1.077394e-16 -6.533520e-16 1.000000e+00
    outer loop
      vertex   -2.507688e+01 1.500033e+01 6.999964e-15
      vertex   -3.641032e+00 1.589743e+01 9.895572e-15
      vertex   -3.449923e+00 1.646988e+01 1.029017e-14
    endloop
  endfacet
  facet normal -1.079704e-16 -6.499514e-16 1.000000e+00
    outer loop
      vertex   -2.507688e+01 1.500033e+01 6.999964e-15
      vertex   -3.449923e+00 1.646988e+01 1.029017e-14
      vertex   -2.539382e+01 1.542003e+01 7.238528e-15
    endloop
  endfacet
  facet normal -1.077787e-16 -6.539584e-16 1.000000e+00
    outer loop
      vertex   -2.539382e+01 1.542003e+01 7.238528e-15
      vertex   -3.449923e+00 1.646988e+01 1.029017e-14
      vertex   -3.169463e+00 1.700425e+01 1.066985e-14
    endloop
  endfacet
  facet normal -1.081265e-16 -6.490795e-16 1.000000e+00
    outer loop
      vertex   -2.539382e+01 1.542003e+01 7.238528e-15
      vertex   -3.169463e+00 1.700425e+01 1.066985e-14
      vertex   -2.578249e+01 1.577435e+01 7.426483e-15
    endloop
  endfacet
  facet normal -1.078230e-16 -6.546601e-16 1.000000e+00
    outer loop
      vertex   -2.578249e+01 1.577435e+01 7.426483e-15
      vertex   -3.169463e+00 1.700425e+01 1.066985e-14
      vertex   -2.806915e+00 1.748671e+01 1.102479e-14
    endloop
  endfacet
  facet normal -1.083267e-16 -6.479024e-16 1.000000e+00
    outer loop
      vertex   -2.578249e+01 1.577435e+01 7.426483e-15
      vertex   -2.806915e+00 1.748671e+01 1.102479e-14
      vertex   -2.622965e+01 1.605122e+01 7.557426e-15
    endloop
  endfacet
  facet normal -1.082236e-16 -6.495838e-16 1.000000e+00
    outer loop
      vertex   -2.622965e+01 1.605122e+01 7.557426e-15
      vertex   -2.806915e+00 1.748671e+01 1.102479e-14
      vertex   -3.000000e+01 2.000000e+01 9.714451e-15
    endloop
  endfacet
  facet normal -1.110223e-16 -6.522560e-16 1.000000e+00
    outer loop
      vertex   -2.622965e+01 1.605122e+01 7.557426e-15
      vertex   -3.000000e+01 2.000000e+01 9.714451e-15
      vertex   -2.672006e+01 1.624120e+01 7.626900e-15
    endloop
  endfacet
  facet normal -1.110223e-16 -6.522560e-16 1.000000e+00
    outer loop
      vertex   -2.672006e+01 1.624120e+01 7.626900e-15
      vertex   -3.000000e+01 2.000000e+01 9.714451e-15
      vertex   -2.723704e+01 1.633784e+01 7.632538e-15
    endloop
  endfacet
  facet normal -1.110223e-16 -6.522560e-16 1.000000e+00
    outer loop
      vertex   -2.723704e+01 1.633784e+01 7.632538e-15
      vertex   -3.000000e+01 2.000000e+01 9.714451e-15
      vertex   -2.776296e+01 1.633784e+01 7.574148e-15
    endloop
  endfacet
  facet normal -1.110223e-16 -6.522560e-16 1.000000e+00
    outer loop
      vertex   -2.776296e+01 1.633784e+01 7.574148e-15
      vertex   -3.000000e+01 2.000000e+01 9.714451e-15
      vertex   -2.827994e+01 1.624120e+01 7.453719e-15
    endloop
  endfacet
  facet normal -1.110223e-16 -6.522560e-16 1.000000e+00
    outer loop
      vertex   -2.827994e+01 1.624120e+01 7.453719e-15
      vertex   -3.000000e+01 2.000000e+01 9.714451e-15
      vertex   -3.062574e+01 1.995075e+01 9.612859e-15
    endloop
  endfacet
  facet normal -1.110223e-16 -6.522560e-16 1.000000e+00
    outer loop
      vertex   -2.827994e+01 1.624120e+01 7.453719e-15
      vertex   -3.062574e+01 1.995075e+01 9.612859e-15
      vertex   -3.123607e+01 1.980423e+01 9.449526e-15
    endloop
  endfacet
  facet normal -1.095614e-16 -6.543725e-16 1.000000e+00
    outer loop
      vertex   -1.486538e+01 -4.252405e+00 -4.473686e-15
      vertex   -2.723704e+01 1.066216e+01 3.930538e-15
      vertex   -1.536205e+01 -4.595232e+00 -4.752438e-15
    endloop
  endfacet
  facet normal -1.110223e-16 -6.555095e-16 1.000000e+00
    outer loop
      vertex   -1.536205e+01 -4.595232e+00 -4.752438e-15
      vertex   -2.723704e+01 1.066216e+01 3.930538e-15
      vertex   -2.776296e+01 1.066216e+01 3.872148e-15
    endloop
  endfacet
  facet normal -1.110223e-16 -6.522560e-16 1.000000e+00
    outer loop
      vertex   -2.960618e+01 1.157997e+01 4.266158e-15
      vertex   -2.992312e+01 1.199967e+01 4.504722e-15
      vertex   -3.400000e+01 1.600000e+01 6.661338e-15
    endloop
  endfacet
  facet normal -1.110223e-16 -6.522560e-16 1.000000e+00
    outer loop
      vertex   -3.400000e+01 1.600000e+01 6.661338e-15
      vertex   -2.992312e+01 1.199967e+01 4.504722e-15
      vertex   -3.015755e+01 1.247046e+01 4.785773e-15
    endloop
  endfacet
  facet normal -1.110223e-16 -6.522560e-16 1.000000e+00
    outer loop
      vertex   -3.400000e+01 1.600000e+01 6.661338e-15
      vertex   -3.015755e+01 1.247046e+01 4.785773e-15
      vertex   -3.030147e+01 1.297631e+01 5.099740e-15
    endloop
  endfacet
  facet normal -1.110223e-16 -6.522560e-16 1.000000e+00
    outer loop
      vertex   -3.030147e+01 1.297631e+01 5.099740e-15
      vertex   -3.035000e+01 1.350000e+01 5.435929e-15
      vertex   -3.400000e+01 1.600000e+01 6.661338e-15
    endloop
  endfacet
  facet normal -1.110223e-16 -6.522560e-16 1.000000e+00
    outer loop
      vertex   -3.400000e+01 1.600000e+01 6.661338e-15
      vertex   -3.035000e+01 1.350000e+01 5.435929e-15
      vertex   -3.030147e+01 1.402369e+01 5.782894e-15
    endloop
  endfacet
  facet normal -1.110223e-16 -6.522560e-16 1.000000e+00
    outer loop
      vertex   -3.400000e+01 1.600000e+01 6.661338e-15
      vertex   -3.030147e+01 1.402369e+01 5.782894e-15
      vertex   -3.015755e+01 1.452954e+01 6.128819e-15
    endloop
  endfacet
  facet normal -1.110223e-16 -6.522560e-16 1.000000e+00
    outer loop
      vertex   -3.015755e+01 1.452954e+01 6.128819e-15
      vertex   -2.992312e+01 1.500033e+01 6.461923e-15
      vertex   -3.400000e+01 1.600000e+01 6.661338e-15
    endloop
  endfacet
  facet normal -1.110223e-16 -6.522560e-16 1.000000e+00
    outer loop
      vertex   -3.400000e+01 1.600000e+01 6.661338e-15
      vertex   -2.992312e+01 1.500033e+01 6.461923e-15
      vertex   -2.960618e+01 1.542003e+01 6.770863e-15
    endloop
  endfacet
  facet normal -1.110223e-16 -6.522560e-16 1.000000e+00
    outer loop
      vertex   -3.400000e+01 1.600000e+01 6.661338e-15
      vertex   -2.960618e+01 1.542003e+01 6.770863e-15
      vertex   -3.395075e+01 1.662574e+01 7.074947e-15
    endloop
  endfacet
  facet normal -1.110223e-16 -6.522560e-16 1.000000e+00
    outer loop
      vertex   -3.395075e+01 1.662574e+01 7.074947e-15
      vertex   -2.960618e+01 1.542003e+01 6.770863e-15
      vertex   -2.921751e+01 1.577435e+01 7.045119e-15
    endloop
  endfacet
  facet normal -1.110223e-16 -6.522560e-16 1.000000e+00
    outer loop
      vertex   -3.395075e+01 1.662574e+01 7.074947e-15
      vertex   -2.921751e+01 1.577435e+01 7.045119e-15
      vertex   -3.380423e+01 1.723607e+01 7.489306e-15
    endloop
  endfacet
  facet normal -1.110223e-16 -6.522560e-16 1.000000e+00
    outer loop
      vertex   -3.380423e+01 1.723607e+01 7.489306e-15
      vertex   -2.921751e+01 1.577435e+01 7.045119e-15
      vertex   -2.877035e+01 1.605122e+01 7.275351e-15
    endloop
  endfacet
  facet normal -1.110223e-16 -6.522560e-16 1.000000e+00
    outer loop
      vertex   -3.380423e+01 1.723607e+01 7.489306e-15
      vertex   -2.877035e+01 1.605122e+01 7.275351e-15
      vertex   -3.356403e+01 1.781596e+01 7.894213e-15
    endloop
  endfacet
  facet normal -1.110223e-16 -6.522560e-16 1.000000e+00
    outer loop
      vertex   -3.356403e+01 1.781596e+01 7.894213e-15
      vertex   -2.877035e+01 1.605122e+01 7.275351e-15
      vertex   -3.323607e+01 1.835114e+01 8.279698e-15
    endloop
  endfacet
  facet normal -1.110223e-16 -6.522560e-16 1.000000e+00
    outer loop
      vertex   -3.323607e+01 1.835114e+01 8.279698e-15
      vertex   -2.877035e+01 1.605122e+01 7.275351e-15
      vertex   -2.827994e+01 1.624120e+01 7.453719e-15
    endloop
  endfacet
  facet normal -1.110223e-16 -6.522560e-16 1.000000e+00
    outer loop
      vertex   -3.323607e+01 1.835114e+01 8.279698e-15
      vertex   -2.827994e+01 1.624120e+01 7.453719e-15
      vertex   -3.282843e+01 1.882843e+01 8.636268e-15
    endloop
  endfacet
  facet normal -1.110223e-16 -6.522560e-16 1.000000e+00
    outer loop
      vertex   -3.282843e+01 1.882843e+01 8.636268e-15
      vertex   -2.827994e+01 1.624120e+01 7.453719e-15
      vertex   -3.235114e+01 1.923607e+01 8.955143e-15
    endloop
  endfacet
  facet normal -1.110223e-16 -6.522560e-16 1.000000e+00
    outer loop
      vertex   -3.235114e+01 1.923607e+01 8.955143e-15
      vertex   -2.827994e+01 1.624120e+01 7.453719e-15
      vertex   -3.181596e+01 1.956403e+01 9.228473e-15
    endloop
  endfacet
  facet normal -1.110223e-16 -6.522560e-16 1.000000e+00
    outer loop
      vertex   -3.181596e+01 1.956403e+01 9.228473e-15
      vertex   -2.827994e+01 1.624120e+01 7.453719e-15
      vertex   -3.123607e+01 1.980423e+01 9.449526e-15
    endloop
  endfacet
  facet normal -1.110223e-16 -6.522560e-16 1.000000e+00
    outer loop
      vertex   3.030147e+01 1.402369e+01 1.251117e-14
      vertex   3.035000e+01 1.350000e+01 1.217498e-14
      vertex   3.400000e+01 1.600000e+01 1.421085e-14
    endloop
  endfacet
  facet normal -1.110223e-16 -6.522560e-16 1.000000e+00
    outer loop
      vertex   3.400000e+01 1.600000e+01 1.421085e-14
      vertex   3.035000e+01 1.350000e+01 1.217498e-14
      vertex   3.030147e+01 1.297631e+01 1.182802e-14
    endloop
  endfacet
  facet normal -1.110223e-16 -6.522560e-16 1.000000e+00
    outer loop
      vertex   3.400000e+01 1.600000e+01 1.421085e-14
      vertex   3.030147e+01 1.297631e+01 1.182802e-14
      vertex   3.015755e+01 1.247046e+01 1.148209e-14
    endloop
  endfacet
  facet normal -1.110223e-16 -6.522560e-16 1.000000e+00
    outer loop
      vertex   3.015755e+01 1.247046e+01 1.148209e-14
      vertex   2.992312e+01 1.199967e+01 1.114899e-14
      vertex   3.400000e+01 1.600000e+01 1.421085e-14
    endloop
  endfacet
  facet normal -1.110223e-16 -6.522560e-16 1.000000e+00
    outer loop
      vertex   3.400000e+01 1.600000e+01 1.421085e-14
      vertex   2.992312e+01 1.199967e+01 1.114899e-14
      vertex   2.960618e+01 1.157997e+01 1.084005e-14
    endloop
  endfacet
  facet normal -1.143000e-16 -6.514481e-16 1.000000e+00
    outer loop
      vertex   3.557012e+00 1.381250e+01 9.334802e-15
      vertex   2.465000e+01 1.350000e+01 1.154216e-14
      vertex   3.701438e+00 1.439846e+01 9.733034e-15
    endloop
  endfacet
  facet normal -1.143215e-16 -6.519503e-16 1.000000e+00
    outer loop
      vertex   3.701438e+00 1.439846e+01 9.733034e-15
      vertex   2.465000e+01 1.350000e+01 1.154216e-14
      vertex   2.469853e+01 1.402369e+01 1.188912e-14
    endloop
  endfacet
  facet normal -1.143222e-16 -6.519896e-16 1.000000e+00
    outer loop
      vertex   3.701438e+00 1.439846e+01 9.733034e-15
      vertex   2.469853e+01 1.402369e+01 1.188912e-14
      vertex   3.750000e+00 1.500000e+01 1.013079e-14
    endloop
  endfacet
  facet normal -1.142913e-16 -6.513259e-16 1.000000e+00
    outer loop
      vertex   3.750000e+00 1.500000e+01 1.013079e-14
      vertex   2.469853e+01 1.402369e+01 1.188912e-14
      vertex   2.484245e+01 1.452954e+01 1.223505e-14
    endloop
  endfacet
  facet normal -1.143180e-16 -6.525221e-16 1.000000e+00
    outer loop
      vertex   3.750000e+00 1.500000e+01 1.013079e-14
      vertex   2.484245e+01 1.452954e+01 1.223505e-14
      vertex   3.701438e+00 1.560154e+01 1.051775e-14
    endloop
  endfacet
  facet normal -1.142237e-16 -6.506619e-16 1.000000e+00
    outer loop
      vertex   3.701438e+00 1.560154e+01 1.051775e-14
      vertex   2.484245e+01 1.452954e+01 1.223505e-14
      vertex   2.507688e+01 1.500033e+01 1.256815e-14
    endloop
  endfacet
  facet normal -1.142912e-16 -6.530617e-16 1.000000e+00
    outer loop
      vertex   3.701438e+00 1.560154e+01 1.051775e-14
      vertex   2.507688e+01 1.500033e+01 1.256815e-14
      vertex   3.557012e+00 1.618751e+01 1.088392e-14
    endloop
  endfacet
  facet normal -1.141178e-16 -6.499184e-16 1.000000e+00
    outer loop
      vertex   3.557012e+00 1.618751e+01 1.088392e-14
      vertex   2.507688e+01 1.500033e+01 1.256815e-14
      vertex   2.539382e+01 1.542003e+01 1.287709e-14
    endloop
  endfacet
  facet normal -1.142482e-16 -6.536305e-16 1.000000e+00
    outer loop
      vertex   3.557012e+00 1.618751e+01 1.088392e-14
      vertex   2.539382e+01 1.542003e+01 1.287709e-14
      vertex   3.320460e+00 1.674271e+01 1.121979e-14
    endloop
  endfacet
  facet normal -1.142897e-16 -6.543222e-16 1.000000e+00
    outer loop
      vertex   3.320460e+00 1.674271e+01 1.121979e-14
      vertex   2.539382e+01 1.542003e+01 1.287709e-14
      vertex   2.997910e+00 1.725278e+01 1.151668e-14
    endloop
  endfacet
  facet normal -1.138654e-16 -6.491373e-16 1.000000e+00
    outer loop
      vertex   2.997910e+00 1.725278e+01 1.151668e-14
      vertex   2.539382e+01 1.542003e+01 1.287709e-14
      vertex   2.578249e+01 1.577435e+01 1.315135e-14
    endloop
  endfacet
  facet normal -1.142535e-16 -6.551186e-16 1.000000e+00
    outer loop
      vertex   2.997910e+00 1.725278e+01 1.151668e-14
      vertex   2.578249e+01 1.577435e+01 1.315135e-14
      vertex   2.597716e+00 1.770451e+01 1.176689e-14
    endloop
  endfacet
  facet normal -1.136605e-16 -6.479953e-16 1.000000e+00
    outer loop
      vertex   2.597716e+00 1.770451e+01 1.176689e-14
      vertex   2.578249e+01 1.577435e+01 1.315135e-14
      vertex   2.622965e+01 1.605122e+01 1.338158e-14
    endloop
  endfacet
  facet normal -1.137747e-16 -6.496280e-16 1.000000e+00
    outer loop
      vertex   2.597716e+00 1.770451e+01 1.176689e-14
      vertex   2.622965e+01 1.605122e+01 1.338158e-14
      vertex   3.000000e+01 2.000000e+01 1.637579e-14
    endloop
  endfacet
  facet normal -1.110223e-16 -6.522560e-16 1.000000e+00
    outer loop
      vertex   3.000000e+01 2.000000e+01 1.637579e-14
      vertex   2.622965e+01 1.605122e+01 1.338158e-14
      vertex   2.672006e+01 1.624120e+01 1.355995e-14
    endloop
  endfacet
  facet normal -1.110223e-16 -6.522560e-16 1.000000e+00
    outer loop
      vertex   3.000000e+01 2.000000e+01 1.637579e-14
      vertex   2.672006e+01 1.624120e+01 1.355995e-14
      vertex   2.723704e+01 1.633784e+01 1.368037e-14
    endloop
  endfacet
  facet normal -1.110223e-16 -6.522560e-16 1.000000e+00
    outer loop
      vertex   2.723704e+01 1.633784e+01 1.368037e-14
      vertex   2.776296e+01 1.633784e+01 1.373876e-14
      vertex   3.000000e+01 2.000000e+01 1.637579e-14
    endloop
  endfacet
  facet normal -1.110223e-16 -6.522560e-16 1.000000e+00
    outer loop
      vertex   3.000000e+01 2.000000e+01 1.637579e-14
      vertex   2.776296e+01 1.633784e+01 1.373876e-14
      vertex   2.827994e+01 1.624120e+01 1.373313e-14
    endloop
  endfacet
  facet normal -1.110223e-16 -6.522560e-16 1.000000e+00
    outer loop
      vertex   3.000000e+01 2.000000e+01 1.637579e-14
      vertex   2.827994e+01 1.624120e+01 1.373313e-14
      vertex   3.062574e+01 1.995075e+01 1.641314e-14
    endloop
  endfacet
  facet normal -1.110223e-16 -6.522560e-16 1.000000e+00
    outer loop
      vertex   3.062574e+01 1.995075e+01 1.641314e-14
      vertex   2.827994e+01 1.624120e+01 1.373313e-14
      vertex   3.123607e+01 1.980423e+01 1.638533e-14
    endloop
  endfacet
  facet normal -1.110223e-16 -6.522560e-16 1.000000e+00
    outer loop
      vertex   3.123607e+01 1.980423e+01 1.638533e-14
      vertex   2.827994e+01 1.624120e+01 1.373313e-14
      vertex   3.181596e+01 1.956403e+01 1.629304e-14
    endloop
  endfacet
  facet normal -1.110223e-16 -6.522560e-16 1.000000e+00
    outer loop
      vertex   3.181596e+01 1.956403e+01 1.629304e-14
      vertex   2.827994e+01 1.624120e+01 1.373313e-14
      vertex   3.235114e+01 1.923607e+01 1.613854e-14
    endloop
  endfacet
  facet normal -1.110223e-16 -6.522560e-16 1.000000e+00
    outer loop
      vertex   3.235114e+01 1.923607e+01 1.613854e-14
      vertex   2.827994e+01 1.624120e+01 1.373313e-14
      vertex   3.282843e+01 1.882843e+01 1.592564e-14
    endloop
  endfacet
  facet normal -1.110223e-16 -6.522560e-16 1.000000e+00
    outer loop
      vertex   3.282843e+01 1.882843e+01 1.592564e-14
      vertex   2.827994e+01 1.624120e+01 1.373313e-14
      vertex   3.323607e+01 1.835114e+01 1.565959e-14
    endloop
  endfacet
  facet normal -1.110223e-16 -6.522560e-16 1.000000e+00
    outer loop
      vertex   3.323607e+01 1.835114e+01 1.565959e-14
      vertex   2.827994e+01 1.624120e+01 1.373313e-14
      vertex   2.877035e+01 1.605122e+01 1.366365e-14
    endloop
  endfacet
  facet normal -1.110223e-16 -6.522560e-16 1.000000e+00
    outer loop
      vertex   3.323607e+01 1.835114e+01 1.565959e-14
      vertex   2.877035e+01 1.605122e+01 1.366365e-14
      vertex   3.356403e+01 1.781596e+01 1.534692e-14
    endloop
  endfacet
  facet normal -1.110223e-16 -6.522560e-16 1.000000e+00
    outer loop
      vertex   3.356403e+01 1.781596e+01 1.534692e-14
      vertex   2.877035e+01 1.605122e+01 1.366365e-14
      vertex   3.380423e+01 1.723607e+01 1.499535e-14
    endloop
  endfacet
  facet normal -1.110223e-16 -6.522560e-16 1.000000e+00
    outer loop
      vertex   3.380423e+01 1.723607e+01 1.499535e-14
      vertex   2.877035e+01 1.605122e+01 1.366365e-14
      vertex   2.921751e+01 1.577435e+01 1.353271e-14
    endloop
  endfacet
  facet normal -1.110223e-16 -6.522560e-16 1.000000e+00
    outer loop
      vertex   3.380423e+01 1.723607e+01 1.499535e-14
      vertex   2.921751e+01 1.577435e+01 1.353271e-14
      vertex   3.395075e+01 1.662574e+01 1.461353e-14
    endloop
  endfacet
  facet normal -1.110223e-16 -6.522560e-16 1.000000e+00
    outer loop
      vertex   3.395075e+01 1.662574e+01 1.461353e-14
      vertex   2.921751e+01 1.577435e+01 1.353271e-14
      vertex   2.960618e+01 1.542003e+01 1.334475e-14
    endloop
  endfacet
  facet normal -1.110223e-16 -6.522560e-16 1.000000e+00
    outer loop
      vertex   3.395075e+01 1.662574e+01 1.461353e-14
      vertex   2.960618e+01 1.542003e+01 1.334475e-14
      vertex   3.400000e+01 1.600000e+01 1.421085e-14
    endloop
  endfacet
  facet normal -1.110223e-16 -6.522560e-16 1.000000e+00
    outer loop
      vertex   3.400000e+01 1.600000e+01 1.421085e-14
      vertex   2.960618e+01 1.542003e+01 1.334475e-14
      vertex   2.992312e+01 1.500033e+01 1.310619e-14
    endloop
  endfacet
  facet normal -1.110223e-16 -6.522560e-16 1.000000e+00
    outer loop
      vertex   3.400000e+01 1.600000e+01 1.421085e-14
      vertex   2.992312e+01 1.500033e+01 1.310619e-14
      vertex   3.015755e+01 1.452954e+01 1.282514e-14
    endloop
  endfacet
  facet normal -1.110223e-16 -6.522560e-16 1.000000e+00
    outer loop
      vertex   3.015755e+01 1.452954e+01 1.282514e-14
      vertex   3.030147e+01 1.402369e+01 1.251117e-14
      vertex   3.400000e+01 1.600000e+01 1.421085e-14
    endloop
  endfacet
  facet normal -1.110223e-16 -7.076326e-16 1.000000e+00
    outer loop
      vertex   -3.000000e+01 2.000000e+01 9.714451e-15
      vertex   -1.509973e-01 1.874696e+01 1.214166e-14
      vertex   3.000000e+01 2.000000e+01 1.637579e-14
    endloop
  endfacet
  facet normal -1.121553e-16 -6.803706e-16 1.000000e+00
    outer loop
      vertex   3.000000e+01 2.000000e+01 1.637579e-14
      vertex   -1.509973e-01 1.874696e+01 1.214166e-14
      vertex   4.520126e-01 1.872266e+01 1.219276e-14
    endloop
  endfacet
  facet normal -1.129603e-16 -6.617489e-16 1.000000e+00
    outer loop
      vertex   3.000000e+01 2.000000e+01 1.637579e-14
      vertex   4.520126e-01 1.872266e+01 1.219276e-14
      vertex   1.043315e+00 1.860194e+01 1.217967e-14
    endloop
  endfacet
  facet normal -1.086946e-16 -6.546795e-16 1.000000e+00
    outer loop
      vertex   -2.806915e+00 1.748671e+01 1.102479e-14
      vertex   -2.371670e+00 1.790477e+01 1.134580e-14
      vertex   -3.000000e+01 2.000000e+01 9.714451e-15
    endloop
  endfacet
  facet normal -1.087594e-16 -6.555344e-16 1.000000e+00
    outer loop
      vertex   -3.000000e+01 2.000000e+01 9.714451e-15
      vertex   -2.371670e+00 1.790477e+01 1.134580e-14
      vertex   -1.875000e+00 1.824760e+01 1.162455e-14
    endloop
  endfacet
  facet normal -1.088415e-16 -6.568520e-16 1.000000e+00
    outer loop
      vertex   -3.000000e+01 2.000000e+01 9.714451e-15
      vertex   -1.875000e+00 1.824760e+01 1.162455e-14
      vertex   -1.329768e+00 1.850631e+01 1.185383e-14
    endloop
  endfacet
  facet normal -1.089710e-16 -6.593379e-16 1.000000e+00
    outer loop
      vertex   -1.329768e+00 1.850631e+01 1.185383e-14
      vertex   -7.500964e-01 1.867422e+01 1.202770e-14
      vertex   -3.000000e+01 2.000000e+01 9.714451e-15
    endloop
  endfacet
  facet normal -1.092949e-16 -6.664828e-16 1.000000e+00
    outer loop
      vertex   -3.000000e+01 2.000000e+01 9.714451e-15
      vertex   -7.500964e-01 1.867422e+01 1.202770e-14
      vertex   -1.509973e-01 1.874696e+01 1.214166e-14
    endloop
  endfacet
  facet normal -1.131480e-16 -6.578610e-16 1.000000e+00
    outer loop
      vertex   1.043315e+00 1.860194e+01 1.217967e-14
      vertex   1.607597e+00 1.838794e+01 1.210273e-14
      vertex   3.000000e+01 2.000000e+01 1.637579e-14
    endloop
  endfacet
  facet normal -1.132474e-16 -6.561100e-16 1.000000e+00
    outer loop
      vertex   3.000000e+01 2.000000e+01 1.637579e-14
      vertex   1.607597e+00 1.838794e+01 1.210273e-14
      vertex   2.130243e+00 1.808619e+01 1.196394e-14
    endloop
  endfacet
  facet normal -1.133189e-16 -6.550689e-16 1.000000e+00
    outer loop
      vertex   3.000000e+01 2.000000e+01 1.637579e-14
      vertex   2.130243e+00 1.808619e+01 1.196394e-14
      vertex   2.597716e+00 1.770451e+01 1.176689e-14
    endloop
  endfacet
  facet normal -9.932384e-01 1.160929e-01 0.000000e+00
    outer loop
      vertex   1.702829e+00 1.459642e+01 -5.250000e+00
      vertex   1.702829e+00 1.459642e+01 -2.000000e+00
      vertex   1.750000e+00 1.500000e+01 -5.250000e+00
    endloop
  endfacet
  facet normal -9.932384e-01 1.160929e-01 0.000000e+00
    outer loop
      vertex   1.750000e+00 1.500000e+01 -5.250000e+00
      vertex   1.702829e+00 1.459642e+01 -2.000000e+00
      vertex   1.750000e+00 1.500000e+01 -2.000000e+00
    endloop
  endfacet
  facet normal -9.932384e-01 -1.160929e-01 0.000000e+00
    outer loop
      vertex   1.750000e+00 1.500000e+01 -5.250000e+00
      vertex   1.750000e+00 1.500000e+01 -2.000000e+00
      vertex   1.702829e+00 1.540358e+01 -5.250000e+00
    endloop
  endfacet
  facet normal -9.932384e-01 -1.160929e-01 0.000000e+00
    outer loop
      vertex   1.702829e+00 1.540358e+01 -5.250000e+00
      vertex   1.750000e+00 1.500000e+01 -2.000000e+00
      vertex   1.702829e+00 1.540358e+01 -2.000000e+00
    endloop
  endfacet
  facet normal -9.396926e-01 -3.420201e-01 0.000000e+00
    outer loop
      vertex   1.702829e+00 1.540358e+01 -5.250000e+00
      vertex   1.702829e+00 1.540358e+01 -2.000000e+00
      vertex   1.563857e+00 1.578540e+01 -5.250000e+00
    endloop
  endfacet
  facet normal -9.396926e-01 -3.420201e-01 0.000000e+00
    outer loop
      vertex   1.563857e+00 1.578540e+01 -5.250000e+00
      vertex   1.702829e+00 1.540358e+01 -2.000000e+00
      vertex   1.563857e+00 1.578540e+01 -2.000000e+00
    endloop
  endfacet
  facet normal -8.354878e-01 -5.495090e-01 0.000000e+00
    outer loop
      vertex   1.563857e+00 1.578540e+01 -5.250000e+00
      vertex   1.563857e+00 1.578540e+01 -2.000000e+00
      vertex   1.340578e+00 1.612488e+01 -5.250000e+00
    endloop
  endfacet
  facet normal -8.354878e-01 -5.495090e-01 0.000000e+00
    outer loop
      vertex   1.340578e+00 1.612488e+01 -5.250000e+00
      vertex   1.563857e+00 1.578540e+01 -2.000000e+00
      vertex   1.340578e+00 1.612488e+01 -2.000000e+00
    endloop
  endfacet
  facet normal -6.862416e-01 -7.273736e-01 0.000000e+00
    outer loop
      vertex   1.340578e+00 1.612488e+01 -5.250000e+00
      vertex   1.340578e+00 1.612488e+01 -2.000000e+00
      vertex   1.045028e+00 1.640372e+01 -5.250000e+00
    endloop
  endfacet
  facet normal -6.862416e-01 -7.273736e-01 0.000000e+00
    outer loop
      vertex   1.045028e+00 1.640372e+01 -5.250000e+00
      vertex   1.340578e+00 1.612488e+01 -2.000000e+00
      vertex   1.045028e+00 1.640372e+01 -2.000000e+00
    endloop
  endfacet
  facet normal -5.000000e-01 -8.660254e-01 0.000000e+00
    outer loop
      vertex   1.045028e+00 1.640372e+01 -5.250000e+00
      vertex   1.045028e+00 1.640372e+01 -2.000000e+00
      vertex   6.931396e-01 1.660688e+01 -5.250000e+00
    endloop
  endfacet
  facet normal -5.000000e-01 -8.660254e-01 -5.124106e-17
    outer loop
      vertex   6.931396e-01 1.660688e+01 -5.250000e+00
      vertex   1.045028e+00 1.640372e+01 -2.000000e+00
      vertex   6.931396e-01 1.660688e+01 -2.000000e+00
    endloop
  endfacet
  facet normal -2.868032e-01 -9.579895e-01 -2.939220e-17
    outer loop
      vertex   6.931396e-01 1.660688e+01 -5.250000e+00
      vertex   6.931396e-01 1.660688e+01 -2.000000e+00
      vertex   3.038843e-01 1.672341e+01 -5.250000e+00
    endloop
  endfacet
  facet normal -2.868032e-01 -9.579895e-01 1.017827e-15
    outer loop
      vertex   3.038843e-01 1.672341e+01 -5.250000e+00
      vertex   6.931396e-01 1.660688e+01 -2.000000e+00
      vertex   3.038843e-01 1.672341e+01 -2.000000e+00
    endloop
  endfacet
  facet normal -5.814483e-02 -9.983082e-01 1.085334e-15
    outer loop
      vertex   3.038843e-01 1.672341e+01 -5.250000e+00
      vertex   3.038843e-01 1.672341e+01 -2.000000e+00
      vertex   -1.017535e-01 1.674704e+01 -5.250000e+00
    endloop
  endfacet
  facet normal -5.814483e-02 -9.983082e-01 -6.951940e-18
    outer loop
      vertex   -1.017535e-01 1.674704e+01 -5.250000e+00
      vertex   3.038843e-01 1.672341e+01 -2.000000e+00
      vertex   -1.017535e-01 1.674704e+01 -2.000000e+00
    endloop
  endfacet
  facet normal 1.736482e-01 -9.848078e-01 2.076181e-17
    outer loop
      vertex   -1.017535e-01 1.674704e+01 -5.250000e+00
      vertex   -1.017535e-01 1.674704e+01 -2.000000e+00
      vertex   -5.019057e-01 1.667648e+01 -5.250000e+00
    endloop
  endfacet
  facet normal 1.736482e-01 -9.848078e-01 1.779583e-17
    outer loop
      vertex   -5.019057e-01 1.667648e+01 -5.250000e+00
      vertex   -1.017535e-01 1.674704e+01 -2.000000e+00
      vertex   -5.019057e-01 1.667648e+01 -2.000000e+00
    endloop
  endfacet
  facet normal 3.960798e-01 -9.182161e-01 4.059110e-17
    outer loop
      vertex   -5.019057e-01 1.667648e+01 -5.250000e+00
      vertex   -5.019057e-01 1.667648e+01 -2.000000e+00
      vertex   -8.750000e-01 1.651554e+01 -5.250000e+00
    endloop
  endfacet
  facet normal 3.960798e-01 -9.182161e-01 8.118219e-17
    outer loop
      vertex   -8.750000e-01 1.651554e+01 -5.250000e+00
      vertex   -5.019057e-01 1.667648e+01 -2.000000e+00
      vertex   -8.750000e-01 1.651554e+01 -2.000000e+00
    endloop
  endfacet
  facet normal 5.971586e-01 -8.021232e-01 1.223962e-16
    outer loop
      vertex   -8.750000e-01 1.651554e+01 -5.250000e+00
      vertex   -8.750000e-01 1.651554e+01 -2.000000e+00
      vertex   -1.200923e+00 1.627290e+01 -5.250000e+00
    endloop
  endfacet
  facet normal 5.971586e-01 -8.021232e-01 0.000000e+00
    outer loop
      vertex   -1.200923e+00 1.627290e+01 -5.250000e+00
      vertex   -8.750000e-01 1.651554e+01 -2.000000e+00
      vertex   -1.200923e+00 1.627290e+01 -2.000000e+00
    endloop
  endfacet
  facet normal 7.660444e-01 -6.427876e-01 0.000000e+00
    outer loop
      vertex   -1.200923e+00 1.627290e+01 -5.250000e+00
      vertex   -1.200923e+00 1.627290e+01 -2.000000e+00
      vertex   -1.462104e+00 1.596164e+01 -5.250000e+00
    endloop
  endfacet
  facet normal 7.660444e-01 -6.427876e-01 0.000000e+00
    outer loop
      vertex   -1.462104e+00 1.596164e+01 -5.250000e+00
      vertex   -1.200923e+00 1.627290e+01 -2.000000e+00
      vertex   -1.462104e+00 1.596164e+01 -2.000000e+00
    endloop
  endfacet
  facet normal 8.936326e-01 -4.487992e-01 0.000000e+00
    outer loop
      vertex   -1.462104e+00 1.596164e+01 -5.250000e+00
      vertex   -1.462104e+00 1.596164e+01 -2.000000e+00
      vertex   -1.644462e+00 1.559854e+01 -5.250000e+00
    endloop
  endfacet
  facet normal 8.936326e-01 -4.487992e-01 0.000000e+00
    outer loop
      vertex   -1.644462e+00 1.559854e+01 -5.250000e+00
      vertex   -1.462104e+00 1.596164e+01 -2.000000e+00
      vertex   -1.644462e+00 1.559854e+01 -2.000000e+00
    endloop
  endfacet
  facet normal 9.730449e-01 -2.306159e-01 0.000000e+00
    outer loop
      vertex   -1.644462e+00 1.559854e+01 -5.250000e+00
      vertex   -1.644462e+00 1.559854e+01 -2.000000e+00
      vertex   -1.738167e+00 1.520316e+01 -5.250000e+00
    endloop
  endfacet
  facet normal 9.730449e-01 -2.306159e-01 0.000000e+00
    outer loop
      vertex   -1.738167e+00 1.520316e+01 -5.250000e+00
      vertex   -1.644462e+00 1.559854e+01 -2.000000e+00
      vertex   -1.738167e+00 1.520316e+01 -2.000000e+00
    endloop
  endfacet
  facet normal 1.000000e+00 0.000000e+00 -0.000000e+00
    outer loop
      vertex   -1.738167e+00 1.520316e+01 -5.250000e+00
      vertex   -1.738167e+00 1.520316e+01 -2.000000e+00
      vertex   -1.738167e+00 1.479684e+01 -5.250000e+00
    endloop
  endfacet
  facet normal 1.000000e+00 0.000000e+00 0.000000e+00
    outer loop
      vertex   -1.738167e+00 1.479684e+01 -5.250000e+00
      vertex   -1.738167e+00 1.520316e+01 -2.000000e+00
      vertex   -1.738167e+00 1.479684e+01 -2.000000e+00
    endloop
  endfacet
  facet normal 9.730449e-01 2.306159e-01 -0.000000e+00
    outer loop
      vertex   -1.738167e+00 1.479684e+01 -5.250000e+00
      vertex   -1.738167e+00 1.479684e+01 -2.000000e+00
      vertex   -1.644462e+00 1.440146e+01 -5.250000e+00
    endloop
  endfacet
  facet normal 9.730449e-01 2.306159e-01 -0.000000e+00
    outer loop
      vertex   -1.644462e+00 1.440146e+01 -5.250000e+00
      vertex   -1.738167e+00 1.479684e+01 -2.000000e+00
      vertex   -1.644462e+00 1.440146e+01 -2.000000e+00
    endloop
  endfacet
  facet normal 8.936326e-01 4.487992e-01 -0.000000e+00
    outer loop
      vertex   -1.644462e+00 1.440146e+01 -5.250000e+00
      vertex   -1.644462e+00 1.440146e+01 -2.000000e+00
      vertex   -1.462104e+00 1.403836e+01 -5.250000e+00
    endloop
  endfacet
  facet normal 8.936326e-01 4.487992e-01 -0.000000e+00
    outer loop
      vertex   -1.462104e+00 1.403836e+01 -5.250000e+00
      vertex   -1.644462e+00 1.440146e+01 -2.000000e+00
      vertex   -1.462104e+00 1.403836e+01 -2.000000e+00
    endloop
  endfacet
  facet normal 7.660444e-01 6.427876e-01 -0.000000e+00
    outer loop
      vertex   -1.462104e+00 1.403836e+01 -5.250000e+00
      vertex   -1.462104e+00 1.403836e+01 -2.000000e+00
      vertex   -1.200923e+00 1.372710e+01 -5.250000e+00
    endloop
  endfacet
  facet normal 7.660444e-01 6.427876e-01 -0.000000e+00
    outer loop
      vertex   -1.200923e+00 1.372710e+01 -5.250000e+00
      vertex   -1.462104e+00 1.403836e+01 -2.000000e+00
      vertex   -1.200923e+00 1.372710e+01 -2.000000e+00
    endloop
  endfacet
  facet normal 5.971586e-01 8.021232e-01 -0.000000e+00
    outer loop
      vertex   -1.200923e+00 1.372710e+01 -5.250000e+00
      vertex   -1.200923e+00 1.372710e+01 -2.000000e+00
      vertex   -8.750000e-01 1.348446e+01 -5.250000e+00
    endloop
  endfacet
  facet normal 5.971586e-01 8.021232e-01 -1.223962e-16
    outer loop
      vertex   -8.750000e-01 1.348446e+01 -5.250000e+00
      vertex   -1.200923e+00 1.372710e+01 -2.000000e+00
      vertex   -8.750000e-01 1.348446e+01 -2.000000e+00
    endloop
  endfacet
  facet normal 3.960798e-01 9.182161e-01 -8.118219e-17
    outer loop
      vertex   -8.750000e-01 1.348446e+01 -5.250000e+00
      vertex   -8.750000e-01 1.348446e+01 -2.000000e+00
      vertex   -5.019057e-01 1.332352e+01 -5.250000e+00
    endloop
  endfacet
  facet normal 3.960798e-01 9.182161e-01 -4.059110e-17
    outer loop
      vertex   -5.019057e-01 1.332352e+01 -5.250000e+00
      vertex   -8.750000e-01 1.348446e+01 -2.000000e+00
      vertex   -5.019057e-01 1.332352e+01 -2.000000e+00
    endloop
  endfacet
  facet normal 1.736482e-01 9.848078e-01 -1.779583e-17
    outer loop
      vertex   -5.019057e-01 1.332352e+01 -5.250000e+00
      vertex   -5.019057e-01 1.332352e+01 -2.000000e+00
      vertex   -1.017535e-01 1.325296e+01 -5.250000e+00
    endloop
  endfacet
  facet normal 1.736482e-01 9.848078e-01 -2.076181e-17
    outer loop
      vertex   -1.017535e-01 1.325296e+01 -5.250000e+00
      vertex   -5.019057e-01 1.332352e+01 -2.000000e+00
      vertex   -1.017535e-01 1.325296e+01 -2.000000e+00
    endloop
  endfacet
  facet normal -5.814483e-02 9.983082e-01 6.951940e-18
    outer loop
      vertex   -1.017535e-01 1.325296e+01 -5.250000e+00
      vertex   -1.017535e-01 1.325296e+01 -2.000000e+00
      vertex   3.038843e-01 1.327659e+01 -5.250000e+00
    endloop
  endfacet
  facet normal -5.814483e-02 9.983082e-01 -1.085334e-15
    outer loop
      vertex   3.038843e-01 1.327659e+01 -5.250000e+00
      vertex   -1.017535e-01 1.325296e+01 -2.000000e+00
      vertex   3.038843e-01 1.327659e+01 -2.000000e+00
    endloop
  endfacet
  facet normal -2.868032e-01 9.579895e-01 -1.017827e-15
    outer loop
      vertex   3.038843e-01 1.327659e+01 -5.250000e+00
      vertex   3.038843e-01 1.327659e+01 -2.000000e+00
      vertex   6.931396e-01 1.339312e+01 -5.250000e+00
    endloop
  endfacet
  facet normal -2.868032e-01 9.579895e-01 2.939220e-17
    outer loop
      vertex   6.931396e-01 1.339312e+01 -5.250000e+00
      vertex   3.038843e-01 1.327659e+01 -2.000000e+00
      vertex   6.931396e-01 1.339312e+01 -2.000000e+00
    endloop
  endfacet
  facet normal -5.000000e-01 8.660254e-01 5.124106e-17
    outer loop
      vertex   6.931396e-01 1.339312e+01 -5.250000e+00
      vertex   6.931396e-01 1.339312e+01 -2.000000e+00
      vertex   1.045028e+00 1.359628e+01 -5.250000e+00
    endloop
  endfacet
  facet normal -5.000000e-01 8.660254e-01 0.000000e+00
    outer loop
      vertex   1.045028e+00 1.359628e+01 -5.250000e+00
      vertex   6.931396e-01 1.339312e+01 -2.000000e+00
      vertex   1.045028e+00 1.359628e+01 -2.000000e+00
    endloop
  endfacet
  facet normal -6.862416e-01 7.273736e-01 0.000000e+00
    outer loop
      vertex   1.045028e+00 1.359628e+01 -5.250000e+00
      vertex   1.045028e+00 1.359628e+01 -2.000000e+00
      vertex   1.340578e+00 1.387512e+01 -5.250000e+00
    endloop
  endfacet
  facet normal -6.862416e-01 7.273736e-01 0.000000e+00
    outer loop
      vertex   1.340578e+00 1.387512e+01 -5.250000e+00
      vertex   1.045028e+00 1.359628e+01 -2.000000e+00
      vertex   1.340578e+00 1.387512e+01 -2.000000e+00
    endloop
  endfacet
  facet normal -8.354878e-01 5.495090e-01 0.000000e+00
    outer loop
      vertex   1.340578e+00 1.387512e+01 -5.250000e+00
      vertex   1.340578e+00 1.387512e+01 -2.000000e+00
      vertex   1.563857e+00 1.421460e+01 -5.250000e+00
    endloop
  endfacet
  facet normal -8.354878e-01 5.495090e-01 0.000000e+00
    outer loop
      vertex   1.563857e+00 1.421460e+01 -5.250000e+00
      vertex   1.340578e+00 1.387512e+01 -2.000000e+00
      vertex   1.563857e+00 1.421460e+01 -2.000000e+00
    endloop
  endfacet
  facet normal -9.396926e-01 3.420201e-01 0.000000e+00
    outer loop
      vertex   1.563857e+00 1.421460e+01 -5.250000e+00
      vertex   1.563857e+00 1.421460e+01 -2.000000e+00
      vertex   1.702829e+00 1.459642e+01 -5.250000e+00
    endloop
  endfacet
  facet normal -9.396926e-01 3.420201e-01 0.000000e+00
    outer loop
      vertex   1.702829e+00 1.459642e+01 -5.250000e+00
      vertex   1.563857e+00 1.421460e+01 -2.000000e+00
      vertex   1.702829e+00 1.459642e+01 -2.000000e+00
    endloop
  endfacet
  facet normal -7.009086e-01 8.192447e-02 7.085305e-01
    outer loop
      vertex   1.469321e+01 -7.903578e+00 -2.000000e+00
      vertex   1.669182e+01 -8.101542e+00 -3.312086e-15
      vertex   1.474038e+01 -7.500000e+00 -2.000000e+00
    endloop
  endfacet
  facet normal -7.059575e-01 5.699078e-02 7.059575e-01
    outer loop
      vertex   1.474038e+01 -7.500000e+00 -2.000000e+00
      vertex   1.669182e+01 -8.101542e+00 -3.312086e-15
      vertex   1.674038e+01 -7.500000e+00 -2.914335e-15
    endloop
  endfacet
  facet normal -7.059575e-01 -5.699078e-02 7.059575e-01
    outer loop
      vertex   1.474038e+01 -7.500000e+00 -2.000000e+00
      vertex   1.674038e+01 -7.500000e+00 -2.914335e-15
      vertex   1.669182e+01 -6.898458e+00 -2.527367e-15
    endloop
  endfacet
  facet normal -6.886378e-01 1.697340e-01 7.049598e-01
    outer loop
      vertex   1.669182e+01 -8.101542e+00 -3.312086e-15
      vertex   1.469321e+01 -7.903578e+00 -2.000000e+00
      vertex   1.654739e+01 -8.687505e+00 -3.710319e-15
    endloop
  endfacet
  facet normal -6.627242e-01 2.412119e-01 7.089523e-01
    outer loop
      vertex   1.654739e+01 -8.687505e+00 -3.710319e-15
      vertex   1.469321e+01 -7.903578e+00 -2.000000e+00
      vertex   1.455424e+01 -8.285399e+00 -2.000000e+00
    endloop
  endfacet
  facet normal -6.519444e-01 2.777676e-01 7.055591e-01
    outer loop
      vertex   1.654739e+01 -8.687505e+00 -3.710319e-15
      vertex   1.455424e+01 -8.285399e+00 -2.000000e+00
      vertex   1.631084e+01 -9.242712e+00 -4.098718e-15
    endloop
  endfacet
  facet normal -5.981905e-01 3.782728e-01 7.064544e-01
    outer loop
      vertex   1.631084e+01 -9.242712e+00 -4.098718e-15
      vertex   1.455424e+01 -8.285399e+00 -2.000000e+00
      vertex   1.598829e+01 -9.752784e+00 -4.467226e-15
    endloop
  endfacet
  facet normal -5.901185e-01 3.881270e-01 7.078966e-01
    outer loop
      vertex   1.598829e+01 -9.752784e+00 -4.467226e-15
      vertex   1.455424e+01 -8.285399e+00 -2.000000e+00
      vertex   1.433096e+01 -8.624878e+00 -2.000000e+00
    endloop
  endfacet
  facet normal -5.308048e-01 4.702520e-01 7.050598e-01
    outer loop
      vertex   1.598829e+01 -9.752784e+00 -4.467226e-15
      vertex   1.433096e+01 -8.624878e+00 -2.000000e+00
      vertex   1.558810e+01 -1.020451e+01 -4.806297e-15
    endloop
  endfacet
  facet normal -4.838309e-01 5.128308e-01 7.091630e-01
    outer loop
      vertex   1.558810e+01 -1.020451e+01 -4.806297e-15
      vertex   1.433096e+01 -8.624878e+00 -2.000000e+00
      vertex   1.403541e+01 -8.903716e+00 -2.000000e+00
    endloop
  endfacet
  facet normal -4.483716e-01 5.491555e-01 7.052597e-01
    outer loop
      vertex   1.558810e+01 -1.020451e+01 -4.806297e-15
      vertex   1.403541e+01 -8.903716e+00 -2.000000e+00
      vertex   1.512062e+01 -1.058619e+01 -5.107150e-15
    endloop
  endfacet
  facet normal -3.535823e-01 6.124225e-01 7.070489e-01
    outer loop
      vertex   1.512062e+01 -1.058619e+01 -5.107150e-15
      vertex   1.403541e+01 -8.903716e+00 -2.000000e+00
      vertex   1.368352e+01 -9.106878e+00 -2.000000e+00
    endloop
  endfacet
  facet normal -3.535823e-01 6.124225e-01 7.070489e-01
    outer loop
      vertex   1.512062e+01 -1.058619e+01 -5.107150e-15
      vertex   1.368352e+01 -9.106878e+00 -2.000000e+00
      vertex   1.459798e+01 -1.088794e+01 -5.361994e-15
    endloop
  endfacet
  facet normal -2.513968e-01 6.628789e-01 7.052597e-01
    outer loop
      vertex   1.459798e+01 -1.088794e+01 -5.361994e-15
      vertex   1.368352e+01 -9.106878e+00 -2.000000e+00
      vertex   1.403370e+01 -1.110194e+01 -5.564227e-15
    endloop
  endfacet
  facet normal -2.022091e-01 6.754253e-01 7.091630e-01
    outer loop
      vertex   1.403370e+01 -1.110194e+01 -5.564227e-15
      vertex   1.368352e+01 -9.106878e+00 -2.000000e+00
      vertex   1.329427e+01 -9.223414e+00 -2.000000e+00
    endloop
  endfacet
  facet normal -1.418478e-01 6.948164e-01 7.050598e-01
    outer loop
      vertex   1.403370e+01 -1.110194e+01 -5.564227e-15
      vertex   1.329427e+01 -9.223414e+00 -2.000000e+00
      vertex   1.344239e+01 -1.122266e+01 -5.708612e-15
    endloop
  endfacet
  facet normal -4.106863e-02 7.051211e-01 7.078966e-01
    outer loop
      vertex   1.344239e+01 -1.122266e+01 -5.708612e-15
      vertex   1.329427e+01 -9.223414e+00 -2.000000e+00
      vertex   1.288863e+01 -9.247039e+00 -2.000000e+00
    endloop
  endfacet
  facet normal -2.849856e-02 7.071846e-01 7.064544e-01
    outer loop
      vertex   1.344239e+01 -1.122266e+01 -5.708612e-15
      vertex   1.288863e+01 -9.247039e+00 -2.000000e+00
      vertex   1.283938e+01 -1.124696e+01 -5.791410e-15
    endloop
  endfacet
  facet normal 8.541845e-02 7.034842e-01 7.055591e-01
    outer loop
      vertex   1.283938e+01 -1.124696e+01 -5.791410e-15
      vertex   1.288863e+01 -9.247039e+00 -2.000000e+00
      vertex   1.224028e+01 -1.117422e+01 -5.810475e-15
    endloop
  endfacet
  facet normal 1.224665e-01 6.945420e-01 7.089523e-01
    outer loop
      vertex   1.224028e+01 -1.117422e+01 -5.810475e-15
      vertex   1.288863e+01 -9.247039e+00 -2.000000e+00
      vertex   1.248848e+01 -9.176482e+00 -2.000000e+00
    endloop
  endfacet
  facet normal 1.973250e-01 6.812448e-01 7.049598e-01
    outer loop
      vertex   1.224028e+01 -1.117422e+01 -5.810475e-15
      vertex   1.248848e+01 -9.176482e+00 -2.000000e+00
      vertex   1.166061e+01 -1.100631e+01 -5.765315e-15
    endloop
  endfacet
  facet normal 2.795056e-01 6.479669e-01 7.085305e-01
    outer loop
      vertex   1.166061e+01 -1.100631e+01 -5.765315e-15
      vertex   1.248848e+01 -9.176482e+00 -2.000000e+00
      vertex   1.211538e+01 -9.015545e+00 -2.000000e+00
    endloop
  endfacet
  facet normal 3.036233e-01 6.398725e-01 7.059575e-01
    outer loop
      vertex   1.166061e+01 -1.100631e+01 -5.765315e-15
      vertex   1.211538e+01 -9.015545e+00 -2.000000e+00
      vertex   1.111538e+01 -1.074760e+01 -5.657099e-15
    endloop
  endfacet
  facet normal 4.023342e-01 5.828818e-01 7.059575e-01
    outer loop
      vertex   1.111538e+01 -1.074760e+01 -5.657099e-15
      vertex   1.211538e+01 -9.015545e+00 -2.000000e+00
      vertex   1.061871e+01 -1.040477e+01 -5.488630e-15
    endloop
  endfacet
  facet normal 4.214030e-01 5.660424e-01 7.085305e-01
    outer loop
      vertex   1.061871e+01 -1.040477e+01 -5.488630e-15
      vertex   1.211538e+01 -9.015545e+00 -2.000000e+00
      vertex   1.178946e+01 -8.772904e+00 -2.000000e+00
    endloop
  endfacet
  facet normal 4.913128e-01 5.115108e-01 7.049598e-01
    outer loop
      vertex   1.061871e+01 -1.040477e+01 -5.488630e-15
      vertex   1.178946e+01 -8.772904e+00 -2.000000e+00
      vertex   1.018347e+01 -9.986710e+00 -5.264271e-15
    endloop
  endfacet
  facet normal 5.402577e-01 4.533301e-01 7.089523e-01
    outer loop
      vertex   1.018347e+01 -9.986710e+00 -5.264271e-15
      vertex   1.178946e+01 -8.772904e+00 -2.000000e+00
      vertex   1.152828e+01 -8.461641e+00 -2.000000e+00
    endloop
  endfacet
  facet normal 5.665260e-01 4.257167e-01 7.055591e-01
    outer loop
      vertex   1.018347e+01 -9.986710e+00 -5.264271e-15
      vertex   1.152828e+01 -8.461641e+00 -2.000000e+00
      vertex   9.820918e+00 -9.504247e+00 -4.989832e-15
    endloop
  endfacet
  facet normal 6.266891e-01 3.289118e-01 7.064544e-01
    outer loop
      vertex   9.820918e+00 -9.504247e+00 -4.989832e-15
      vertex   1.152828e+01 -8.461641e+00 -2.000000e+00
      vertex   9.540458e+00 -8.969875e+00 -4.672422e-15
    endloop
  endfacet
  facet normal 6.311871e-01 3.169941e-01 7.078966e-01
    outer loop
      vertex   9.540458e+00 -8.969875e+00 -4.672422e-15
      vertex   1.152828e+01 -8.461641e+00 -2.000000e+00
      vertex   1.134592e+01 -8.098535e+00 -2.000000e+00
    endloop
  endfacet
  facet normal 6.726525e-01 2.245644e-01 7.050598e-01
    outer loop
      vertex   9.540458e+00 -8.969875e+00 -4.672422e-15
      vertex   1.134592e+01 -8.098535e+00 -2.000000e+00
      vertex   9.349349e+00 -8.397434e+00 -4.320261e-15
    endloop
  endfacet
  facet normal 6.860400e-01 1.625945e-01 7.091630e-01
    outer loop
      vertex   9.349349e+00 -8.397434e+00 -4.320261e-15
      vertex   1.134592e+01 -8.098535e+00 -2.000000e+00
      vertex   1.125221e+01 -7.703163e+00 -2.000000e+00
    endloop
  endfacet
  facet normal 6.997684e-01 1.137234e-01 7.052597e-01
    outer loop
      vertex   9.349349e+00 -8.397434e+00 -4.320261e-15
      vertex   1.125221e+01 -7.703163e+00 -2.000000e+00
      vertex   9.252541e+00 -7.801750e+00 -3.942471e-15
    endloop
  endfacet
  facet normal 7.071646e-01 0.000000e+00 7.070489e-01
    outer loop
      vertex   9.252541e+00 -7.801750e+00 -3.942471e-15
      vertex   1.125221e+01 -7.703163e+00 -2.000000e+00
      vertex   1.125221e+01 -7.296838e+00 -2.000000e+00
    endloop
  endfacet
  facet normal 7.071646e-01 -4.611769e-16 7.070489e-01
    outer loop
      vertex   9.252541e+00 -7.801750e+00 -3.942471e-15
      vertex   1.125221e+01 -7.296838e+00 -2.000000e+00
      vertex   9.252541e+00 -7.198250e+00 -3.548835e-15
    endloop
  endfacet
  facet normal 6.997684e-01 -1.137234e-01 7.052597e-01
    outer loop
      vertex   9.252541e+00 -7.198250e+00 -3.548835e-15
      vertex   1.125221e+01 -7.296838e+00 -2.000000e+00
      vertex   9.349349e+00 -6.602566e+00 -3.149548e-15
    endloop
  endfacet
  facet normal 6.860400e-01 -1.625945e-01 7.091630e-01
    outer loop
      vertex   9.349349e+00 -6.602566e+00 -3.149548e-15
      vertex   1.125221e+01 -7.296838e+00 -2.000000e+00
      vertex   1.134592e+01 -6.901465e+00 -2.000000e+00
    endloop
  endfacet
  facet normal 6.726525e-01 -2.245644e-01 7.050598e-01
    outer loop
      vertex   9.349349e+00 -6.602566e+00 -3.149548e-15
      vertex   1.134592e+01 -6.901465e+00 -2.000000e+00
      vertex   9.540458e+00 -6.030125e+00 -2.754953e-15
    endloop
  endfacet
  facet normal 6.311871e-01 -3.169941e-01 7.078966e-01
    outer loop
      vertex   9.540458e+00 -6.030125e+00 -2.754953e-15
      vertex   1.134592e+01 -6.901465e+00 -2.000000e+00
      vertex   1.152828e+01 -6.538359e+00 -2.000000e+00
    endloop
  endfacet
  facet normal 6.266891e-01 -3.289118e-01 7.064544e-01
    outer loop
      vertex   9.540458e+00 -6.030125e+00 -2.754953e-15
      vertex   1.152828e+01 -6.538359e+00 -2.000000e+00
      vertex   9.820918e+00 -5.495753e+00 -2.375268e-15
    endloop
  endfacet
  facet normal 5.665260e-01 -4.257167e-01 7.055591e-01
    outer loop
      vertex   9.820918e+00 -5.495753e+00 -2.375268e-15
      vertex   1.152828e+01 -6.538359e+00 -2.000000e+00
      vertex   1.018347e+01 -5.013290e+00 -2.020328e-15
    endloop
  endfacet
  facet normal 5.402577e-01 -4.533301e-01 7.089523e-01
    outer loop
      vertex   1.018347e+01 -5.013290e+00 -2.020328e-15
      vertex   1.152828e+01 -6.538359e+00 -2.000000e+00
      vertex   1.178946e+01 -6.227096e+00 -2.000000e+00
    endloop
  endfacet
  facet normal 4.913128e-01 -5.115108e-01 7.049598e-01
    outer loop
      vertex   1.018347e+01 -5.013290e+00 -2.020328e-15
      vertex   1.178946e+01 -6.227096e+00 -2.000000e+00
      vertex   1.061871e+01 -4.595232e+00 -1.699325e-15
    endloop
  endfacet
  facet normal 4.214030e-01 -5.660424e-01 7.085305e-01
    outer loop
      vertex   1.061871e+01 -4.595232e+00 -1.699325e-15
      vertex   1.178946e+01 -6.227096e+00 -2.000000e+00
      vertex   1.211538e+01 -5.984456e+00 -2.000000e+00
    endloop
  endfacet
  facet normal 4.023342e-01 -5.828818e-01 7.059575e-01
    outer loop
      vertex   1.061871e+01 -4.595232e+00 -1.699325e-15
      vertex   1.211538e+01 -5.984456e+00 -2.000000e+00
      vertex   1.111538e+01 -4.252405e+00 -1.420572e-15
    endloop
  endfacet
  facet normal 3.036233e-01 -6.398725e-01 7.059575e-01
    outer loop
      vertex   1.111538e+01 -4.252405e+00 -1.420572e-15
      vertex   1.211538e+01 -5.984456e+00 -2.000000e+00
      vertex   1.166061e+01 -3.993689e+00 -1.191291e-15
    endloop
  endfacet
  facet normal 2.795056e-01 -6.479669e-01 7.085305e-01
    outer loop
      vertex   1.166061e+01 -3.993689e+00 -1.191291e-15
      vertex   1.211538e+01 -5.984456e+00 -2.000000e+00
      vertex   1.248848e+01 -5.823518e+00 -2.000000e+00
    endloop
  endfacet
  facet normal 1.973250e-01 -6.812448e-01 7.049598e-01
    outer loop
      vertex   1.166061e+01 -3.993689e+00 -1.191291e-15
      vertex   1.248848e+01 -5.823518e+00 -2.000000e+00
      vertex   1.224028e+01 -3.825785e+00 -1.017418e-15
    endloop
  endfacet
  facet normal 1.224665e-01 -6.945420e-01 7.089523e-01
    outer loop
      vertex   1.224028e+01 -3.825785e+00 -1.017418e-15
      vertex   1.248848e+01 -5.823518e+00 -2.000000e+00
      vertex   1.288863e+01 -5.752961e+00 -2.000000e+00
    endloop
  endfacet
  facet normal 8.541845e-02 -7.034842e-01 7.055591e-01
    outer loop
      vertex   1.224028e+01 -3.825785e+00 -1.017418e-15
      vertex   1.288863e+01 -5.752961e+00 -2.000000e+00
      vertex   1.283938e+01 -3.753041e+00 -9.034567e-16
    endloop
  endfacet
  facet normal -2.849856e-02 -7.071846e-01 7.064544e-01
    outer loop
      vertex   1.283938e+01 -3.753041e+00 -9.034567e-16
      vertex   1.288863e+01 -5.752961e+00 -2.000000e+00
      vertex   1.344239e+01 -3.777342e+00 -8.523593e-16
    endloop
  endfacet
  facet normal -4.106863e-02 -7.051211e-01 7.078966e-01
    outer loop
      vertex   1.344239e+01 -3.777342e+00 -8.523593e-16
      vertex   1.288863e+01 -5.752961e+00 -2.000000e+00
      vertex   1.329427e+01 -5.776587e+00 -2.000000e+00
    endloop
  endfacet
  facet normal -1.418478e-01 -6.948164e-01 7.050598e-01
    outer loop
      vertex   1.344239e+01 -3.777342e+00 -8.523593e-16
      vertex   1.329427e+01 -5.776587e+00 -2.000000e+00
      vertex   1.403370e+01 -3.898057e+00 -8.654488e-16
    endloop
  endfacet
  facet normal -2.022091e-01 -6.754253e-01 7.091630e-01
    outer loop
      vertex   1.403370e+01 -3.898057e+00 -8.654488e-16
      vertex   1.329427e+01 -5.776587e+00 -2.000000e+00
      vertex   1.368352e+01 -5.893122e+00 -2.000000e+00
    endloop
  endfacet
  facet normal -2.513968e-01 -6.628789e-01 7.052597e-01
    outer loop
      vertex   1.403370e+01 -3.898057e+00 -8.654488e-16
      vertex   1.368352e+01 -5.893122e+00 -2.000000e+00
      vertex   1.459798e+01 -4.112061e+00 -9.423862e-16
    endloop
  endfacet
  facet normal -3.535823e-01 -6.124225e-01 7.070489e-01
    outer loop
      vertex   1.459798e+01 -4.112061e+00 -9.423862e-16
      vertex   1.368352e+01 -5.893122e+00 -2.000000e+00
      vertex   1.403541e+01 -6.096285e+00 -2.000000e+00
    endloop
  endfacet
  facet normal -3.535823e-01 -6.124225e-01 7.070489e-01
    outer loop
      vertex   1.459798e+01 -4.112061e+00 -9.423862e-16
      vertex   1.403541e+01 -6.096285e+00 -2.000000e+00
      vertex   1.512062e+01 -4.413811e+00 -1.081179e-15
    endloop
  endfacet
  facet normal -4.483716e-01 -5.491555e-01 7.052597e-01
    outer loop
      vertex   1.512062e+01 -4.413811e+00 -1.081179e-15
      vertex   1.403541e+01 -6.096285e+00 -2.000000e+00
      vertex   1.558810e+01 -4.795491e+00 -1.278232e-15
    endloop
  endfacet
  facet normal -4.838309e-01 -5.128308e-01 7.091630e-01
    outer loop
      vertex   1.558810e+01 -4.795491e+00 -1.278232e-15
      vertex   1.403541e+01 -6.096285e+00 -2.000000e+00
      vertex   1.433096e+01 -6.375122e+00 -2.000000e+00
    endloop
  endfacet
  facet normal -5.308048e-01 -4.702520e-01 7.050598e-01
    outer loop
      vertex   1.558810e+01 -4.795491e+00 -1.278232e-15
      vertex   1.433096e+01 -6.375122e+00 -2.000000e+00
      vertex   1.598829e+01 -5.247217e+00 -1.528443e-15
    endloop
  endfacet
  facet normal -5.901185e-01 -3.881270e-01 7.078966e-01
    outer loop
      vertex   1.598829e+01 -5.247217e+00 -1.528443e-15
      vertex   1.433096e+01 -6.375122e+00 -2.000000e+00
      vertex   1.455424e+01 -6.714602e+00 -2.000000e+00
    endloop
  endfacet
  facet normal -5.981905e-01 -3.782728e-01 7.064544e-01
    outer loop
      vertex   1.598829e+01 -5.247217e+00 -1.528443e-15
      vertex   1.455424e+01 -6.714602e+00 -2.000000e+00
      vertex   1.631084e+01 -5.757288e+00 -1.825330e-15
    endloop
  endfacet
  facet normal -6.519444e-01 -2.777676e-01 7.055591e-01
    outer loop
      vertex   1.631084e+01 -5.757288e+00 -1.825330e-15
      vertex   1.455424e+01 -6.714602e+00 -2.000000e+00
      vertex   1.654739e+01 -6.312495e+00 -2.161204e-15
    endloop
  endfacet
  facet normal -6.627242e-01 -2.412119e-01 7.089523e-01
    outer loop
      vertex   1.654739e+01 -6.312495e+00 -2.161204e-15
      vertex   1.455424e+01 -6.714602e+00 -2.000000e+00
      vertex   1.469321e+01 -7.096422e+00 -2.000000e+00
    endloop
  endfacet
  facet normal -6.886378e-01 -1.697340e-01 7.049598e-01
    outer loop
      vertex   1.654739e+01 -6.312495e+00 -2.161204e-15
      vertex   1.469321e+01 -7.096422e+00 -2.000000e+00
      vertex   1.669182e+01 -6.898458e+00 -2.527367e-15
    endloop
  endfacet
  facet normal -7.009086e-01 -8.192447e-02 7.085305e-01
    outer loop
      vertex   1.669182e+01 -6.898458e+00 -2.527367e-15
      vertex   1.469321e+01 -7.096422e+00 -2.000000e+00
      vertex   1.474038e+01 -7.500000e+00 -2.000000e+00
    endloop
  endfacet
  facet normal -9.932384e-01 1.160929e-01 0.000000e+00
    outer loop
      vertex   1.469321e+01 -7.903578e+00 -5.250000e+00
      vertex   1.469321e+01 -7.903578e+00 -2.000000e+00
      vertex   1.474038e+01 -7.500000e+00 -5.250000e+00
    endloop
  endfacet
  facet normal -9.932384e-01 1.160929e-01 0.000000e+00
    outer loop
      vertex   1.474038e+01 -7.500000e+00 -5.250000e+00
      vertex   1.469321e+01 -7.903578e+00 -2.000000e+00
      vertex   1.474038e+01 -7.500000e+00 -2.000000e+00
    endloop
  endfacet
  facet normal -9.932384e-01 -1.160929e-01 0.000000e+00
    outer loop
      vertex   1.474038e+01 -7.500000e+00 -5.250000e+00
      vertex   1.474038e+01 -7.500000e+00 -2.000000e+00
      vertex   1.469321e+01 -7.096422e+00 -5.250000e+00
    endloop
  endfacet
  facet normal -9.932384e-01 -1.160929e-01 0.000000e+00
    outer loop
      vertex   1.469321e+01 -7.096422e+00 -5.250000e+00
      vertex   1.474038e+01 -7.500000e+00 -2.000000e+00
      vertex   1.469321e+01 -7.096422e+00 -2.000000e+00
    endloop
  endfacet
  facet normal -9.396926e-01 -3.420201e-01 0.000000e+00
    outer loop
      vertex   1.469321e+01 -7.096422e+00 -5.250000e+00
      vertex   1.469321e+01 -7.096422e+00 -2.000000e+00
      vertex   1.455424e+01 -6.714602e+00 -5.250000e+00
    endloop
  endfacet
  facet normal -9.396926e-01 -3.420201e-01 0.000000e+00
    outer loop
      vertex   1.455424e+01 -6.714602e+00 -5.250000e+00
      vertex   1.469321e+01 -7.096422e+00 -2.000000e+00
      vertex   1.455424e+01 -6.714602e+00 -2.000000e+00
    endloop
  endfacet
  facet normal -8.354878e-01 -5.495090e-01 0.000000e+00
    outer loop
      vertex   1.455424e+01 -6.714602e+00 -5.250000e+00
      vertex   1.455424e+01 -6.714602e+00 -2.000000e+00
      vertex   1.433096e+01 -6.375122e+00 -5.250000e+00
    endloop
  endfacet
  facet normal -8.354878e-01 -5.495090e-01 0.000000e+00
    outer loop
      vertex   1.433096e+01 -6.375122e+00 -5.250000e+00
      vertex   1.455424e+01 -6.714602e+00 -2.000000e+00
      vertex   1.433096e+01 -6.375122e+00 -2.000000e+00
    endloop
  endfacet
  facet normal -6.862416e-01 -7.273736e-01 0.000000e+00
    outer loop
      vertex   1.433096e+01 -6.375122e+00 -5.250000e+00
      vertex   1.433096e+01 -6.375122e+00 -2.000000e+00
      vertex   1.403541e+01 -6.096285e+00 -5.250000e+00
    endloop
  endfacet
  facet normal -6.862416e-01 -7.273736e-01 0.000000e+00
    outer loop
      vertex   1.403541e+01 -6.096285e+00 -5.250000e+00
      vertex   1.433096e+01 -6.375122e+00 -2.000000e+00
      vertex   1.403541e+01 -6.096285e+00 -2.000000e+00
    endloop
  endfacet
  facet normal -5.000000e-01 -8.660254e-01 0.000000e+00
    outer loop
      vertex   1.403541e+01 -6.096285e+00 -5.250000e+00
      vertex   1.403541e+01 -6.096285e+00 -2.000000e+00
      vertex   1.368352e+01 -5.893122e+00 -5.250000e+00
    endloop
  endfacet
  facet normal -5.000000e-01 -8.660254e-01 -2.732857e-16
    outer loop
      vertex   1.368352e+01 -5.893122e+00 -5.250000e+00
      vertex   1.403541e+01 -6.096285e+00 -2.000000e+00
      vertex   1.368352e+01 -5.893122e+00 -2.000000e+00
    endloop
  endfacet
  facet normal -2.868032e-01 -9.579895e-01 -1.567584e-16
    outer loop
      vertex   1.368352e+01 -5.893122e+00 -5.250000e+00
      vertex   1.368352e+01 -5.893122e+00 -2.000000e+00
      vertex   1.329427e+01 -5.776587e+00 -5.250000e+00
    endloop
  endfacet
  facet normal -2.868032e-01 -9.579895e-01 0.000000e+00
    outer loop
      vertex   1.329427e+01 -5.776587e+00 -5.250000e+00
      vertex   1.368352e+01 -5.893122e+00 -2.000000e+00
      vertex   1.329427e+01 -5.776587e+00 -2.000000e+00
    endloop
  endfacet
  facet normal -5.814483e-02 -9.983082e-01 0.000000e+00
    outer loop
      vertex   1.329427e+01 -5.776587e+00 -5.250000e+00
      vertex   1.329427e+01 -5.776587e+00 -2.000000e+00
      vertex   1.288863e+01 -5.752961e+00 -5.250000e+00
    endloop
  endfacet
  facet normal -5.814483e-02 -9.983082e-01 0.000000e+00
    outer loop
      vertex   1.288863e+01 -5.752961e+00 -5.250000e+00
      vertex   1.329427e+01 -5.776587e+00 -2.000000e+00
      vertex   1.288863e+01 -5.752961e+00 -2.000000e+00
    endloop
  endfacet
  facet normal 1.736482e-01 -9.848078e-01 0.000000e+00
    outer loop
      vertex   1.288863e+01 -5.752961e+00 -5.250000e+00
      vertex   1.288863e+01 -5.752961e+00 -2.000000e+00
      vertex   1.248848e+01 -5.823518e+00 -5.250000e+00
    endloop
  endfacet
  facet normal 1.736482e-01 -9.848078e-01 0.000000e+00
    outer loop
      vertex   1.248848e+01 -5.823518e+00 -5.250000e+00
      vertex   1.288863e+01 -5.752961e+00 -2.000000e+00
      vertex   1.248848e+01 -5.823518e+00 -2.000000e+00
    endloop
  endfacet
  facet normal 3.960798e-01 -9.182161e-01 0.000000e+00
    outer loop
      vertex   1.248848e+01 -5.823518e+00 -5.250000e+00
      vertex   1.248848e+01 -5.823518e+00 -2.000000e+00
      vertex   1.211538e+01 -5.984456e+00 -5.250000e+00
    endloop
  endfacet
  facet normal 3.960798e-01 -9.182161e-01 -3.444946e-17
    outer loop
      vertex   1.211538e+01 -5.984456e+00 -5.250000e+00
      vertex   1.248848e+01 -5.823518e+00 -2.000000e+00
      vertex   1.211538e+01 -5.984456e+00 -2.000000e+00
    endloop
  endfacet
  facet normal 5.971586e-01 -8.021232e-01 1.071810e-16
    outer loop
      vertex   1.211538e+01 -5.984456e+00 -5.250000e+00
      vertex   1.211538e+01 -5.984456e+00 -2.000000e+00
      vertex   1.178946e+01 -6.227096e+00 -5.250000e+00
    endloop
  endfacet
  facet normal 5.971586e-01 -8.021232e-01 0.000000e+00
    outer loop
      vertex   1.178946e+01 -6.227096e+00 -5.250000e+00
      vertex   1.211538e+01 -5.984456e+00 -2.000000e+00
      vertex   1.178946e+01 -6.227096e+00 -2.000000e+00
    endloop
  endfacet
  facet normal 7.660444e-01 -6.427876e-01 0.000000e+00
    outer loop
      vertex   1.178946e+01 -6.227096e+00 -5.250000e+00
      vertex   1.178946e+01 -6.227096e+00 -2.000000e+00
      vertex   1.152828e+01 -6.538359e+00 -5.250000e+00
    endloop
  endfacet
  facet normal 7.660444e-01 -6.427876e-01 0.000000e+00
    outer loop
      vertex   1.152828e+01 -6.538359e+00 -5.250000e+00
      vertex   1.178946e+01 -6.227096e+00 -2.000000e+00
      vertex   1.152828e+01 -6.538359e+00 -2.000000e+00
    endloop
  endfacet
  facet normal 8.936326e-01 -4.487992e-01 0.000000e+00
    outer loop
      vertex   1.152828e+01 -6.538359e+00 -5.250000e+00
      vertex   1.152828e+01 -6.538359e+00 -2.000000e+00
      vertex   1.134592e+01 -6.901465e+00 -5.250000e+00
    endloop
  endfacet
  facet normal 8.936326e-01 -4.487992e-01 0.000000e+00
    outer loop
      vertex   1.134592e+01 -6.901465e+00 -5.250000e+00
      vertex   1.152828e+01 -6.538359e+00 -2.000000e+00
      vertex   1.134592e+01 -6.901465e+00 -2.000000e+00
    endloop
  endfacet
  facet normal 9.730449e-01 -2.306159e-01 0.000000e+00
    outer loop
      vertex   1.134592e+01 -6.901465e+00 -5.250000e+00
      vertex   1.134592e+01 -6.901465e+00 -2.000000e+00
      vertex   1.125221e+01 -7.296838e+00 -5.250000e+00
    endloop
  endfacet
  facet normal 9.730449e-01 -2.306159e-01 0.000000e+00
    outer loop
      vertex   1.125221e+01 -7.296838e+00 -5.250000e+00
      vertex   1.134592e+01 -6.901465e+00 -2.000000e+00
      vertex   1.125221e+01 -7.296838e+00 -2.000000e+00
    endloop
  endfacet
  facet normal 1.000000e+00 0.000000e+00 -0.000000e+00
    outer loop
      vertex   1.125221e+01 -7.296838e+00 -5.250000e+00
      vertex   1.125221e+01 -7.296838e+00 -2.000000e+00
      vertex   1.125221e+01 -7.703163e+00 -5.250000e+00
    endloop
  endfacet
  facet normal 1.000000e+00 0.000000e+00 0.000000e+00
    outer loop
      vertex   1.125221e+01 -7.703163e+00 -5.250000e+00
      vertex   1.125221e+01 -7.296838e+00 -2.000000e+00
      vertex   1.125221e+01 -7.703163e+00 -2.000000e+00
    endloop
  endfacet
  facet normal 9.730449e-01 2.306159e-01 -0.000000e+00
    outer loop
      vertex   1.125221e+01 -7.703163e+00 -5.250000e+00
      vertex   1.125221e+01 -7.703163e+00 -2.000000e+00
      vertex   1.134592e+01 -8.098535e+00 -5.250000e+00
    endloop
  endfacet
  facet normal 9.730449e-01 2.306159e-01 -0.000000e+00
    outer loop
      vertex   1.134592e+01 -8.098535e+00 -5.250000e+00
      vertex   1.125221e+01 -7.703163e+00 -2.000000e+00
      vertex   1.134592e+01 -8.098535e+00 -2.000000e+00
    endloop
  endfacet
  facet normal 8.936326e-01 4.487992e-01 -0.000000e+00
    outer loop
      vertex   1.134592e+01 -8.098535e+00 -5.250000e+00
      vertex   1.134592e+01 -8.098535e+00 -2.000000e+00
      vertex   1.152828e+01 -8.461641e+00 -5.250000e+00
    endloop
  endfacet
  facet normal 8.936326e-01 4.487992e-01 -0.000000e+00
    outer loop
      vertex   1.152828e+01 -8.461641e+00 -5.250000e+00
      vertex   1.134592e+01 -8.098535e+00 -2.000000e+00
      vertex   1.152828e+01 -8.461641e+00 -2.000000e+00
    endloop
  endfacet
  facet normal 7.660444e-01 6.427876e-01 -0.000000e+00
    outer loop
      vertex   1.152828e+01 -8.461641e+00 -5.250000e+00
      vertex   1.152828e+01 -8.461641e+00 -2.000000e+00
      vertex   1.178946e+01 -8.772904e+00 -5.250000e+00
    endloop
  endfacet
  facet normal 7.660444e-01 6.427876e-01 -0.000000e+00
    outer loop
      vertex   1.178946e+01 -8.772904e+00 -5.250000e+00
      vertex   1.152828e+01 -8.461641e+00 -2.000000e+00
      vertex   1.178946e+01 -8.772904e+00 -2.000000e+00
    endloop
  endfacet
  facet normal 5.971586e-01 8.021232e-01 -0.000000e+00
    outer loop
      vertex   1.178946e+01 -8.772904e+00 -5.250000e+00
      vertex   1.178946e+01 -8.772904e+00 -2.000000e+00
      vertex   1.211538e+01 -9.015545e+00 -5.250000e+00
    endloop
  endfacet
  facet normal 5.971586e-01 8.021232e-01 1.120278e-16
    outer loop
      vertex   1.211538e+01 -9.015545e+00 -5.250000e+00
      vertex   1.178946e+01 -8.772904e+00 -2.000000e+00
      vertex   1.211538e+01 -9.015545e+00 -2.000000e+00
    endloop
  endfacet
  facet normal 3.960798e-01 9.182161e-01 2.853848e-16
    outer loop
      vertex   1.211538e+01 -9.015545e+00 -5.250000e+00
      vertex   1.211538e+01 -9.015545e+00 -2.000000e+00
      vertex   1.248848e+01 -9.176482e+00 -5.250000e+00
    endloop
  endfacet
  facet normal 3.960798e-01 9.182161e-01 -0.000000e+00
    outer loop
      vertex   1.248848e+01 -9.176482e+00 -5.250000e+00
      vertex   1.211538e+01 -9.015545e+00 -2.000000e+00
      vertex   1.248848e+01 -9.176482e+00 -2.000000e+00
    endloop
  endfacet
  facet normal 1.736482e-01 9.848078e-01 -0.000000e+00
    outer loop
      vertex   1.248848e+01 -9.176482e+00 -5.250000e+00
      vertex   1.248848e+01 -9.176482e+00 -2.000000e+00
      vertex   1.288863e+01 -9.247039e+00 -5.250000e+00
    endloop
  endfacet
  facet normal 1.736482e-01 9.848078e-01 -0.000000e+00
    outer loop
      vertex   1.288863e+01 -9.247039e+00 -5.250000e+00
      vertex   1.248848e+01 -9.176482e+00 -2.000000e+00
      vertex   1.288863e+01 -9.247039e+00 -2.000000e+00
    endloop
  endfacet
  facet normal -5.814483e-02 9.983082e-01 0.000000e+00
    outer loop
      vertex   1.288863e+01 -9.247039e+00 -5.250000e+00
      vertex   1.288863e+01 -9.247039e+00 -2.000000e+00
      vertex   1.329427e+01 -9.223414e+00 -5.250000e+00
    endloop
  endfacet
  facet normal -5.814483e-02 9.983082e-01 0.000000e+00
    outer loop
      vertex   1.329427e+01 -9.223414e+00 -5.250000e+00
      vertex   1.288863e+01 -9.247039e+00 -2.000000e+00
      vertex   1.329427e+01 -9.223414e+00 -2.000000e+00
    endloop
  endfacet
  facet normal -2.868032e-01 9.579895e-01 0.000000e+00
    outer loop
      vertex   1.329427e+01 -9.223414e+00 -5.250000e+00
      vertex   1.329427e+01 -9.223414e+00 -2.000000e+00
      vertex   1.368352e+01 -9.106878e+00 -5.250000e+00
    endloop
  endfacet
  facet normal -2.868032e-01 9.579895e-01 1.567584e-16
    outer loop
      vertex   1.368352e+01 -9.106878e+00 -5.250000e+00
      vertex   1.329427e+01 -9.223414e+00 -2.000000e+00
      vertex   1.368352e+01 -9.106878e+00 -2.000000e+00
    endloop
  endfacet
  facet normal -5.000000e-01 8.660254e-01 2.732857e-16
    outer loop
      vertex   1.368352e+01 -9.106878e+00 -5.250000e+00
      vertex   1.368352e+01 -9.106878e+00 -2.000000e+00
      vertex   1.403541e+01 -8.903716e+00 -5.250000e+00
    endloop
  endfacet
  facet normal -5.000000e-01 8.660254e-01 0.000000e+00
    outer loop
      vertex   1.403541e+01 -8.903716e+00 -5.250000e+00
      vertex   1.368352e+01 -9.106878e+00 -2.000000e+00
      vertex   1.403541e+01 -8.903716e+00 -2.000000e+00
    endloop
  endfacet
  facet normal -6.862416e-01 7.273736e-01 0.000000e+00
    outer loop
      vertex   1.403541e+01 -8.903716e+00 -5.250000e+00
      vertex   1.403541e+01 -8.903716e+00 -2.000000e+00
      vertex   1.433096e+01 -8.624878e+00 -5.250000e+00
    endloop
  endfacet
  facet normal -6.862416e-01 7.273736e-01 0.000000e+00
    outer loop
      vertex   1.433096e+01 -8.624878e+00 -5.250000e+00
      vertex   1.403541e+01 -8.903716e+00 -2.000000e+00
      vertex   1.433096e+01 -8.624878e+00 -2.000000e+00
    endloop
  endfacet
  facet normal -8.354878e-01 5.495090e-01 0.000000e+00
    outer loop
      vertex   1.433096e+01 -8.624878e+00 -5.250000e+00
      vertex   1.433096e+01 -8.624878e+00 -2.000000e+00
      vertex   1.455424e+01 -8.285399e+00 -5.250000e+00
    endloop
  endfacet
  facet normal -8.354878e-01 5.495090e-01 0.000000e+00
    outer loop
      vertex   1.455424e+01 -8.285399e+00 -5.250000e+00
      vertex   1.433096e+01 -8.624878e+00 -2.000000e+00
      vertex   1.455424e+01 -8.285399e+00 -2.000000e+00
    endloop
  endfacet
  facet normal -9.396926e-01 3.420201e-01 0.000000e+00
    outer loop
      vertex   1.455424e+01 -8.285399e+00 -5.250000e+00
      vertex   1.455424e+01 -8.285399e+00 -2.000000e+00
      vertex   1.469321e+01 -7.903578e+00 -5.250000e+00
    endloop
  endfacet
  facet normal -9.396926e-01 3.420201e-01 0.000000e+00
    outer loop
      vertex   1.469321e+01 -7.903578e+00 -5.250000e+00
      vertex   1.455424e+01 -8.285399e+00 -2.000000e+00
      vertex   1.469321e+01 -7.903578e+00 -2.000000e+00
    endloop
  endfacet
  facet normal -7.009086e-01 8.192447e-02 7.085305e-01
    outer loop
      vertex   -1.128755e+01 -7.903578e+00 -2.000000e+00
      vertex   -9.288943e+00 -8.101542e+00 -6.365200e-15
      vertex   -1.124038e+01 -7.500000e+00 -2.000000e+00
    endloop
  endfacet
  facet normal -7.059575e-01 5.699078e-02 7.059575e-01
    outer loop
      vertex   -1.124038e+01 -7.500000e+00 -2.000000e+00
      vertex   -9.288943e+00 -8.101542e+00 -6.365200e-15
      vertex   -9.240381e+00 -7.500000e+00 -5.967449e-15
    endloop
  endfacet
  facet normal -7.059575e-01 -5.699078e-02 7.059575e-01
    outer loop
      vertex   -1.124038e+01 -7.500000e+00 -2.000000e+00
      vertex   -9.240381e+00 -7.500000e+00 -5.967449e-15
      vertex   -9.288943e+00 -6.898458e+00 -5.580481e-15
    endloop
  endfacet
  facet normal -6.886378e-01 1.697340e-01 7.049598e-01
    outer loop
      vertex   -9.288943e+00 -8.101542e+00 -6.365200e-15
      vertex   -1.128755e+01 -7.903578e+00 -2.000000e+00
      vertex   -9.433370e+00 -8.687505e+00 -6.763432e-15
    endloop
  endfacet
  facet normal -6.627242e-01 2.412119e-01 7.089523e-01
    outer loop
      vertex   -9.433370e+00 -8.687505e+00 -6.763432e-15
      vertex   -1.128755e+01 -7.903578e+00 -2.000000e+00
      vertex   -1.142652e+01 -8.285399e+00 -2.000000e+00
    endloop
  endfacet
  facet normal -6.519444e-01 2.777676e-01 7.055591e-01
    outer loop
      vertex   -9.433370e+00 -8.687505e+00 -6.763432e-15
      vertex   -1.142652e+01 -8.285399e+00 -2.000000e+00
      vertex   -9.669921e+00 -9.242712e+00 -7.151832e-15
    endloop
  endfacet
  facet normal -5.981905e-01 3.782728e-01 7.064544e-01
    outer loop
      vertex   -9.669921e+00 -9.242712e+00 -7.151832e-15
      vertex   -1.142652e+01 -8.285399e+00 -2.000000e+00
      vertex   -9.992471e+00 -9.752784e+00 -7.520339e-15
    endloop
  endfacet
  facet normal -5.901185e-01 3.881270e-01 7.078966e-01
    outer loop
      vertex   -9.992471e+00 -9.752784e+00 -7.520339e-15
      vertex   -1.142652e+01 -8.285399e+00 -2.000000e+00
      vertex   -1.164980e+01 -8.624878e+00 -2.000000e+00
    endloop
  endfacet
  facet normal -5.308048e-01 4.702520e-01 7.050598e-01
    outer loop
      vertex   -9.992471e+00 -9.752784e+00 -7.520339e-15
      vertex   -1.164980e+01 -8.624878e+00 -2.000000e+00
      vertex   -1.039266e+01 -1.020451e+01 -7.859410e-15
    endloop
  endfacet
  facet normal -4.838309e-01 5.128308e-01 7.091630e-01
    outer loop
      vertex   -1.039266e+01 -1.020451e+01 -7.859410e-15
      vertex   -1.164980e+01 -8.624878e+00 -2.000000e+00
      vertex   -1.194535e+01 -8.903716e+00 -2.000000e+00
    endloop
  endfacet
  facet normal -4.483716e-01 5.491555e-01 7.052597e-01
    outer loop
      vertex   -1.039266e+01 -1.020451e+01 -7.859410e-15
      vertex   -1.194535e+01 -8.903716e+00 -2.000000e+00
      vertex   -1.086014e+01 -1.058619e+01 -8.160264e-15
    endloop
  endfacet
  facet normal -3.535823e-01 6.124225e-01 7.070489e-01
    outer loop
      vertex   -1.086014e+01 -1.058619e+01 -8.160264e-15
      vertex   -1.194535e+01 -8.903716e+00 -2.000000e+00
      vertex   -1.229724e+01 -9.106878e+00 -2.000000e+00
    endloop
  endfacet
  facet normal -3.535823e-01 6.124225e-01 7.070489e-01
    outer loop
      vertex   -1.086014e+01 -1.058619e+01 -8.160264e-15
      vertex   -1.229724e+01 -9.106878e+00 -2.000000e+00
      vertex   -1.138278e+01 -1.088794e+01 -8.415107e-15
    endloop
  endfacet
  facet normal -2.513968e-01 6.628789e-01 7.052597e-01
    outer loop
      vertex   -1.138278e+01 -1.088794e+01 -8.415107e-15
      vertex   -1.229724e+01 -9.106878e+00 -2.000000e+00
      vertex   -1.194707e+01 -1.110194e+01 -8.617340e-15
    endloop
  endfacet
  facet normal -2.022091e-01 6.754253e-01 7.091630e-01
    outer loop
      vertex   -1.194707e+01 -1.110194e+01 -8.617340e-15
      vertex   -1.229724e+01 -9.106878e+00 -2.000000e+00
      vertex   -1.268650e+01 -9.223414e+00 -2.000000e+00
    endloop
  endfacet
  facet normal -1.418478e-01 6.948164e-01 7.050598e-01
    outer loop
      vertex   -1.194707e+01 -1.110194e+01 -8.617340e-15
      vertex   -1.268650e+01 -9.223414e+00 -2.000000e+00
      vertex   -1.253837e+01 -1.122266e+01 -8.761725e-15
    endloop
  endfacet
  facet normal -4.106863e-02 7.051211e-01 7.078966e-01
    outer loop
      vertex   -1.253837e+01 -1.122266e+01 -8.761725e-15
      vertex   -1.268650e+01 -9.223414e+00 -2.000000e+00
      vertex   -1.309213e+01 -9.247039e+00 -2.000000e+00
    endloop
  endfacet
  facet normal -2.849856e-02 7.071846e-01 7.064544e-01
    outer loop
      vertex   -1.253837e+01 -1.122266e+01 -8.761725e-15
      vertex   -1.309213e+01 -9.247039e+00 -2.000000e+00
      vertex   -1.314138e+01 -1.124696e+01 -8.844523e-15
    endloop
  endfacet
  facet normal 8.541845e-02 7.034842e-01 7.055591e-01
    outer loop
      vertex   -1.314138e+01 -1.124696e+01 -8.844523e-15
      vertex   -1.309213e+01 -9.247039e+00 -2.000000e+00
      vertex   -1.374048e+01 -1.117422e+01 -8.863589e-15
    endloop
  endfacet
  facet normal 1.224665e-01 6.945420e-01 7.089523e-01
    outer loop
      vertex   -1.374048e+01 -1.117422e+01 -8.863589e-15
      vertex   -1.309213e+01 -9.247039e+00 -2.000000e+00
      vertex   -1.349229e+01 -9.176482e+00 -2.000000e+00
    endloop
  endfacet
  facet normal 1.973250e-01 6.812448e-01 7.049598e-01
    outer loop
      vertex   -1.374048e+01 -1.117422e+01 -8.863589e-15
      vertex   -1.349229e+01 -9.176482e+00 -2.000000e+00
      vertex   -1.432015e+01 -1.100631e+01 -8.818429e-15
    endloop
  endfacet
  facet normal 2.795056e-01 6.479669e-01 7.085305e-01
    outer loop
      vertex   -1.432015e+01 -1.100631e+01 -8.818429e-15
      vertex   -1.349229e+01 -9.176482e+00 -2.000000e+00
      vertex   -1.386538e+01 -9.015545e+00 -2.000000e+00
    endloop
  endfacet
  facet normal 3.036233e-01 6.398725e-01 7.059575e-01
    outer loop
      vertex   -1.432015e+01 -1.100631e+01 -8.818429e-15
      vertex   -1.386538e+01 -9.015545e+00 -2.000000e+00
      vertex   -1.486538e+01 -1.074760e+01 -8.710213e-15
    endloop
  endfacet
  facet normal 4.023342e-01 5.828818e-01 7.059575e-01
    outer loop
      vertex   -1.486538e+01 -1.074760e+01 -8.710213e-15
      vertex   -1.386538e+01 -9.015545e+00 -2.000000e+00
      vertex   -1.536205e+01 -1.040477e+01 -8.541744e-15
    endloop
  endfacet
  facet normal 4.214030e-01 5.660424e-01 7.085305e-01
    outer loop
      vertex   -1.536205e+01 -1.040477e+01 -8.541744e-15
      vertex   -1.386538e+01 -9.015545e+00 -2.000000e+00
      vertex   -1.419130e+01 -8.772904e+00 -2.000000e+00
    endloop
  endfacet
  facet normal 4.913128e-01 5.115108e-01 7.049598e-01
    outer loop
      vertex   -1.536205e+01 -1.040477e+01 -8.541744e-15
      vertex   -1.419130e+01 -8.772904e+00 -2.000000e+00
      vertex   -1.579730e+01 -9.986710e+00 -8.317384e-15
    endloop
  endfacet
  facet normal 5.402577e-01 4.533301e-01 7.089523e-01
    outer loop
      vertex   -1.579730e+01 -9.986710e+00 -8.317384e-15
      vertex   -1.419130e+01 -8.772904e+00 -2.000000e+00
      vertex   -1.445248e+01 -8.461641e+00 -2.000000e+00
    endloop
  endfacet
  facet normal 5.665260e-01 4.257167e-01 7.055591e-01
    outer loop
      vertex   -1.579730e+01 -9.986710e+00 -8.317384e-15
      vertex   -1.445248e+01 -8.461641e+00 -2.000000e+00
      vertex   -1.615984e+01 -9.504247e+00 -8.042946e-15
    endloop
  endfacet
  facet normal 6.266891e-01 3.289118e-01 7.064544e-01
    outer loop
      vertex   -1.615984e+01 -9.504247e+00 -8.042946e-15
      vertex   -1.445248e+01 -8.461641e+00 -2.000000e+00
      vertex   -1.644030e+01 -8.969875e+00 -7.725535e-15
    endloop
  endfacet
  facet normal 6.311871e-01 3.169941e-01 7.078966e-01
    outer loop
      vertex   -1.644030e+01 -8.969875e+00 -7.725535e-15
      vertex   -1.445248e+01 -8.461641e+00 -2.000000e+00
      vertex   -1.463484e+01 -8.098535e+00 -2.000000e+00
    endloop
  endfacet
  facet normal 6.726525e-01 2.245644e-01 7.050598e-01
    outer loop
      vertex   -1.644030e+01 -8.969875e+00 -7.725535e-15
      vertex   -1.463484e+01 -8.098535e+00 -2.000000e+00
      vertex   -1.663141e+01 -8.397434e+00 -7.373375e-15
    endloop
  endfacet
  facet normal 6.860400e-01 1.625945e-01 7.091630e-01
    outer loop
      vertex   -1.663141e+01 -8.397434e+00 -7.373375e-15
      vertex   -1.463484e+01 -8.098535e+00 -2.000000e+00
      vertex   -1.472855e+01 -7.703163e+00 -2.000000e+00
    endloop
  endfacet
  facet normal 6.997684e-01 1.137234e-01 7.052597e-01
    outer loop
      vertex   -1.663141e+01 -8.397434e+00 -7.373375e-15
      vertex   -1.472855e+01 -7.703163e+00 -2.000000e+00
      vertex   -1.672822e+01 -7.801750e+00 -6.995584e-15
    endloop
  endfacet
  facet normal 7.071646e-01 0.000000e+00 7.070489e-01
    outer loop
      vertex   -1.672822e+01 -7.801750e+00 -6.995584e-15
      vertex   -1.472855e+01 -7.703163e+00 -2.000000e+00
      vertex   -1.472855e+01 -7.296838e+00 -2.000000e+00
    endloop
  endfacet
  facet normal 7.071646e-01 -4.611769e-16 7.070489e-01
    outer loop
      vertex   -1.672822e+01 -7.801750e+00 -6.995584e-15
      vertex   -1.472855e+01 -7.296838e+00 -2.000000e+00
      vertex   -1.672822e+01 -7.198250e+00 -6.601948e-15
    endloop
  endfacet
  facet normal 6.997684e-01 -1.137234e-01 7.052597e-01
    outer loop
      vertex   -1.672822e+01 -7.198250e+00 -6.601948e-15
      vertex   -1.472855e+01 -7.296838e+00 -2.000000e+00
      vertex   -1.663141e+01 -6.602566e+00 -6.202662e-15
    endloop
  endfacet
  facet normal 6.860400e-01 -1.625945e-01 7.091630e-01
    outer loop
      vertex   -1.663141e+01 -6.602566e+00 -6.202662e-15
      vertex   -1.472855e+01 -7.296838e+00 -2.000000e+00
      vertex   -1.463484e+01 -6.901465e+00 -2.000000e+00
    endloop
  endfacet
  facet normal 6.726525e-01 -2.245644e-01 7.050598e-01
    outer loop
      vertex   -1.663141e+01 -6.602566e+00 -6.202662e-15
      vertex   -1.463484e+01 -6.901465e+00 -2.000000e+00
      vertex   -1.644030e+01 -6.030125e+00 -5.808066e-15
    endloop
  endfacet
  facet normal 6.311871e-01 -3.169941e-01 7.078966e-01
    outer loop
      vertex   -1.644030e+01 -6.030125e+00 -5.808066e-15
      vertex   -1.463484e+01 -6.901465e+00 -2.000000e+00
      vertex   -1.445248e+01 -6.538359e+00 -2.000000e+00
    endloop
  endfacet
  facet normal 6.266891e-01 -3.289118e-01 7.064544e-01
    outer loop
      vertex   -1.644030e+01 -6.030125e+00 -5.808066e-15
      vertex   -1.445248e+01 -6.538359e+00 -2.000000e+00
      vertex   -1.615984e+01 -5.495753e+00 -5.428381e-15
    endloop
  endfacet
  facet normal 5.665260e-01 -4.257167e-01 7.055591e-01
    outer loop
      vertex   -1.615984e+01 -5.495753e+00 -5.428381e-15
      vertex   -1.445248e+01 -6.538359e+00 -2.000000e+00
      vertex   -1.579730e+01 -5.013290e+00 -5.073441e-15
    endloop
  endfacet
  facet normal 5.402577e-01 -4.533301e-01 7.089523e-01
    outer loop
      vertex   -1.579730e+01 -5.013290e+00 -5.073441e-15
      vertex   -1.445248e+01 -6.538359e+00 -2.000000e+00
      vertex   -1.419130e+01 -6.227096e+00 -2.000000e+00
    endloop
  endfacet
  facet normal 4.913128e-01 -5.115108e-01 7.049598e-01
    outer loop
      vertex   -1.579730e+01 -5.013290e+00 -5.073441e-15
      vertex   -1.419130e+01 -6.227096e+00 -2.000000e+00
      vertex   -1.536205e+01 -4.595232e+00 -4.752438e-15
    endloop
  endfacet
  facet normal 4.214030e-01 -5.660424e-01 7.085305e-01
    outer loop
      vertex   -1.536205e+01 -4.595232e+00 -4.752438e-15
      vertex   -1.419130e+01 -6.227096e+00 -2.000000e+00
      vertex   -1.386538e+01 -5.984456e+00 -2.000000e+00
    endloop
  endfacet
  facet normal 4.023342e-01 -5.828818e-01 7.059575e-01
    outer loop
      vertex   -1.536205e+01 -4.595232e+00 -4.752438e-15
      vertex   -1.386538e+01 -5.984456e+00 -2.000000e+00
      vertex   -1.486538e+01 -4.252405e+00 -4.473686e-15
    endloop
  endfacet
  facet normal 3.036233e-01 -6.398725e-01 7.059575e-01
    outer loop
      vertex   -1.486538e+01 -4.252405e+00 -4.473686e-15
      vertex   -1.386538e+01 -5.984456e+00 -2.000000e+00
      vertex   -1.432015e+01 -3.993689e+00 -4.244404e-15
    endloop
  endfacet
  facet normal 2.795056e-01 -6.479669e-01 7.085305e-01
    outer loop
      vertex   -1.432015e+01 -3.993689e+00 -4.244404e-15
      vertex   -1.386538e+01 -5.984456e+00 -2.000000e+00
      vertex   -1.349229e+01 -5.823518e+00 -2.000000e+00
    endloop
  endfacet
  facet normal 1.973250e-01 -6.812448e-01 7.049598e-01
    outer loop
      vertex   -1.432015e+01 -3.993689e+00 -4.244404e-15
      vertex   -1.349229e+01 -5.823518e+00 -2.000000e+00
      vertex   -1.374048e+01 -3.825785e+00 -4.070531e-15
    endloop
  endfacet
  facet normal 1.224665e-01 -6.945420e-01 7.089523e-01
    outer loop
      vertex   -1.374048e+01 -3.825785e+00 -4.070531e-15
      vertex   -1.349229e+01 -5.823518e+00 -2.000000e+00
      vertex   -1.309213e+01 -5.752961e+00 -2.000000e+00
    endloop
  endfacet
  facet normal 8.541845e-02 -7.034842e-01 7.055591e-01
    outer loop
      vertex   -1.374048e+01 -3.825785e+00 -4.070531e-15
      vertex   -1.309213e+01 -5.752961e+00 -2.000000e+00
      vertex   -1.314138e+01 -3.753041e+00 -3.956570e-15
    endloop
  endfacet
  facet normal -2.849856e-02 -7.071846e-01 7.064544e-01
    outer loop
      vertex   -1.314138e+01 -3.753041e+00 -3.956570e-15
      vertex   -1.309213e+01 -5.752961e+00 -2.000000e+00
      vertex   -1.253837e+01 -3.777342e+00 -3.905473e-15
    endloop
  endfacet
  facet normal -4.106863e-02 -7.051211e-01 7.078966e-01
    outer loop
      vertex   -1.253837e+01 -3.777342e+00 -3.905473e-15
      vertex   -1.309213e+01 -5.752961e+00 -2.000000e+00
      vertex   -1.268650e+01 -5.776587e+00 -2.000000e+00
    endloop
  endfacet
  facet normal -1.418478e-01 -6.948164e-01 7.050598e-01
    outer loop
      vertex   -1.253837e+01 -3.777342e+00 -3.905473e-15
      vertex   -1.268650e+01 -5.776587e+00 -2.000000e+00
      vertex   -1.194707e+01 -3.898057e+00 -3.918562e-15
    endloop
  endfacet
  facet normal -2.022091e-01 -6.754253e-01 7.091630e-01
    outer loop
      vertex   -1.194707e+01 -3.898057e+00 -3.918562e-15
      vertex   -1.268650e+01 -5.776587e+00 -2.000000e+00
      vertex   -1.229724e+01 -5.893122e+00 -2.000000e+00
    endloop
  endfacet
  facet normal -2.513968e-01 -6.628789e-01 7.052597e-01
    outer loop
      vertex   -1.194707e+01 -3.898057e+00 -3.918562e-15
      vertex   -1.229724e+01 -5.893122e+00 -2.000000e+00
      vertex   -1.138278e+01 -4.112061e+00 -3.995500e-15
    endloop
  endfacet
  facet normal -3.535823e-01 -6.124225e-01 7.070489e-01
    outer loop
      vertex   -1.138278e+01 -4.112061e+00 -3.995500e-15
      vertex   -1.229724e+01 -5.893122e+00 -2.000000e+00
      vertex   -1.194535e+01 -6.096285e+00 -2.000000e+00
    endloop
  endfacet
  facet normal -3.535823e-01 -6.124225e-01 7.070489e-01
    outer loop
      vertex   -1.138278e+01 -4.112061e+00 -3.995500e-15
      vertex   -1.194535e+01 -6.096285e+00 -2.000000e+00
      vertex   -1.086014e+01 -4.413811e+00 -4.134292e-15
    endloop
  endfacet
  facet normal -4.483716e-01 -5.491555e-01 7.052597e-01
    outer loop
      vertex   -1.086014e+01 -4.413811e+00 -4.134292e-15
      vertex   -1.194535e+01 -6.096285e+00 -2.000000e+00
      vertex   -1.039266e+01 -4.795491e+00 -4.331346e-15
    endloop
  endfacet
  facet normal -4.838309e-01 -5.128308e-01 7.091630e-01
    outer loop
      vertex   -1.039266e+01 -4.795491e+00 -4.331346e-15
      vertex   -1.194535e+01 -6.096285e+00 -2.000000e+00
      vertex   -1.164980e+01 -6.375122e+00 -2.000000e+00
    endloop
  endfacet
  facet normal -5.308048e-01 -4.702520e-01 7.050598e-01
    outer loop
      vertex   -1.039266e+01 -4.795491e+00 -4.331346e-15
      vertex   -1.164980e+01 -6.375122e+00 -2.000000e+00
      vertex   -9.992471e+00 -5.247217e+00 -4.581556e-15
    endloop
  endfacet
  facet normal -5.901185e-01 -3.881270e-01 7.078966e-01
    outer loop
      vertex   -9.992471e+00 -5.247217e+00 -4.581556e-15
      vertex   -1.164980e+01 -6.375122e+00 -2.000000e+00
      vertex   -1.142652e+01 -6.714602e+00 -2.000000e+00
    endloop
  endfacet
  facet normal -5.981905e-01 -3.782728e-01 7.064544e-01
    outer loop
      vertex   -9.992471e+00 -5.247217e+00 -4.581556e-15
      vertex   -1.142652e+01 -6.714602e+00 -2.000000e+00
      vertex   -9.669921e+00 -5.757288e+00 -4.878443e-15
    endloop
  endfacet
  facet normal -6.519444e-01 -2.777676e-01 7.055591e-01
    outer loop
      vertex   -9.669921e+00 -5.757288e+00 -4.878443e-15
      vertex   -1.142652e+01 -6.714602e+00 -2.000000e+00
      vertex   -9.433370e+00 -6.312495e+00 -5.214317e-15
    endloop
  endfacet
  facet normal -6.627242e-01 -2.412119e-01 7.089523e-01
    outer loop
      vertex   -9.433370e+00 -6.312495e+00 -5.214317e-15
      vertex   -1.142652e+01 -6.714602e+00 -2.000000e+00
      vertex   -1.128755e+01 -7.096422e+00 -2.000000e+00
    endloop
  endfacet
  facet normal -6.886378e-01 -1.697340e-01 7.049598e-01
    outer loop
      vertex   -9.433370e+00 -6.312495e+00 -5.214317e-15
      vertex   -1.128755e+01 -7.096422e+00 -2.000000e+00
      vertex   -9.288943e+00 -6.898458e+00 -5.580481e-15
    endloop
  endfacet
  facet normal -7.009086e-01 -8.192447e-02 7.085305e-01
    outer loop
      vertex   -9.288943e+00 -6.898458e+00 -5.580481e-15
      vertex   -1.128755e+01 -7.096422e+00 -2.000000e+00
      vertex   -1.124038e+01 -7.500000e+00 -2.000000e+00
    endloop
  endfacet
  facet normal -9.932384e-01 1.160929e-01 0.000000e+00
    outer loop
      vertex   -1.128755e+01 -7.903578e+00 -5.250000e+00
      vertex   -1.128755e+01 -7.903578e+00 -2.000000e+00
      vertex   -1.124038e+01 -7.500000e+00 -5.250000e+00
    endloop
  endfacet
  facet normal -9.932384e-01 1.160929e-01 0.000000e+00
    outer loop
      vertex   -1.124038e+01 -7.500000e+00 -5.250000e+00
      vertex   -1.128755e+01 -7.903578e+00 -2.000000e+00
      vertex   -1.124038e+01 -7.500000e+00 -2.000000e+00
    endloop
  endfacet
  facet normal -9.932384e-01 -1.160929e-01 0.000000e+00
    outer loop
      vertex   -1.124038e+01 -7.500000e+00 -5.250000e+00
      vertex   -1.124038e+01 -7.500000e+00 -2.000000e+00
      vertex   -1.128755e+01 -7.096422e+00 -5.250000e+00
    endloop
  endfacet
  facet normal -9.932384e-01 -1.160929e-01 0.000000e+00
    outer loop
      vertex   -1.128755e+01 -7.096422e+00 -5.250000e+00
      vertex   -1.124038e+01 -7.500000e+00 -2.000000e+00
      vertex   -1.128755e+01 -7.096422e+00 -2.000000e+00
    endloop
  endfacet
  facet normal -9.396926e-01 -3.420201e-01 0.000000e+00
    outer loop
      vertex   -1.128755e+01 -7.096422e+00 -5.250000e+00
      vertex   -1.128755e+01 -7.096422e+00 -2.000000e+00
      vertex   -1.142652e+01 -6.714602e+00 -5.250000e+00
    endloop
  endfacet
  facet normal -9.396926e-01 -3.420201e-01 0.000000e+00
    outer loop
      vertex   -1.142652e+01 -6.714602e+00 -5.250000e+00
      vertex   -1.128755e+01 -7.096422e+00 -2.000000e+00
      vertex   -1.142652e+01 -6.714602e+00 -2.000000e+00
    endloop
  endfacet
  facet normal -8.354878e-01 -5.495090e-01 0.000000e+00
    outer loop
      vertex   -1.142652e+01 -6.714602e+00 -5.250000e+00
      vertex   -1.142652e+01 -6.714602e+00 -2.000000e+00
      vertex   -1.164980e+01 -6.375122e+00 -5.250000e+00
    endloop
  endfacet
  facet normal -8.354878e-01 -5.495090e-01 0.000000e+00
    outer loop
      vertex   -1.164980e+01 -6.375122e+00 -5.250000e+00
      vertex   -1.142652e+01 -6.714602e+00 -2.000000e+00
      vertex   -1.164980e+01 -6.375122e+00 -2.000000e+00
    endloop
  endfacet
  facet normal -6.862416e-01 -7.273736e-01 0.000000e+00
    outer loop
      vertex   -1.164980e+01 -6.375122e+00 -5.250000e+00
      vertex   -1.164980e+01 -6.375122e+00 -2.000000e+00
      vertex   -1.194535e+01 -6.096285e+00 -5.250000e+00
    endloop
  endfacet
  facet normal -6.862416e-01 -7.273736e-01 0.000000e+00
    outer loop
      vertex   -1.194535e+01 -6.096285e+00 -5.250000e+00
      vertex   -1.164980e+01 -6.375122e+00 -2.000000e+00
      vertex   -1.194535e+01 -6.096285e+00 -2.000000e+00
    endloop
  endfacet
  facet normal -5.000000e-01 -8.660254e-01 0.000000e+00
    outer loop
      vertex   -1.194535e+01 -6.096285e+00 -5.250000e+00
      vertex   -1.194535e+01 -6.096285e+00 -2.000000e+00
      vertex   -1.229724e+01 -5.893122e+00 -5.250000e+00
    endloop
  endfacet
  facet normal -5.000000e-01 -8.660254e-01 -2.732857e-16
    outer loop
      vertex   -1.229724e+01 -5.893122e+00 -5.250000e+00
      vertex   -1.194535e+01 -6.096285e+00 -2.000000e+00
      vertex   -1.229724e+01 -5.893122e+00 -2.000000e+00
    endloop
  endfacet
  facet normal -2.868032e-01 -9.579895e-01 -1.567584e-16
    outer loop
      vertex   -1.229724e+01 -5.893122e+00 -5.250000e+00
      vertex   -1.229724e+01 -5.893122e+00 -2.000000e+00
      vertex   -1.268650e+01 -5.776587e+00 -5.250000e+00
    endloop
  endfacet
  facet normal -2.868032e-01 -9.579895e-01 0.000000e+00
    outer loop
      vertex   -1.268650e+01 -5.776587e+00 -5.250000e+00
      vertex   -1.229724e+01 -5.893122e+00 -2.000000e+00
      vertex   -1.268650e+01 -5.776587e+00 -2.000000e+00
    endloop
  endfacet
  facet normal -5.814483e-02 -9.983082e-01 0.000000e+00
    outer loop
      vertex   -1.268650e+01 -5.776587e+00 -5.250000e+00
      vertex   -1.268650e+01 -5.776587e+00 -2.000000e+00
      vertex   -1.309213e+01 -5.752961e+00 -5.250000e+00
    endloop
  endfacet
  facet normal -5.814483e-02 -9.983082e-01 0.000000e+00
    outer loop
      vertex   -1.309213e+01 -5.752961e+00 -5.250000e+00
      vertex   -1.268650e+01 -5.776587e+00 -2.000000e+00
      vertex   -1.309213e+01 -5.752961e+00 -2.000000e+00
    endloop
  endfacet
  facet normal 1.736482e-01 -9.848078e-01 0.000000e+00
    outer loop
      vertex   -1.309213e+01 -5.752961e+00 -5.250000e+00
      vertex   -1.309213e+01 -5.752961e+00 -2.000000e+00
      vertex   -1.349229e+01 -5.823518e+00 -5.250000e+00
    endloop
  endfacet
  facet normal 1.736482e-01 -9.848078e-01 0.000000e+00
    outer loop
      vertex   -1.349229e+01 -5.823518e+00 -5.250000e+00
      vertex   -1.309213e+01 -5.752961e+00 -2.000000e+00
      vertex   -1.349229e+01 -5.823518e+00 -2.000000e+00
    endloop
  endfacet
  facet normal 3.960798e-01 -9.182161e-01 0.000000e+00
    outer loop
      vertex   -1.349229e+01 -5.823518e+00 -5.250000e+00
      vertex   -1.349229e+01 -5.823518e+00 -2.000000e+00
      vertex   -1.386538e+01 -5.984456e+00 -5.250000e+00
    endloop
  endfacet
  facet normal 3.960798e-01 -9.182161e-01 -2.853848e-16
    outer loop
      vertex   -1.386538e+01 -5.984456e+00 -5.250000e+00
      vertex   -1.349229e+01 -5.823518e+00 -2.000000e+00
      vertex   -1.386538e+01 -5.984456e+00 -2.000000e+00
    endloop
  endfacet
  facet normal 5.971586e-01 -8.021232e-01 -1.120278e-16
    outer loop
      vertex   -1.386538e+01 -5.984456e+00 -5.250000e+00
      vertex   -1.386538e+01 -5.984456e+00 -2.000000e+00
      vertex   -1.419130e+01 -6.227096e+00 -5.250000e+00
    endloop
  endfacet
  facet normal 5.971586e-01 -8.021232e-01 0.000000e+00
    outer loop
      vertex   -1.419130e+01 -6.227096e+00 -5.250000e+00
      vertex   -1.386538e+01 -5.984456e+00 -2.000000e+00
      vertex   -1.419130e+01 -6.227096e+00 -2.000000e+00
    endloop
  endfacet
  facet normal 7.660444e-01 -6.427876e-01 0.000000e+00
    outer loop
      vertex   -1.419130e+01 -6.227096e+00 -5.250000e+00
      vertex   -1.419130e+01 -6.227096e+00 -2.000000e+00
      vertex   -1.445248e+01 -6.538359e+00 -5.250000e+00
    endloop
  endfacet
  facet normal 7.660444e-01 -6.427876e-01 0.000000e+00
    outer loop
      vertex   -1.445248e+01 -6.538359e+00 -5.250000e+00
      vertex   -1.419130e+01 -6.227096e+00 -2.000000e+00
      vertex   -1.445248e+01 -6.538359e+00 -2.000000e+00
    endloop
  endfacet
  facet normal 8.936326e-01 -4.487992e-01 0.000000e+00
    outer loop
      vertex   -1.445248e+01 -6.538359e+00 -5.250000e+00
      vertex   -1.445248e+01 -6.538359e+00 -2.000000e+00
      vertex   -1.463484e+01 -6.901465e+00 -5.250000e+00
    endloop
  endfacet
  facet normal 8.936326e-01 -4.487992e-01 0.000000e+00
    outer loop
      vertex   -1.463484e+01 -6.901465e+00 -5.250000e+00
      vertex   -1.445248e+01 -6.538359e+00 -2.000000e+00
      vertex   -1.463484e+01 -6.901465e+00 -2.000000e+00
    endloop
  endfacet
  facet normal 9.730449e-01 -2.306159e-01 0.000000e+00
    outer loop
      vertex   -1.463484e+01 -6.901465e+00 -5.250000e+00
      vertex   -1.463484e+01 -6.901465e+00 -2.000000e+00
      vertex   -1.472855e+01 -7.296838e+00 -5.250000e+00
    endloop
  endfacet
  facet normal 9.730449e-01 -2.306159e-01 0.000000e+00
    outer loop
      vertex   -1.472855e+01 -7.296838e+00 -5.250000e+00
      vertex   -1.463484e+01 -6.901465e+00 -2.000000e+00
      vertex   -1.472855e+01 -7.296838e+00 -2.000000e+00
    endloop
  endfacet
  facet normal 1.000000e+00 0.000000e+00 -0.000000e+00
    outer loop
      vertex   -1.472855e+01 -7.296838e+00 -5.250000e+00
      vertex   -1.472855e+01 -7.296838e+00 -2.000000e+00
      vertex   -1.472855e+01 -7.703163e+00 -5.250000e+00
    endloop
  endfacet
  facet normal 1.000000e+00 0.000000e+00 0.000000e+00
    outer loop
      vertex   -1.472855e+01 -7.703163e+00 -5.250000e+00
      vertex   -1.472855e+01 -7.296838e+00 -2.000000e+00
      vertex   -1.472855e+01 -7.703163e+00 -2.000000e+00
    endloop
  endfacet
  facet normal 9.730449e-01 2.306159e-01 -0.000000e+00
    outer loop
      vertex   -1.472855e+01 -7.703163e+00 -5.250000e+00
      vertex   -1.472855e+01 -7.703163e+00 -2.000000e+00
      vertex   -1.463484e+01 -8.098535e+00 -5.250000e+00
    endloop
  endfacet
  facet normal 9.730449e-01 2.306159e-01 -0.000000e+00
    outer loop
      vertex   -1.463484e+01 -8.098535e+00 -5.250000e+00
      vertex   -1.472855e+01 -7.703163e+00 -2.000000e+00
      vertex   -1.463484e+01 -8.098535e+00 -2.000000e+00
    endloop
  endfacet
  facet normal 8.936326e-01 4.487992e-01 -0.000000e+00
    outer loop
      vertex   -1.463484e+01 -8.098535e+00 -5.250000e+00
      vertex   -1.463484e+01 -8.098535e+00 -2.000000e+00
      vertex   -1.445248e+01 -8.461641e+00 -5.250000e+00
    endloop
  endfacet
  facet normal 8.936326e-01 4.487992e-01 -0.000000e+00
    outer loop
      vertex   -1.445248e+01 -8.461641e+00 -5.250000e+00
      vertex   -1.463484e+01 -8.098535e+00 -2.000000e+00
      vertex   -1.445248e+01 -8.461641e+00 -2.000000e+00
    endloop
  endfacet
  facet normal 7.660444e-01 6.427876e-01 -0.000000e+00
    outer loop
      vertex   -1.445248e+01 -8.461641e+00 -5.250000e+00
      vertex   -1.445248e+01 -8.461641e+00 -2.000000e+00
      vertex   -1.419130e+01 -8.772904e+00 -5.250000e+00
    endloop
  endfacet
  facet normal 7.660444e-01 6.427876e-01 -0.000000e+00
    outer loop
      vertex   -1.419130e+01 -8.772904e+00 -5.250000e+00
      vertex   -1.445248e+01 -8.461641e+00 -2.000000e+00
      vertex   -1.419130e+01 -8.772904e+00 -2.000000e+00
    endloop
  endfacet
  facet normal 5.971586e-01 8.021232e-01 -0.000000e+00
    outer loop
      vertex   -1.419130e+01 -8.772904e+00 -5.250000e+00
      vertex   -1.419130e+01 -8.772904e+00 -2.000000e+00
      vertex   -1.386538e+01 -9.015545e+00 -5.250000e+00
    endloop
  endfacet
  facet normal 5.971586e-01 8.021232e-01 1.120278e-16
    outer loop
      vertex   -1.386538e+01 -9.015545e+00 -5.250000e+00
      vertex   -1.419130e+01 -8.772904e+00 -2.000000e+00
      vertex   -1.386538e+01 -9.015545e+00 -2.000000e+00
    endloop
  endfacet
  facet normal 3.960798e-01 9.182161e-01 2.853848e-16
    outer loop
      vertex   -1.386538e+01 -9.015545e+00 -5.250000e+00
      vertex   -1.386538e+01 -9.015545e+00 -2.000000e+00
      vertex   -1.349229e+01 -9.176482e+00 -5.250000e+00
    endloop
  endfacet
  facet normal 3.960798e-01 9.182161e-01 -0.000000e+00
    outer loop
      vertex   -1.349229e+01 -9.176482e+00 -5.250000e+00
      vertex   -1.386538e+01 -9.015545e+00 -2.000000e+00
      vertex   -1.349229e+01 -9.176482e+00 -2.000000e+00
    endloop
  endfacet
  facet normal 1.736482e-01 9.848078e-01 -0.000000e+00
    outer loop
      vertex   -1.349229e+01 -9.176482e+00 -5.250000e+00
      vertex   -1.349229e+01 -9.176482e+00 -2.000000e+00
      vertex   -1.309213e+01 -9.247039e+00 -5.250000e+00
    endloop
  endfacet
  facet normal 1.736482e-01 9.848078e-01 -0.000000e+00
    outer loop
      vertex   -1.309213e+01 -9.247039e+00 -5.250000e+00
      vertex   -1.349229e+01 -9.176482e+00 -2.000000e+00
      vertex   -1.309213e+01 -9.247039e+00 -2.000000e+00
    endloop
  endfacet
  facet normal -5.814483e-02 9.983082e-01 0.000000e+00
    outer loop
      vertex   -1.309213e+01 -9.247039e+00 -5.250000e+00
      vertex   -1.309213e+01 -9.247039e+00 -2.000000e+00
      vertex   -1.268650e+01 -9.223414e+00 -5.250000e+00
    endloop
  endfacet
  facet normal -5.814483e-02 9.983082e-01 0.000000e+00
    outer loop
      vertex   -1.268650e+01 -9.223414e+00 -5.250000e+00
      vertex   -1.309213e+01 -9.247039e+00 -2.000000e+00
      vertex   -1.268650e+01 -9.223414e+00 -2.000000e+00
    endloop
  endfacet
  facet normal -2.868032e-01 9.579895e-01 0.000000e+00
    outer loop
      vertex   -1.268650e+01 -9.223414e+00 -5.250000e+00
      vertex   -1.268650e+01 -9.223414e+00 -2.000000e+00
      vertex   -1.229724e+01 -9.106878e+00 -5.250000e+00
    endloop
  endfacet
  facet normal -2.868032e-01 9.579895e-01 1.567584e-16
    outer loop
      vertex   -1.229724e+01 -9.106878e+00 -5.250000e+00
      vertex   -1.268650e+01 -9.223414e+00 -2.000000e+00
      vertex   -1.229724e+01 -9.106878e+00 -2.000000e+00
    endloop
  endfacet
  facet normal -5.000000e-01 8.660254e-01 2.732857e-16
    outer loop
      vertex   -1.229724e+01 -9.106878e+00 -5.250000e+00
      vertex   -1.229724e+01 -9.106878e+00 -2.000000e+00
      vertex   -1.194535e+01 -8.903716e+00 -5.250000e+00
    endloop
  endfacet
  facet normal -5.000000e-01 8.660254e-01 0.000000e+00
    outer loop
      vertex   -1.194535e+01 -8.903716e+00 -5.250000e+00
      vertex   -1.229724e+01 -9.106878e+00 -2.000000e+00
      vertex   -1.194535e+01 -8.903716e+00 -2.000000e+00
    endloop
  endfacet
  facet normal -6.862416e-01 7.273736e-01 0.000000e+00
    outer loop
      vertex   -1.194535e+01 -8.903716e+00 -5.250000e+00
      vertex   -1.194535e+01 -8.903716e+00 -2.000000e+00
      vertex   -1.164980e+01 -8.624878e+00 -5.250000e+00
    endloop
  endfacet
  facet normal -6.862416e-01 7.273736e-01 0.000000e+00
    outer loop
      vertex   -1.164980e+01 -8.624878e+00 -5.250000e+00
      vertex   -1.194535e+01 -8.903716e+00 -2.000000e+00
      vertex   -1.164980e+01 -8.624878e+00 -2.000000e+00
    endloop
  endfacet
  facet normal -8.354878e-01 5.495090e-01 0.000000e+00
    outer loop
      vertex   -1.164980e+01 -8.624878e+00 -5.250000e+00
      vertex   -1.164980e+01 -8.624878e+00 -2.000000e+00
      vertex   -1.142652e+01 -8.285399e+00 -5.250000e+00
    endloop
  endfacet
  facet normal -8.354878e-01 5.495090e-01 0.000000e+00
    outer loop
      vertex   -1.142652e+01 -8.285399e+00 -5.250000e+00
      vertex   -1.164980e+01 -8.624878e+00 -2.000000e+00
      vertex   -1.142652e+01 -8.285399e+00 -2.000000e+00
    endloop
  endfacet
  facet normal -9.396926e-01 3.420201e-01 0.000000e+00
    outer loop
      vertex   -1.142652e+01 -8.285399e+00 -5.250000e+00
      vertex   -1.142652e+01 -8.285399e+00 -2.000000e+00
      vertex   -1.128755e+01 -7.903578e+00 -5.250000e+00
    endloop
  endfacet
  facet normal -9.396926e-01 3.420201e-01 0.000000e+00
    outer loop
      vertex   -1.128755e+01 -7.903578e+00 -5.250000e+00
      vertex   -1.142652e+01 -8.285399e+00 -2.000000e+00
      vertex   -1.128755e+01 -7.903578e+00 -2.000000e+00
    endloop
  endfacet
  facet normal -9.897231e-01 -3.575470e-02 -1.384547e-01
    outer loop
      vertex   -1.895047e+01 -1.370997e+00 -4.750000e+00
      vertex   -1.897921e+01 -1.327156e+00 -4.555886e+00
      vertex   -1.900000e+01 -5.425045e-15 -4.750000e+00
    endloop
  endfacet
  facet normal -9.908512e-01 -3.460129e-02 -1.304480e-01
    outer loop
      vertex   -1.900000e+01 -5.425045e-15 -4.750000e+00
      vertex   -1.897921e+01 -1.327156e+00 -4.555886e+00
      vertex   -1.902556e+01 -4.056777e-16 -4.555886e+00
    endloop
  endfacet
  facet normal -9.908512e-01 3.460129e-02 -1.304480e-01
    outer loop
      vertex   -1.900000e+01 -5.425045e-15 -4.750000e+00
      vertex   -1.902556e+01 -4.056777e-16 -4.555886e+00
      vertex   -1.897921e+01 1.327156e+00 -4.555886e+00
    endloop
  endfacet
  facet normal -9.233991e-01 3.224581e-02 -3.824844e-01
    outer loop
      vertex   -1.897921e+01 1.327156e+00 -4.555886e+00
      vertex   -1.902556e+01 -4.056777e-16 -4.555886e+00
      vertex   -1.910048e+01 -5.144858e-16 -4.375000e+00
    endloop
  endfacet
  facet normal -9.233991e-01 3.224581e-02 -3.824844e-01
    outer loop
      vertex   -1.897921e+01 1.327156e+00 -4.555886e+00
      vertex   -1.910048e+01 -5.144858e-16 -4.375000e+00
      vertex   -1.905395e+01 1.332382e+00 -4.375000e+00
    endloop
  endfacet
  facet normal -7.930491e-01 2.769388e-02 -6.085279e-01
    outer loop
      vertex   -1.905395e+01 1.332382e+00 -4.375000e+00
      vertex   -1.910048e+01 -5.144858e-16 -4.375000e+00
      vertex   -1.921967e+01 -6.012043e-16 -4.219670e+00
    endloop
  endfacet
  facet normal -7.930491e-01 2.769388e-02 -6.085279e-01
    outer loop
      vertex   -1.905395e+01 1.332382e+00 -4.375000e+00
      vertex   -1.921967e+01 -6.012043e-16 -4.219670e+00
      vertex   -1.917285e+01 1.340696e+00 -4.219670e+00
    endloop
  endfacet
  facet normal -6.086239e-01 2.125362e-02 -7.931741e-01
    outer loop
      vertex   -1.917285e+01 1.340696e+00 -4.219670e+00
      vertex   -1.921967e+01 -6.012043e-16 -4.219670e+00
      vertex   -1.937500e+01 -6.599236e-16 -4.100481e+00
    endloop
  endfacet
  facet normal -6.086239e-01 2.125362e-02 -7.931741e-01
    outer loop
      vertex   -1.917285e+01 1.340696e+00 -4.219670e+00
      vertex   -1.937500e+01 -6.599236e-16 -4.100481e+00
      vertex   -1.932780e+01 1.351532e+00 -4.100481e+00
    endloop
  endfacet
  facet normal -3.826493e-01 1.336241e-02 -9.237970e-01
    outer loop
      vertex   -1.932780e+01 1.351532e+00 -4.100481e+00
      vertex   -1.937500e+01 -6.599236e-16 -4.100481e+00
      vertex   -1.955589e+01 -6.866420e-16 -4.025556e+00
    endloop
  endfacet
  facet normal -3.826493e-01 1.336241e-02 -9.237970e-01
    outer loop
      vertex   -1.932780e+01 1.351532e+00 -4.100481e+00
      vertex   -1.955589e+01 -6.866420e-16 -4.025556e+00
      vertex   -1.950825e+01 1.364150e+00 -4.025556e+00
    endloop
  endfacet
  facet normal -1.305248e-01 4.558028e-03 -9.914346e-01
    outer loop
      vertex   -1.950825e+01 1.364150e+00 -4.025556e+00
      vertex   -1.955589e+01 -6.866420e-16 -4.025556e+00
      vertex   -1.975000e+01 -1.188041e-15 -4.000000e+00
    endloop
  endfacet
  facet normal -1.308798e-01 4.621820e-03 -9.913875e-01
    outer loop
      vertex   -1.950825e+01 1.364150e+00 -4.025556e+00
      vertex   -1.975000e+01 -1.188041e-15 -4.000000e+00
      vertex   -1.970080e+01 1.393144e+00 -4.000000e+00
    endloop
  endfacet
  facet normal -9.870073e-01 -1.037387e-01 -1.226981e-01
    outer loop
      vertex   -1.897921e+01 -1.327156e+00 -4.555886e+00
      vertex   -1.895047e+01 -1.370997e+00 -4.750000e+00
      vertex   -1.884040e+01 -2.647846e+00 -4.555886e+00
    endloop
  endfacet
  facet normal -9.835015e-01 -1.069622e-01 -1.458902e-01
    outer loop
      vertex   -1.884040e+01 -2.647846e+00 -4.555886e+00
      vertex   -1.895047e+01 -1.370997e+00 -4.750000e+00
      vertex   -1.880214e+01 -2.734847e+00 -4.750000e+00
    endloop
  endfacet
  facet normal -9.782190e-01 -1.724864e-01 -1.154814e-01
    outer loop
      vertex   -1.884040e+01 -2.647846e+00 -4.555886e+00
      vertex   -1.880214e+01 -2.734847e+00 -4.750000e+00
      vertex   -1.860980e+01 -3.955635e+00 -4.555886e+00
    endloop
  endfacet
  facet normal -9.722000e-01 -1.774646e-01 -1.527532e-01
    outer loop
      vertex   -1.860980e+01 -3.955635e+00 -4.555886e+00
      vertex   -1.880214e+01 -2.734847e+00 -4.750000e+00
      vertex   -1.855579e+01 -4.084438e+00 -4.750000e+00
    endloop
  endfacet
  facet normal -9.645354e-01 -2.404857e-01 -1.088034e-01
    outer loop
      vertex   -1.860980e+01 -3.955635e+00 -4.555886e+00
      vertex   -1.855579e+01 -4.084438e+00 -4.750000e+00
      vertex   -1.828854e+01 -5.244154e+00 -4.555886e+00
    endloop
  endfacet
  facet normal -9.558983e-01 -2.469053e-01 -1.590478e-01
    outer loop
      vertex   -1.828854e+01 -5.244154e+00 -4.555886e+00
      vertex   -1.855579e+01 -4.084438e+00 -4.750000e+00
      vertex   -1.821270e+01 -5.412735e+00 -4.750000e+00
    endloop
  endfacet
  facet normal -9.460308e-01 -3.073840e-01 -1.026687e-01
    outer loop
      vertex   -1.828854e+01 -5.244154e+00 -4.555886e+00
      vertex   -1.821270e+01 -5.412735e+00 -4.750000e+00
      vertex   -1.787817e+01 -6.507123e+00 -4.555886e+00
    endloop
  endfacet
  facet normal -9.346993e-01 -3.149369e-01 -1.647783e-01
    outer loop
      vertex   -1.787817e+01 -6.507123e+00 -4.555886e+00
      vertex   -1.821270e+01 -5.412735e+00 -4.750000e+00
      vertex   -1.777465e+01 -6.712813e+00 -4.750000e+00
    endloop
  endfacet
  facet normal -9.228042e-01 -3.728371e-01 -9.708146e-02
    outer loop
      vertex   -1.787817e+01 -6.507123e+00 -4.555886e+00
      vertex   -1.777465e+01 -6.712813e+00 -4.750000e+00
      vertex   -1.738071e+01 -7.738391e+00 -4.555886e+00
    endloop
  endfacet
  facet normal -9.087283e-01 -3.812222e-01 -1.699488e-01
    outer loop
      vertex   -1.738071e+01 -7.738391e+00 -4.555886e+00
      vertex   -1.777465e+01 -6.712813e+00 -4.750000e+00
      vertex   -1.724393e+01 -7.977893e+00 -4.750000e+00
    endloop
  endfacet
  facet normal -8.949785e-01 -4.365102e-01 -9.204495e-02
    outer loop
      vertex   -1.738071e+01 -7.738391e+00 -4.555886e+00
      vertex   -1.724393e+01 -7.977893e+00 -4.750000e+00
      vertex   -1.679857e+01 -8.931957e+00 -4.555886e+00
    endloop
  endfacet
  facet normal -8.781316e-01 -4.454352e-01 -1.745633e-01
    outer loop
      vertex   -1.679857e+01 -8.931957e+00 -4.555886e+00
      vertex   -1.724393e+01 -7.977893e+00 -4.750000e+00
      vertex   -1.662332e+01 -9.201380e+00 -4.750000e+00
    endloop
  endfacet
  facet normal -8.626991e-01 -4.980795e-01 -8.756202e-02
    outer loop
      vertex   -1.679857e+01 -8.931957e+00 -4.555886e+00
      vertex   -1.662332e+01 -9.201380e+00 -4.750000e+00
      vertex   -1.613459e+01 -1.008201e+01 -4.555886e+00
    endloop
  endfacet
  facet normal -8.430765e-01 -5.072623e-01 -1.786255e-01
    outer loop
      vertex   -1.613459e+01 -1.008201e+01 -4.555886e+00
      vertex   -1.662332e+01 -9.201380e+00 -4.750000e+00
      vertex   -1.591603e+01 -1.037690e+01 -4.750000e+00
    endloop
  endfacet
  facet normal -8.261330e-01 -5.572337e-01 -8.363502e-02
    outer loop
      vertex   -1.613459e+01 -1.008201e+01 -4.555886e+00
      vertex   -1.591603e+01 -1.037690e+01 -4.750000e+00
      vertex   -1.539200e+01 -1.118294e+01 -4.555886e+00
    endloop
  endfacet
  facet normal -8.037492e-01 -5.664033e-01 -1.821387e-01
    outer loop
      vertex   -1.539200e+01 -1.118294e+01 -4.555886e+00
      vertex   -1.591603e+01 -1.037690e+01 -4.750000e+00
      vertex   -1.512577e+01 -1.149831e+01 -4.750000e+00
    endloop
  endfacet
  facet normal -7.854682e-01 -6.136750e-01 -8.026587e-02
    outer loop
      vertex   -1.539200e+01 -1.118294e+01 -4.555886e+00
      vertex   -1.512577e+01 -1.149831e+01 -4.750000e+00
      vertex   -1.457442e+01 -1.222939e+01 -4.555886e+00
    endloop
  endfacet
  facet normal -7.603547e-01 -6.225724e-01 -1.851060e-01
    outer loop
      vertex   -1.457442e+01 -1.222939e+01 -4.555886e+00
      vertex   -1.512577e+01 -1.149831e+01 -4.750000e+00
      vertex   -1.425665e+01 -1.255978e+01 -4.750000e+00
    endloop
  endfacet
  facet normal -7.409122e-01 -6.671204e-01 -7.745611e-02
    outer loop
      vertex   -1.457442e+01 -1.222939e+01 -4.555886e+00
      vertex   -1.425665e+01 -1.255978e+01 -4.750000e+00
      vertex   -1.368584e+01 -1.321626e+01 -4.555886e+00
    endloop
  endfacet
  facet normal -7.131155e-01 -6.754989e-01 -1.875301e-01
    outer loop
      vertex   -1.368584e+01 -1.321626e+01 -4.555886e+00
      vertex   -1.425665e+01 -1.255978e+01 -4.750000e+00
      vertex   -1.331320e+01 -1.355577e+01 -4.750000e+00
    endloop
  endfacet
  facet normal -6.926911e-01 -7.173026e-01 -7.520694e-02
    outer loop
      vertex   -1.368584e+01 -1.321626e+01 -4.555886e+00
      vertex   -1.331320e+01 -1.355577e+01 -4.750000e+00
      vertex   -1.273058e+01 -1.413874e+01 -4.555886e+00
    endloop
  endfacet
  facet normal -6.622704e-01 -7.249280e-01 -1.894131e-01
    outer loop
      vertex   -1.273058e+01 -1.413874e+01 -4.555886e+00
      vertex   -1.331320e+01 -1.355577e+01 -4.750000e+00
      vertex   -1.230034e+01 -1.448108e+01 -4.750000e+00
    endloop
  endfacet
  facet normal -6.410481e-01 -7.639714e-01 -7.351931e-02
    outer loop
      vertex   -1.273058e+01 -1.413874e+01 -4.555886e+00
      vertex   -1.230034e+01 -1.448108e+01 -4.750000e+00
      vertex   -1.171330e+01 -1.499234e+01 -4.555886e+00
    endloop
  endfacet
  facet normal -6.080736e-01 -7.706220e-01 -1.907569e-01
    outer loop
      vertex   -1.171330e+01 -1.499234e+01 -4.555886e+00
      vertex   -1.230034e+01 -1.448108e+01 -4.750000e+00
      vertex   -1.122335e+01 -1.533090e+01 -4.750000e+00
    endloop
  endfacet
  facet normal -5.862430e-01 -8.068942e-01 -7.239386e-02
    outer loop
      vertex   -1.171330e+01 -1.499234e+01 -4.555886e+00
      vertex   -1.122335e+01 -1.533090e+01 -4.750000e+00
      vertex   -1.063896e+01 -1.577290e+01 -4.555886e+00
    endloop
  endfacet
  facet normal -5.507941e-01 -8.123605e-01 -1.915626e-01
    outer loop
      vertex   -1.063896e+01 -1.577290e+01 -4.555886e+00
      vertex   -1.122335e+01 -1.533090e+01 -4.750000e+00
      vertex   -1.008785e+01 -1.610078e+01 -4.750000e+00
    endloop
  endfacet
  facet normal -5.285504e-01 -8.458574e-01 -7.183102e-02
    outer loop
      vertex   -1.063896e+01 -1.577290e+01 -4.555886e+00
      vertex   -1.008785e+01 -1.610078e+01 -4.750000e+00
      vertex   -9.512778e+00 -1.647661e+01 -4.555886e+00
    endloop
  endfacet
  facet normal -4.907140e-01 -8.499415e-01 -1.918311e-01
    outer loop
      vertex   -9.512778e+00 -1.647661e+01 -4.555886e+00
      vertex   -1.008785e+01 -1.610078e+01 -4.750000e+00
      vertex   -8.899761e+00 -1.678673e+01 -4.750000e+00
    endloop
  endfacet
  facet normal -4.682588e-01 -8.806668e-01 -7.183102e-02
    outer loop
      vertex   -9.512778e+00 -1.647661e+01 -4.555886e+00
      vertex   -8.899761e+00 -1.678673e+01 -4.750000e+00
      vertex   -8.340255e+00 -1.710006e+01 -4.555886e+00
    endloop
  endfacet
  facet normal -4.281278e-01 -8.831819e-01 -1.915626e-01
    outer loop
      vertex   -8.340255e+00 -1.710006e+01 -4.555886e+00
      vertex   -8.899761e+00 -1.678673e+01 -4.750000e+00
      vertex   -7.665268e+00 -1.738516e+01 -4.750000e+00
    endloop
  endfacet
  facet normal -4.056694e-01 -9.111484e-01 -7.239386e-02
    outer loop
      vertex   -8.340255e+00 -1.710006e+01 -4.555886e+00
      vertex   -7.665268e+00 -1.738516e+01 -4.750000e+00
      vertex   -7.127099e+00 -1.764019e+01 -4.555886e+00
    endloop
  endfacet
  facet normal -3.633414e-01 -9.119182e-01 -1.907569e-01
    outer loop
      vertex   -7.127099e+00 -1.764019e+01 -4.555886e+00
      vertex   -7.665268e+00 -1.738516e+01 -4.750000e+00
      vertex   -6.390813e+00 -1.789295e+01 -4.750000e+00
    endloop
  endfacet
  facet normal -3.410946e-01 -9.371496e-01 -7.351931e-02
    outer loop
      vertex   -7.127099e+00 -1.764019e+01 -4.555886e+00
      vertex   -6.390813e+00 -1.789295e+01 -4.750000e+00
      vertex   -5.879220e+00 -1.809438e+01 -4.555886e+00
    endloop
  endfacet
  facet normal -2.966709e-01 -9.360070e-01 -1.894131e-01
    outer loop
      vertex   -5.879220e+00 -1.809438e+01 -4.555886e+00
      vertex   -6.390813e+00 -1.789295e+01 -4.750000e+00
      vertex   -5.083039e+00 -1.830745e+01 -4.750000e+00
    endloop
  endfacet
  facet normal -2.748567e-01 -9.585394e-01 -7.520694e-02
    outer loop
      vertex   -5.879220e+00 -1.809438e+01 -4.555886e+00
      vertex   -5.083039e+00 -1.830745e+01 -4.750000e+00
      vertex   -4.602699e+00 -1.846042e+01 -4.555886e+00
    endloop
  endfacet
  facet normal -2.284414e-01 -9.553256e-01 -1.875301e-01
    outer loop
      vertex   -4.602699e+00 -1.846042e+01 -4.555886e+00
      vertex   -5.083039e+00 -1.830745e+01 -4.750000e+00
      vertex   -3.748764e+00 -1.862651e+01 -4.750000e+00
    endloop
  endfacet
  facet normal -2.072871e-01 -9.752090e-01 -7.745611e-02
    outer loop
      vertex   -4.602699e+00 -1.846042e+01 -4.555886e+00
      vertex   -3.748764e+00 -1.862651e+01 -4.750000e+00
      vertex   -3.303753e+00 -1.873651e+01 -4.555886e+00
    endloop
  endfacet
  facet normal -1.589862e-01 -9.697727e-01 -1.851060e-01
    outer loop
      vertex   -3.303753e+00 -1.873651e+01 -4.555886e+00
      vertex   -3.748764e+00 -1.862651e+01 -4.750000e+00
      vertex   -2.394945e+00 -1.884845e+01 -4.750000e+00
    endloop
  endfacet
  facet normal -1.387241e-01 -9.870730e-01 -8.026587e-02
    outer loop
      vertex   -3.303753e+00 -1.873651e+01 -4.555886e+00
      vertex   -2.394945e+00 -1.884845e+01 -4.750000e+00
      vertex   -1.988712e+00 -1.892133e+01 -4.555886e+00
    endloop
  endfacet
  facet normal -8.864508e-02 -9.792689e-01 -1.821387e-01
    outer loop
      vertex   -1.988712e+00 -1.892133e+01 -4.555886e+00
      vertex   -2.394945e+00 -1.884845e+01 -4.750000e+00
      vertex   -1.028639e+00 -1.897214e+01 -4.750000e+00
    endloop
  endfacet
  facet normal -6.951208e-02 -9.940690e-01 -8.363502e-02
    outer loop
      vertex   -1.988712e+00 -1.892133e+01 -4.555886e+00
      vertex   -1.028639e+00 -1.897214e+01 -4.750000e+00
      vertex   -6.639823e-01 -1.901397e+01 -4.555886e+00
    endloop
  endfacet
  facet normal -1.776379e-02 -9.837568e-01 -1.786255e-01
    outer loop
      vertex   -6.639823e-01 -1.901397e+01 -4.555886e+00
      vertex   -1.028639e+00 -1.897214e+01 -4.750000e+00
      vertex   3.430288e-01 -1.899690e+01 -4.750000e+00
    endloop
  endfacet
  facet normal 0.000000e+00 -9.961591e-01 -8.756202e-02
    outer loop
      vertex   -6.639823e-01 -1.901397e+01 -4.555886e+00
      vertex   3.430288e-01 -1.899690e+01 -4.750000e+00
      vertex   6.639823e-01 -1.901397e+01 -4.555886e+00
    endloop
  endfacet
  facet normal 5.330766e-02 -9.832019e-01 -1.745633e-01
    outer loop
      vertex   6.639823e-01 -1.901397e+01 -4.555886e+00
      vertex   3.430288e-01 -1.899690e+01 -4.750000e+00
      vertex   1.712909e+00 -1.892263e+01 -4.750000e+00
    endloop
  endfacet
  facet normal 6.946035e-02 -9.933292e-01 -9.204495e-02
    outer loop
      vertex   6.639823e-01 -1.901397e+01 -4.555886e+00
      vertex   1.712909e+00 -1.892263e+01 -4.750000e+00
      vertex   1.988712e+00 -1.892133e+01 -4.555886e+00
    endloop
  endfacet
  facet normal 1.242161e-01 -9.775928e-01 -1.699488e-01
    outer loop
      vertex   1.988712e+00 -1.892133e+01 -4.555886e+00
      vertex   1.712909e+00 -1.892263e+01 -4.750000e+00
      vertex   3.073858e+00 -1.874970e+01 -4.750000e+00
    endloop
  endfacet
  facet normal 1.385157e-01 -9.855905e-01 -9.708146e-02
    outer loop
      vertex   1.988712e+00 -1.892133e+01 -4.555886e+00
      vertex   3.073858e+00 -1.874970e+01 -4.750000e+00
      vertex   3.303753e+00 -1.873651e+01 -4.555886e+00
    endloop
  endfacet
  facet normal 1.946063e-01 -9.669418e-01 -1.647783e-01
    outer loop
      vertex   3.303753e+00 -1.873651e+01 -4.555886e+00
      vertex   3.073858e+00 -1.874970e+01 -4.750000e+00
      vertex   4.418782e+00 -1.847903e+01 -4.750000e+00
    endloop
  endfacet
  facet normal 2.068130e-01 -9.729787e-01 -1.026687e-01
    outer loop
      vertex   3.303753e+00 -1.873651e+01 -4.555886e+00
      vertex   4.418782e+00 -1.847903e+01 -4.750000e+00
      vertex   4.602699e+00 -1.846042e+01 -4.555886e+00
    endloop
  endfacet
  facet normal 2.641229e-01 -9.512849e-01 -1.590478e-01
    outer loop
      vertex   4.602699e+00 -1.846042e+01 -4.555886e+00
      vertex   4.418782e+00 -1.847903e+01 -4.750000e+00
      vertex   5.740668e+00 -1.811201e+01 -4.750000e+00
    endloop
  endfacet
  facet normal 2.740010e-01 -9.555550e-01 -1.088034e-01
    outer loop
      vertex   4.602699e+00 -1.846042e+01 -4.555886e+00
      vertex   5.740668e+00 -1.811201e+01 -4.750000e+00
      vertex   5.879220e+00 -1.809438e+01 -4.555886e+00
    endloop
  endfacet
  facet normal 3.324112e-01 -9.306822e-01 -1.527532e-01
    outer loop
      vertex   5.879220e+00 -1.809438e+01 -4.555886e+00
      vertex   5.740668e+00 -1.811201e+01 -4.750000e+00
      vertex   7.032625e+00 -1.765056e+01 -4.750000e+00
    endloop
  endfacet
  facet normal 3.397319e-01 -9.334057e-01 -1.154814e-01
    outer loop
      vertex   5.879220e+00 -1.809438e+01 -4.555886e+00
      vertex   7.032625e+00 -1.765056e+01 -4.750000e+00
      vertex   7.127099e+00 -1.764019e+01 -4.555886e+00
    endloop
  endfacet
  facet normal 3.991187e-01 -9.052184e-01 -1.458902e-01
    outer loop
      vertex   7.127099e+00 -1.764019e+01 -4.555886e+00
      vertex   7.032625e+00 -1.765056e+01 -4.750000e+00
      vertex   8.287917e+00 -1.709709e+01 -4.750000e+00
    endloop
  endfacet
  facet normal 4.036634e-01 -9.066427e-01 -1.226981e-01
    outer loop
      vertex   7.127099e+00 -1.764019e+01 -4.555886e+00
      vertex   8.287917e+00 -1.709709e+01 -4.750000e+00
      vertex   8.340255e+00 -1.710006e+01 -4.555886e+00
    endloop
  endfacet
  facet normal 4.638971e-01 -8.750027e-01 -1.384547e-01
    outer loop
      vertex   8.340255e+00 -1.710006e+01 -4.555886e+00
      vertex   8.287917e+00 -1.709709e+01 -4.750000e+00
      vertex   9.500000e+00 -1.645448e+01 -4.750000e+00
    endloop
  endfacet
  facet normal 4.654600e-01 -8.754029e-01 -1.304480e-01
    outer loop
      vertex   8.340255e+00 -1.710006e+01 -4.555886e+00
      vertex   9.500000e+00 -1.645448e+01 -4.750000e+00
      vertex   9.512778e+00 -1.647661e+01 -4.555886e+00
    endloop
  endfacet
  facet normal 5.253912e-01 -8.408017e-01 -1.304480e-01
    outer loop
      vertex   9.512778e+00 -1.647661e+01 -4.555886e+00
      vertex   9.500000e+00 -1.645448e+01 -4.750000e+00
      vertex   1.063896e+01 -1.577290e+01 -4.555886e+00
    endloop
  endfacet
  facet normal 4.896252e-01 -7.835642e-01 -3.824844e-01
    outer loop
      vertex   9.512778e+00 -1.647661e+01 -4.555886e+00
      vertex   1.063896e+01 -1.577290e+01 -4.555886e+00
      vertex   1.068085e+01 -1.583502e+01 -4.375000e+00
    endloop
  endfacet
  facet normal 5.430912e-01 -7.475009e-01 -3.824844e-01
    outer loop
      vertex   1.068085e+01 -1.583502e+01 -4.375000e+00
      vertex   1.063896e+01 -1.577290e+01 -4.555886e+00
      vertex   1.175943e+01 -1.505138e+01 -4.375000e+00
    endloop
  endfacet
  facet normal 4.664267e-01 -6.419812e-01 -6.085279e-01
    outer loop
      vertex   1.068085e+01 -1.583502e+01 -4.375000e+00
      vertex   1.175943e+01 -1.505138e+01 -4.375000e+00
      vertex   1.183281e+01 -1.514531e+01 -4.219670e+00
    endloop
  endfacet
  facet normal 5.100728e-01 -6.078811e-01 -6.085279e-01
    outer loop
      vertex   1.183281e+01 -1.514531e+01 -4.219670e+00
      vertex   1.175943e+01 -1.505138e+01 -4.375000e+00
      vertex   1.286047e+01 -1.428300e+01 -4.219670e+00
    endloop
  endfacet
  facet normal 3.914544e-01 -4.665172e-01 -7.931741e-01
    outer loop
      vertex   1.183281e+01 -1.514531e+01 -4.219670e+00
      vertex   1.286047e+01 -1.428300e+01 -4.219670e+00
      vertex   1.296441e+01 -1.439843e+01 -4.100481e+00
    endloop
  endfacet
  facet normal 4.230434e-01 -4.380743e-01 -7.931741e-01
    outer loop
      vertex   1.296441e+01 -1.439843e+01 -4.100481e+00
      vertex   1.286047e+01 -1.428300e+01 -4.219670e+00
      vertex   1.393721e+01 -1.345901e+01 -4.100481e+00
    endloop
  endfacet
  facet normal 2.659725e-01 -2.754226e-01 -9.237970e-01
    outer loop
      vertex   1.296441e+01 -1.439843e+01 -4.100481e+00
      vertex   1.393721e+01 -1.345901e+01 -4.100481e+00
      vertex   1.406733e+01 -1.358466e+01 -4.025556e+00
    endloop
  endfacet
  facet normal 2.845372e-01 -2.561984e-01 -9.237970e-01
    outer loop
      vertex   1.406733e+01 -1.358466e+01 -4.025556e+00
      vertex   1.393721e+01 -1.345901e+01 -4.100481e+00
      vertex   1.498068e+01 -1.257028e+01 -4.025556e+00
    endloop
  endfacet
  facet normal 9.177256e-02 -8.263238e-02 -9.923455e-01
    outer loop
      vertex   1.406733e+01 -1.358466e+01 -4.025556e+00
      vertex   1.498068e+01 -1.257028e+01 -4.025556e+00
      vertex   1.456777e+01 -1.333577e+01 -4.000000e+00
    endloop
  endfacet
  facet normal 1.055803e-01 -9.001307e-02 -9.903285e-01
    outer loop
      vertex   1.456777e+01 -1.333577e+01 -4.000000e+00
      vertex   1.498068e+01 -1.257028e+01 -4.025556e+00
      vertex   1.547217e+01 -1.227495e+01 -4.000000e+00
    endloop
  endfacet
  facet normal 9.725647e-02 -7.598508e-02 -9.923545e-01
    outer loop
      vertex   1.547217e+01 -1.227495e+01 -4.000000e+00
      vertex   1.498068e+01 -1.257028e+01 -4.025556e+00
      vertex   1.582104e+01 -1.149466e+01 -4.025556e+00
    endloop
  endfacet
  facet normal 1.117354e-01 -8.239196e-02 -9.903165e-01
    outer loop
      vertex   1.547217e+01 -1.227495e+01 -4.000000e+00
      vertex   1.582104e+01 -1.149466e+01 -4.025556e+00
      vertex   1.629949e+01 -1.115298e+01 -4.000000e+00
    endloop
  endfacet
  facet normal 1.022664e-01 -6.897956e-02 -9.923625e-01
    outer loop
      vertex   1.629949e+01 -1.115298e+01 -4.000000e+00
      vertex   1.582104e+01 -1.149466e+01 -4.025556e+00
      vertex   1.658433e+01 -1.036304e+01 -4.025556e+00
    endloop
  endfacet
  facet normal 1.173335e-01 -7.434594e-02 -9.903058e-01
    outer loop
      vertex   1.629949e+01 -1.115298e+01 -4.000000e+00
      vertex   1.658433e+01 -1.036304e+01 -4.025556e+00
      vertex   1.704561e+01 -9.975454e+00 -4.000000e+00
    endloop
  endfacet
  facet normal 1.067793e-01 -6.164908e-02 -9.923697e-01
    outer loop
      vertex   1.704561e+01 -9.975454e+00 -4.000000e+00
      vertex   1.658433e+01 -1.036304e+01 -4.025556e+00
      vertex   1.726682e+01 -9.180932e+00 -4.025556e+00
    endloop
  endfacet
  facet normal 1.223449e-01 -6.591618e-02 -9.902963e-01
    outer loop
      vertex   1.704561e+01 -9.975454e+00 -4.000000e+00
      vertex   1.726682e+01 -9.180932e+00 -4.025556e+00
      vertex   1.770681e+01 -8.748226e+00 -4.000000e+00
    endloop
  endfacet
  facet normal 1.107745e-01 -5.402835e-02 -9.923759e-01
    outer loop
      vertex   1.770681e+01 -8.748226e+00 -4.000000e+00
      vertex   1.726682e+01 -9.180932e+00 -4.025556e+00
      vertex   1.786519e+01 -7.954095e+00 -4.025556e+00
    endloop
  endfacet
  facet normal 1.267432e-01 -5.714597e-02 -9.902881e-01
    outer loop
      vertex   1.770681e+01 -8.748226e+00 -4.000000e+00
      vertex   1.786519e+01 -7.954095e+00 -4.025556e+00
      vertex   1.827979e+01 -7.477414e+00 -4.000000e+00
    endloop
  endfacet
  facet normal 1.142337e-01 -4.615339e-02 -9.923812e-01
    outer loop
      vertex   1.827979e+01 -7.477414e+00 -4.000000e+00
      vertex   1.786519e+01 -7.954095e+00 -4.025556e+00
      vertex   1.837652e+01 -6.688507e+00 -4.025556e+00
    endloop
  endfacet
  facet normal 1.305050e-01 -4.808044e-02 -9.902811e-01
    outer loop
      vertex   1.827979e+01 -7.477414e+00 -4.000000e+00
      vertex   1.837652e+01 -6.688507e+00 -4.025556e+00
      vertex   1.876171e+01 -6.169351e+00 -4.000000e+00
    endloop
  endfacet
  facet normal 1.171408e-01 -3.806136e-02 -9.923857e-01
    outer loop
      vertex   1.876171e+01 -6.169351e+00 -4.000000e+00
      vertex   1.837652e+01 -6.688507e+00 -4.025556e+00
      vertex   1.879832e+01 -5.390333e+00 -4.025556e+00
    endloop
  endfacet
  facet normal 1.336105e-01 -3.876629e-02 -9.902754e-01
    outer loop
      vertex   1.876171e+01 -6.169351e+00 -4.000000e+00
      vertex   1.879832e+01 -5.390333e+00 -4.025556e+00
      vertex   1.915015e+01 -4.830552e+00 -4.000000e+00
    endloop
  endfacet
  facet normal 1.194827e-01 -2.979039e-02 -9.923892e-01
    outer loop
      vertex   1.915015e+01 -4.830552e+00 -4.000000e+00
      vertex   1.879832e+01 -5.390333e+00 -4.025556e+00
      vertex   1.912854e+01 -4.065897e+00 -4.025556e+00
    endloop
  endfacet
  facet normal 1.360431e-01 -2.925162e-02 -9.902710e-01
    outer loop
      vertex   1.915015e+01 -4.830552e+00 -4.000000e+00
      vertex   1.912854e+01 -4.065897e+00 -4.025556e+00
      vertex   1.944319e+01 -3.467687e+00 -4.000000e+00
    endloop
  endfacet
  facet normal 1.212486e-01 -2.137940e-02 -9.923919e-01
    outer loop
      vertex   1.944319e+01 -3.467687e+00 -4.000000e+00
      vertex   1.912854e+01 -4.065897e+00 -4.025556e+00
      vertex   1.936557e+01 -2.721653e+00 -4.025556e+00
    endloop
  endfacet
  facet normal 1.377899e-01 -1.958560e-02 -9.902678e-01
    outer loop
      vertex   1.944319e+01 -3.467687e+00 -4.000000e+00
      vertex   1.936557e+01 -2.721653e+00 -4.025556e+00
      vertex   1.963937e+01 -2.087547e+00 -4.000000e+00
    endloop
  endfacet
  facet normal 1.224304e-01 -1.286795e-02 -9.923937e-01
    outer loop
      vertex   1.963937e+01 -2.087547e+00 -4.000000e+00
      vertex   1.936557e+01 -2.721653e+00 -4.025556e+00
      vertex   1.950825e+01 -1.364150e+00 -4.025556e+00
    endloop
  endfacet
  facet normal 1.388418e-01 -9.818210e-03 -9.902659e-01
    outer loop
      vertex   1.963937e+01 -2.087547e+00 -4.000000e+00
      vertex   1.950825e+01 -1.364150e+00 -4.025556e+00
      vertex   1.973770e+01 -6.970064e-01 -4.000000e+00
    endloop
  endfacet
  facet normal 1.230226e-01 -4.296045e-03 -9.923946e-01
    outer loop
      vertex   1.973770e+01 -6.970064e-01 -4.000000e+00
      vertex   1.950825e+01 -1.364150e+00 -4.025556e+00
      vertex   1.955589e+01 -3.194627e-15 -4.025556e+00
    endloop
  endfacet
  facet normal 1.391930e-01 9.464033e-16 -9.902653e-01
    outer loop
      vertex   1.973770e+01 -6.970064e-01 -4.000000e+00
      vertex   1.955589e+01 -3.194627e-15 -4.025556e+00
      vertex   1.973770e+01 6.970064e-01 -4.000000e+00
    endloop
  endfacet
  facet normal 1.230226e-01 4.296045e-03 -9.923946e-01
    outer loop
      vertex   1.973770e+01 6.970064e-01 -4.000000e+00
      vertex   1.955589e+01 -3.194627e-15 -4.025556e+00
      vertex   1.950825e+01 1.364150e+00 -4.025556e+00
    endloop
  endfacet
  facet normal 1.388418e-01 9.818210e-03 -9.902659e-01
    outer loop
      vertex   1.973770e+01 6.970064e-01 -4.000000e+00
      vertex   1.950825e+01 1.364150e+00 -4.025556e+00
      vertex   1.963937e+01 2.087547e+00 -4.000000e+00
    endloop
  endfacet
  facet normal 1.224304e-01 1.286795e-02 -9.923937e-01
    outer loop
      vertex   1.963937e+01 2.087547e+00 -4.000000e+00
      vertex   1.950825e+01 1.364150e+00 -4.025556e+00
      vertex   1.936557e+01 2.721653e+00 -4.025556e+00
    endloop
  endfacet
  facet normal 1.377899e-01 1.958560e-02 -9.902678e-01
    outer loop
      vertex   1.963937e+01 2.087547e+00 -4.000000e+00
      vertex   1.936557e+01 2.721653e+00 -4.025556e+00
      vertex   1.944319e+01 3.467687e+00 -4.000000e+00
    endloop
  endfacet
  facet normal 1.212486e-01 2.137940e-02 -9.923919e-01
    outer loop
      vertex   1.944319e+01 3.467687e+00 -4.000000e+00
      vertex   1.936557e+01 2.721653e+00 -4.025556e+00
      vertex   1.912854e+01 4.065897e+00 -4.025556e+00
    endloop
  endfacet
  facet normal 1.360431e-01 2.925162e-02 -9.902710e-01
    outer loop
      vertex   1.944319e+01 3.467687e+00 -4.000000e+00
      vertex   1.912854e+01 4.065897e+00 -4.025556e+00
      vertex   1.915015e+01 4.830552e+00 -4.000000e+00
    endloop
  endfacet
  facet normal 1.194827e-01 2.979039e-02 -9.923892e-01
    outer loop
      vertex   1.915015e+01 4.830552e+00 -4.000000e+00
      vertex   1.912854e+01 4.065897e+00 -4.025556e+00
      vertex   1.879832e+01 5.390333e+00 -4.025556e+00
    endloop
  endfacet
  facet normal 1.336105e-01 3.876629e-02 -9.902754e-01
    outer loop
      vertex   1.915015e+01 4.830552e+00 -4.000000e+00
      vertex   1.879832e+01 5.390333e+00 -4.025556e+00
      vertex   1.876171e+01 6.169351e+00 -4.000000e+00
    endloop
  endfacet
  facet normal 1.171408e-01 3.806136e-02 -9.923857e-01
    outer loop
      vertex   1.876171e+01 6.169351e+00 -4.000000e+00
      vertex   1.879832e+01 5.390333e+00 -4.025556e+00
      vertex   1.837652e+01 6.688507e+00 -4.025556e+00
    endloop
  endfacet
  facet normal 1.305050e-01 4.808044e-02 -9.902811e-01
    outer loop
      vertex   1.876171e+01 6.169351e+00 -4.000000e+00
      vertex   1.837652e+01 6.688507e+00 -4.025556e+00
      vertex   1.827979e+01 7.477414e+00 -4.000000e+00
    endloop
  endfacet
  facet normal 1.142337e-01 4.615339e-02 -9.923812e-01
    outer loop
      vertex   1.827979e+01 7.477414e+00 -4.000000e+00
      vertex   1.837652e+01 6.688507e+00 -4.025556e+00
      vertex   1.786519e+01 7.954095e+00 -4.025556e+00
    endloop
  endfacet
  facet normal 1.267432e-01 5.714597e-02 -9.902881e-01
    outer loop
      vertex   1.827979e+01 7.477414e+00 -4.000000e+00
      vertex   1.786519e+01 7.954095e+00 -4.025556e+00
      vertex   1.770681e+01 8.748226e+00 -4.000000e+00
    endloop
  endfacet
  facet normal 1.107745e-01 5.402835e-02 -9.923759e-01
    outer loop
      vertex   1.770681e+01 8.748226e+00 -4.000000e+00
      vertex   1.786519e+01 7.954095e+00 -4.025556e+00
      vertex   1.726682e+01 9.180932e+00 -4.025556e+00
    endloop
  endfacet
  facet normal 1.223449e-01 6.591618e-02 -9.902963e-01
    outer loop
      vertex   1.770681e+01 8.748226e+00 -4.000000e+00
      vertex   1.726682e+01 9.180932e+00 -4.025556e+00
      vertex   1.704561e+01 9.975454e+00 -4.000000e+00
    endloop
  endfacet
  facet normal 1.067793e-01 6.164908e-02 -9.923697e-01
    outer loop
      vertex   1.704561e+01 9.975454e+00 -4.000000e+00
      vertex   1.726682e+01 9.180932e+00 -4.025556e+00
      vertex   1.658433e+01 1.036304e+01 -4.025556e+00
    endloop
  endfacet
  facet normal 1.173335e-01 7.434594e-02 -9.903058e-01
    outer loop
      vertex   1.704561e+01 9.975454e+00 -4.000000e+00
      vertex   1.658433e+01 1.036304e+01 -4.025556e+00
      vertex   1.629949e+01 1.115298e+01 -4.000000e+00
    endloop
  endfacet
  facet normal 1.022664e-01 6.897956e-02 -9.923625e-01
    outer loop
      vertex   1.629949e+01 1.115298e+01 -4.000000e+00
      vertex   1.658433e+01 1.036304e+01 -4.025556e+00
      vertex   1.582104e+01 1.149466e+01 -4.025556e+00
    endloop
  endfacet
  facet normal 1.117354e-01 8.239196e-02 -9.903165e-01
    outer loop
      vertex   1.629949e+01 1.115298e+01 -4.000000e+00
      vertex   1.582104e+01 1.149466e+01 -4.025556e+00
      vertex   1.547217e+01 1.227495e+01 -4.000000e+00
    endloop
  endfacet
  facet normal 9.725647e-02 7.598508e-02 -9.923545e-01
    outer loop
      vertex   1.547217e+01 1.227495e+01 -4.000000e+00
      vertex   1.582104e+01 1.149466e+01 -4.025556e+00
      vertex   1.498068e+01 1.257028e+01 -4.025556e+00
    endloop
  endfacet
  facet normal 1.055803e-01 9.001307e-02 -9.903285e-01
    outer loop
      vertex   1.547217e+01 1.227495e+01 -4.000000e+00
      vertex   1.498068e+01 1.257028e+01 -4.025556e+00
      vertex   1.456777e+01 1.333577e+01 -4.000000e+00
    endloop
  endfacet
  facet normal 9.177256e-02 8.263238e-02 -9.923455e-01
    outer loop
      vertex   1.456777e+01 1.333577e+01 -4.000000e+00
      vertex   1.498068e+01 1.257028e+01 -4.025556e+00
      vertex   1.406733e+01 1.358466e+01 -4.025556e+00
    endloop
  endfacet
  facet normal 9.890068e-02 9.717037e-02 -9.903416e-01
    outer loop
      vertex   1.456777e+01 1.333577e+01 -4.000000e+00
      vertex   1.406733e+01 1.358466e+01 -4.025556e+00
      vertex   1.359079e+01 1.433014e+01 -4.000000e+00
    endloop
  endfacet
  facet normal 8.583988e-02 8.888980e-02 -9.923357e-01
    outer loop
      vertex   1.359079e+01 1.433014e+01 -4.000000e+00
      vertex   1.406733e+01 1.358466e+01 -4.025556e+00
      vertex   1.308544e+01 1.453286e+01 -4.025556e+00
    endloop
  endfacet
  facet normal 9.173182e-02 1.038275e-01 -9.903561e-01
    outer loop
      vertex   1.359079e+01 1.433014e+01 -4.000000e+00
      vertex   1.308544e+01 1.453286e+01 -4.025556e+00
      vertex   1.254610e+01 1.525313e+01 -4.000000e+00
    endloop
  endfacet
  facet normal 7.948576e-02 9.472744e-02 -9.923249e-01
    outer loop
      vertex   1.254610e+01 1.525313e+01 -4.000000e+00
      vertex   1.308544e+01 1.453286e+01 -4.025556e+00
      vertex   1.203981e+01 1.541025e+01 -4.025556e+00
    endloop
  endfacet
  facet normal 8.411151e-02 1.099507e-01 -9.903717e-01
    outer loop
      vertex   1.254610e+01 1.525313e+01 -4.000000e+00
      vertex   1.203981e+01 1.541025e+01 -4.025556e+00
      vertex   1.143891e+01 1.610012e+01 -4.000000e+00
    endloop
  endfacet
  facet normal 7.273946e-02 1.001173e-01 -9.923132e-01
    outer loop
      vertex   1.143891e+01 1.610012e+01 -4.000000e+00
      vertex   1.203981e+01 1.541025e+01 -4.025556e+00
      vertex   1.093551e+01 1.621256e+01 -4.025556e+00
    endloop
  endfacet
  facet normal 7.607988e-02 1.155093e-01 -9.903885e-01
    outer loop
      vertex   1.143891e+01 1.610012e+01 -4.000000e+00
      vertex   1.093551e+01 1.621256e+01 -4.025556e+00
      vertex   1.027473e+01 1.686690e+01 -4.000000e+00
    endloop
  endfacet
  facet normal 6.563210e-02 1.050333e-01 -9.923006e-01
    outer loop
      vertex   1.027473e+01 1.686690e+01 -4.000000e+00
      vertex   1.093551e+01 1.621256e+01 -4.025556e+00
      vertex   9.777943e+00 1.693589e+01 -4.025556e+00
    endloop
  endfacet
  facet normal 6.767917e-02 1.204755e-01 -9.904066e-01
    outer loop
      vertex   1.027473e+01 1.686690e+01 -4.000000e+00
      vertex   9.777943e+00 1.693589e+01 -4.025556e+00
      vertex   9.059361e+00 1.754966e+01 -4.000000e+00
    endloop
  endfacet
  facet normal 5.819648e-02 1.094517e-01 -9.922870e-01
    outer loop
      vertex   9.059361e+00 1.754966e+01 -4.000000e+00
      vertex   9.777943e+00 1.693589e+01 -4.025556e+00
      vertex   8.572736e+00 1.757671e+01 -4.025556e+00
    endloop
  endfacet
  facet normal 5.895348e-02 1.248247e-01 -9.904258e-01
    outer loop
      vertex   9.059361e+00 1.754966e+01 -4.000000e+00
      vertex   8.572736e+00 1.757671e+01 -4.025556e+00
      vertex   7.798860e+00 1.814498e+01 -4.000000e+00
    endloop
  endfacet
  facet normal 5.046699e-02 1.133507e-01 -9.922725e-01
    outer loop
      vertex   7.798860e+00 1.814498e+01 -4.000000e+00
      vertex   8.572736e+00 1.757671e+01 -4.025556e+00
      vertex   7.325764e+00 1.813190e+01 -4.025556e+00
    endloop
  endfacet
  facet normal 4.994857e-02 1.285358e-01 -9.904462e-01
    outer loop
      vertex   7.798860e+00 1.814498e+01 -4.000000e+00
      vertex   7.325764e+00 1.813190e+01 -4.025556e+00
      vertex   6.499505e+00 1.864990e+01 -4.000000e+00
    endloop
  endfacet
  facet normal 4.247938e-02 1.167111e-01 -9.922570e-01
    outer loop
      vertex   6.499505e+00 1.864990e+01 -4.000000e+00
      vertex   7.325764e+00 1.813190e+01 -4.025556e+00
      vertex   6.043101e+00 1.859875e+01 -4.025556e+00
    endloop
  endfacet
  facet normal 4.071155e-02 1.315908e-01 -9.904678e-01
    outer loop
      vertex   6.499505e+00 1.864990e+01 -4.000000e+00
      vertex   6.043101e+00 1.859875e+01 -4.025556e+00
      vertex   5.167770e+00 1.906192e+01 -4.000000e+00
    endloop
  endfacet
  facet normal 3.427070e-02 1.195161e-01 -9.922406e-01
    outer loop
      vertex   5.167770e+00 1.906192e+01 -4.000000e+00
      vertex   6.043101e+00 1.859875e+01 -4.025556e+00
      vertex   4.730997e+00 1.897499e+01 -4.025556e+00
    endloop
  endfacet
  facet normal 3.129067e-02 1.339756e-01 -9.904905e-01
    outer loop
      vertex   5.167770e+00 1.906192e+01 -4.000000e+00
      vertex   4.730997e+00 1.897499e+01 -4.025556e+00
      vertex   3.810290e+00 1.937896e+01 -4.000000e+00
    endloop
  endfacet
  facet normal 2.587904e-02 1.217513e-01 -9.922232e-01
    outer loop
      vertex   3.810290e+00 1.937896e+01 -4.000000e+00
      vertex   4.730997e+00 1.897499e+01 -4.025556e+00
      vertex   3.395844e+00 1.925879e+01 -4.025556e+00
    endloop
  endfacet
  facet normal 2.173503e-02 1.356793e-01 -9.905144e-01
    outer loop
      vertex   3.810290e+00 1.937896e+01 -4.000000e+00
      vertex   3.395844e+00 1.925879e+01 -4.025556e+00
      vertex   2.433827e+00 1.959946e+01 -4.000000e+00
    endloop
  endfacet
  facet normal 1.734343e-02 1.234049e-01 -9.922048e-01
    outer loop
      vertex   2.433827e+00 1.959946e+01 -4.000000e+00
      vertex   3.395844e+00 1.925879e+01 -4.025556e+00
      vertex   2.044147e+00 1.944876e+01 -4.025556e+00
    endloop
  endfacet
  facet normal 1.209433e-02 1.366949e-01 -9.905394e-01
    outer loop
      vertex   2.433827e+00 1.959946e+01 -4.000000e+00
      vertex   2.044147e+00 1.944876e+01 -4.025556e+00
      vertex   1.045238e+00 1.972232e+01 -4.000000e+00
    endloop
  endfacet
  facet normal 8.703634e-03 1.244678e-01 -9.921855e-01
    outer loop
      vertex   1.045238e+00 1.972232e+01 -4.000000e+00
      vertex   2.044147e+00 1.944876e+01 -4.025556e+00
      vertex   6.824906e-01 1.954397e+01 -4.025556e+00
    endloop
  endfacet
  facet normal 2.418554e-03 1.370190e-01 -9.905655e-01
    outer loop
      vertex   1.045238e+00 1.972232e+01 -4.000000e+00
      vertex   6.824906e-01 1.954397e+01 -4.025556e+00
      vertex   -3.485575e-01 1.974692e+01 -4.000000e+00
    endloop
  endfacet
  facet normal 0.000000e+00 1.249335e-01 -9.921651e-01
    outer loop
      vertex   -3.485575e-01 1.974692e+01 -4.000000e+00
      vertex   6.824906e-01 1.954397e+01 -4.025556e+00
      vertex   -6.824906e-01 1.954397e+01 -4.025556e+00
    endloop
  endfacet
  facet normal -7.242233e-03 1.366518e-01 -9.905927e-01
    outer loop
      vertex   -3.485575e-01 1.974692e+01 -4.000000e+00
      vertex   -6.824906e-01 1.954397e+01 -4.025556e+00
      vertex   -1.740617e+00 1.967315e+01 -4.000000e+00
    endloop
  endfacet
  facet normal -8.726751e-03 1.247983e-01 -9.921437e-01
    outer loop
      vertex   -1.740617e+00 1.967315e+01 -4.000000e+00
      vertex   -6.824906e-01 1.954397e+01 -4.025556e+00
      vertex   -2.044147e+00 1.944876e+01 -4.025556e+00
    endloop
  endfacet
  facet normal -1.683821e-02 1.355971e-01 -9.906210e-01
    outer loop
      vertex   -1.740617e+00 1.967315e+01 -4.000000e+00
      vertex   -2.044147e+00 1.944876e+01 -4.025556e+00
      vertex   -3.124004e+00 1.950136e+01 -4.000000e+00
    endloop
  endfacet
  facet normal -1.743568e-02 1.240613e-01 -9.921214e-01
    outer loop
      vertex   -3.124004e+00 1.950136e+01 -4.000000e+00
      vertex   -2.044147e+00 1.944876e+01 -4.025556e+00
      vertex   -3.395844e+00 1.925879e+01 -4.025556e+00
    endloop
  endfacet
  facet normal -2.632005e-02 1.338626e-01 -9.906503e-01
    outer loop
      vertex   -3.124004e+00 1.950136e+01 -4.000000e+00
      vertex   -3.395844e+00 1.925879e+01 -4.025556e+00
      vertex   -4.491828e+00 1.923242e+01 -4.000000e+00
    endloop
  endfacet
  facet normal -2.608583e-02 1.227242e-01 -9.920979e-01
    outer loop
      vertex   -4.491828e+00 1.923242e+01 -4.000000e+00
      vertex   -3.395844e+00 1.925879e+01 -4.025556e+00
      vertex   -4.730997e+00 1.897499e+01 -4.025556e+00
    endloop
  endfacet
  facet normal -3.563919e-02 1.314593e-01 -9.906807e-01
    outer loop
      vertex   -4.491828e+00 1.923242e+01 -4.000000e+00
      vertex   -4.730997e+00 1.897499e+01 -4.025556e+00
      vertex   -5.837274e+00 1.886766e+01 -4.000000e+00
    endloop
  endfacet
  facet normal -3.463640e-02 1.207915e-01 -9.920735e-01
    outer loop
      vertex   -5.837274e+00 1.886766e+01 -4.000000e+00
      vertex   -4.730997e+00 1.897499e+01 -4.025556e+00
      vertex   -6.043101e+00 1.859875e+01 -4.025556e+00
    endloop
  endfacet
  facet normal -4.474808e-02 1.284017e-01 -9.907122e-01
    outer loop
      vertex   -5.837274e+00 1.886766e+01 -4.000000e+00
      vertex   -6.043101e+00 1.859875e+01 -4.025556e+00
      vertex   -7.153639e+00 1.840891e+01 -4.000000e+00
    endloop
  endfacet
  facet normal -4.304690e-02 1.182704e-01 -9.920479e-01
    outer loop
      vertex   -7.153639e+00 1.840891e+01 -4.000000e+00
      vertex   -6.043101e+00 1.859875e+01 -4.025556e+00
      vertex   -7.325764e+00 1.813190e+01 -4.025556e+00
    endloop
  endfacet
  facet normal -5.360044e-02 1.247078e-01 -9.907446e-01
    outer loop
      vertex   -7.153639e+00 1.840891e+01 -4.000000e+00
      vertex   -7.325764e+00 1.813190e+01 -4.025556e+00
      vertex   -8.434365e+00 1.785844e+01 -4.000000e+00
    endloop
  endfacet
  facet normal -5.127741e-02 1.151709e-01 -9.920213e-01
    outer loop
      vertex   -8.434365e+00 1.785844e+01 -4.000000e+00
      vertex   -7.325764e+00 1.813190e+01 -4.025556e+00
      vertex   -8.572736e+00 1.757671e+01 -4.025556e+00
    endloop
  endfacet
  facet normal -6.215153e-02 1.203990e-01 -9.907781e-01
    outer loop
      vertex   -8.434365e+00 1.785844e+01 -4.000000e+00
      vertex   -8.572736e+00 1.757671e+01 -4.025556e+00
      vertex   -9.673071e+00 1.721901e+01 -4.000000e+00
    endloop
  endfacet
  facet normal -5.928866e-02 1.115058e-01 -9.919936e-01
    outer loop
      vertex   -9.673071e+00 1.721901e+01 -4.000000e+00
      vertex   -8.572736e+00 1.757671e+01 -4.025556e+00
      vertex   -9.777943e+00 1.693589e+01 -4.025556e+00
    endloop
  endfacet
  facet normal -7.035834e-02 1.154996e-01 -9.908126e-01
    outer loop
      vertex   -9.673071e+00 1.721901e+01 -4.000000e+00
      vertex   -9.777943e+00 1.693589e+01 -4.025556e+00
      vertex   -1.086359e+01 1.649379e+01 -4.000000e+00
    endloop
  endfacet
  facet normal -6.704229e-02 1.072901e-01 -9.919648e-01
    outer loop
      vertex   -1.086359e+01 1.649379e+01 -4.000000e+00
      vertex   -9.777943e+00 1.693589e+01 -4.025556e+00
      vertex   -1.093551e+01 1.621256e+01 -4.025556e+00
    endloop
  endfacet
  facet normal -7.817987e-02 1.100372e-01 -9.908480e-01
    outer loop
      vertex   -1.086359e+01 1.649379e+01 -4.000000e+00
      vertex   -1.093551e+01 1.621256e+01 -4.025556e+00
      vertex   -1.199998e+01 1.568640e+01 -4.000000e+00
    endloop
  endfacet
  facet normal -7.450097e-02 1.025418e-01 -9.919349e-01
    outer loop
      vertex   -1.199998e+01 1.568640e+01 -4.000000e+00
      vertex   -1.093551e+01 1.621256e+01 -4.025556e+00
      vertex   -1.203981e+01 1.541025e+01 -4.025556e+00
    endloop
  endfacet
  facet normal -8.557728e-02 1.040420e-01 -9.908843e-01
    outer loop
      vertex   -1.199998e+01 1.568640e+01 -4.000000e+00
      vertex   -1.203981e+01 1.541025e+01 -4.025556e+00
      vertex   -1.307659e+01 1.480085e+01 -4.000000e+00
    endloop
  endfacet
  facet normal -8.162859e-02 9.728117e-02 -9.919038e-01
    outer loop
      vertex   -1.307659e+01 1.480085e+01 -4.000000e+00
      vertex   -1.203981e+01 1.541025e+01 -4.025556e+00
      vertex   -1.308544e+01 1.453286e+01 -4.025556e+00
    endloop
  endfacet
  facet normal -9.251416e-02 9.754704e-02 -9.909216e-01
    outer loop
      vertex   -1.307659e+01 1.480085e+01 -4.000000e+00
      vertex   -1.308544e+01 1.453286e+01 -4.025556e+00
      vertex   -1.408805e+01 1.384158e+01 -4.000000e+00
    endloop
  endfacet
  facet normal -8.839043e-02 9.153097e-02 -9.918716e-01
    outer loop
      vertex   -1.408805e+01 1.384158e+01 -4.000000e+00
      vertex   -1.308544e+01 1.453286e+01 -4.025556e+00
      vertex   -1.406733e+01 1.358466e+01 -4.025556e+00
    endloop
  endfacet
  facet normal -9.895666e-02 9.058786e-02 -9.909598e-01
    outer loop
      vertex   -1.408805e+01 1.384158e+01 -4.000000e+00
      vertex   -1.406733e+01 1.358466e+01 -4.025556e+00
      vertex   -1.502933e+01 1.281334e+01 -4.000000e+00
    endloop
  endfacet
  facet normal -9.475332e-02 8.531627e-02 -9.918382e-01
    outer loop
      vertex   -1.502933e+01 1.281334e+01 -4.000000e+00
      vertex   -1.406733e+01 1.358466e+01 -4.025556e+00
      vertex   -1.498068e+01 1.257028e+01 -4.025556e+00
    endloop
  endfacet
  facet normal -1.048737e-01 8.320224e-02 -9.909989e-01
    outer loop
      vertex   -1.502933e+01 1.281334e+01 -4.000000e+00
      vertex   -1.498068e+01 1.257028e+01 -4.025556e+00
      vertex   -1.589573e+01 1.172127e+01 -4.000000e+00
    endloop
  endfacet
  facet normal -1.006858e-01 7.866433e-02 -9.918036e-01
    outer loop
      vertex   -1.589573e+01 1.172127e+01 -4.000000e+00
      vertex   -1.498068e+01 1.257028e+01 -4.025556e+00
      vertex   -1.582104e+01 1.149466e+01 -4.025556e+00
    endloop
  endfacet
  facet normal -1.102370e-01 7.543005e-02 -9.910389e-01
    outer loop
      vertex   -1.589573e+01 1.172127e+01 -4.000000e+00
      vertex   -1.582104e+01 1.149466e+01 -4.025556e+00
      vertex   -1.668294e+01 1.057080e+01 -4.000000e+00
    endloop
  endfacet
  facet normal -1.061581e-01 7.160454e-02 -9.917677e-01
    outer loop
      vertex   -1.668294e+01 1.057080e+01 -4.000000e+00
      vertex   -1.582104e+01 1.149466e+01 -4.025556e+00
      vertex   -1.658433e+01 1.036304e+01 -4.025556e+00
    endloop
  endfacet
  facet normal -1.150215e-01 6.731303e-02 -9.910797e-01
    outer loop
      vertex   -1.668294e+01 1.057080e+01 -4.000000e+00
      vertex   -1.658433e+01 1.036304e+01 -4.025556e+00
      vertex   -1.738704e+01 9.367675e+00 -4.000000e+00
    endloop
  endfacet
  facet normal -1.111427e-01 6.416826e-02 -9.917307e-01
    outer loop
      vertex   -1.738704e+01 9.367675e+00 -4.000000e+00
      vertex   -1.658433e+01 1.036304e+01 -4.025556e+00
      vertex   -1.726682e+01 9.180932e+00 -4.025556e+00
    endloop
  endfacet
  facet normal -1.192052e-01 5.889453e-02 -9.911214e-01
    outer loop
      vertex   -1.738704e+01 9.367675e+00 -4.000000e+00
      vertex   -1.726682e+01 9.180932e+00 -4.025556e+00
      vertex   -1.800452e+01 8.117877e+00 -4.000000e+00
    endloop
  endfacet
  facet normal -1.156140e-01 5.638869e-02 -9.916924e-01
    outer loop
      vertex   -1.800452e+01 8.117877e+00 -4.000000e+00
      vertex   -1.726682e+01 9.180932e+00 -4.025556e+00
      vertex   -1.786519e+01 7.954095e+00 -4.025556e+00
    endloop
  endfacet
  facet normal -1.227694e-01 5.021926e-02 -9.911638e-01
    outer loop
      vertex   -1.800452e+01 8.117877e+00 -4.000000e+00
      vertex   -1.786519e+01 7.954095e+00 -4.025556e+00
      vertex   -1.853229e+01 6.827636e+00 -4.000000e+00
    endloop
  endfacet
  facet normal -1.195486e-01 4.830076e-02 -9.916527e-01
    outer loop
      vertex   -1.853229e+01 6.827636e+00 -4.000000e+00
      vertex   -1.786519e+01 7.954095e+00 -4.025556e+00
      vertex   -1.837652e+01 6.688507e+00 -4.025556e+00
    endloop
  endfacet
  facet normal -1.256987e-01 4.133308e-02 -9.912071e-01
    outer loop
      vertex   -1.853229e+01 6.827636e+00 -4.000000e+00
      vertex   -1.837652e+01 6.688507e+00 -4.025556e+00
      vertex   -1.896774e+01 5.503379e+00 -4.000000e+00
    endloop
  endfacet
  facet normal -1.229256e-01 3.994093e-02 -9.916118e-01
    outer loop
      vertex   -1.896774e+01 5.503379e+00 -4.000000e+00
      vertex   -1.837652e+01 6.688507e+00 -4.025556e+00
      vertex   -1.879832e+01 5.390333e+00 -4.025556e+00
    endloop
  endfacet
  facet normal -1.279811e-01 3.228274e-02 -9.912511e-01
    outer loop
      vertex   -1.896774e+01 5.503379e+00 -4.000000e+00
      vertex   -1.879832e+01 5.390333e+00 -4.025556e+00
      vertex   -1.930870e+01 4.151706e+00 -4.000000e+00
    endloop
  endfacet
  facet normal -1.257264e-01 3.134710e-02 -9.915696e-01
    outer loop
      vertex   -1.930870e+01 4.151706e+00 -4.000000e+00
      vertex   -1.879832e+01 5.390333e+00 -4.025556e+00
      vertex   -1.912854e+01 4.065897e+00 -4.025556e+00
    endloop
  endfacet
  facet normal -1.296082e-01 2.311558e-02 -9.912958e-01
    outer loop
      vertex   -1.930870e+01 4.151706e+00 -4.000000e+00
      vertex   -1.912854e+01 4.065897e+00 -4.025556e+00
      vertex   -1.955346e+01 2.779348e+00 -4.000000e+00
    endloop
  endfacet
  facet normal -1.279350e-01 2.255839e-02 -9.915260e-01
    outer loop
      vertex   -1.955346e+01 2.779348e+00 -4.000000e+00
      vertex   -1.912854e+01 4.065897e+00 -4.025556e+00
      vertex   -1.936557e+01 2.721653e+00 -4.025556e+00
    endloop
  endfacet
  facet normal -1.305749e-01 1.387933e-02 -9.913413e-01
    outer loop
      vertex   -1.955346e+01 2.779348e+00 -4.000000e+00
      vertex   -1.936557e+01 2.721653e+00 -4.025556e+00
      vertex   -1.970080e+01 1.393144e+00 -4.000000e+00
    endloop
  endfacet
  facet normal -1.295380e-01 1.361500e-02 -9.914810e-01
    outer loop
      vertex   -1.970080e+01 1.393144e+00 -4.000000e+00
      vertex   -1.936557e+01 2.721653e+00 -4.025556e+00
      vertex   -1.950825e+01 1.364150e+00 -4.025556e+00
    endloop
  endfacet
  facet normal 5.258260e-01 -8.392480e-01 -1.384547e-01
    outer loop
      vertex   9.500000e+00 -1.645448e+01 -4.750000e+00
      vertex   1.066255e+01 -1.572609e+01 -4.750000e+00
      vertex   1.063896e+01 -1.577290e+01 -4.555886e+00
    endloop
  endfacet
  facet normal 5.833440e-01 -8.029041e-01 -1.226981e-01
    outer loop
      vertex   1.063896e+01 -1.577290e+01 -4.555886e+00
      vertex   1.066255e+01 -1.572609e+01 -4.750000e+00
      vertex   1.171330e+01 -1.499234e+01 -4.555886e+00
    endloop
  endfacet
  facet normal 5.430912e-01 -7.475009e-01 -3.824844e-01
    outer loop
      vertex   1.063896e+01 -1.577290e+01 -4.555886e+00
      vertex   1.171330e+01 -1.499234e+01 -4.555886e+00
      vertex   1.175943e+01 -1.505138e+01 -4.375000e+00
    endloop
  endfacet
  facet normal 5.939113e-01 -7.077959e-01 -3.824844e-01
    outer loop
      vertex   1.175943e+01 -1.505138e+01 -4.375000e+00
      vertex   1.171330e+01 -1.499234e+01 -4.555886e+00
      vertex   1.278072e+01 -1.419442e+01 -4.375000e+00
    endloop
  endfacet
  facet normal 5.100728e-01 -6.078811e-01 -6.085279e-01
    outer loop
      vertex   1.175943e+01 -1.505138e+01 -4.375000e+00
      vertex   1.278072e+01 -1.419442e+01 -4.375000e+00
      vertex   1.286047e+01 -1.428300e+01 -4.219670e+00
    endloop
  endfacet
  facet normal 5.512340e-01 -5.708195e-01 -6.085279e-01
    outer loop
      vertex   1.286047e+01 -1.428300e+01 -4.219670e+00
      vertex   1.278072e+01 -1.419442e+01 -4.375000e+00
      vertex   1.382547e+01 -1.335110e+01 -4.219670e+00
    endloop
  endfacet
  facet normal 4.230434e-01 -4.380743e-01 -7.931741e-01
    outer loop
      vertex   1.286047e+01 -1.428300e+01 -4.219670e+00
      vertex   1.382547e+01 -1.335110e+01 -4.219670e+00
      vertex   1.393721e+01 -1.345901e+01 -4.100481e+00
    endloop
  endfacet
  facet normal 4.525714e-01 -4.074971e-01 -7.931741e-01
    outer loop
      vertex   1.393721e+01 -1.345901e+01 -4.100481e+00
      vertex   1.382547e+01 -1.335110e+01 -4.219670e+00
      vertex   1.484211e+01 -1.245401e+01 -4.100481e+00
    endloop
  endfacet
  facet normal 2.845372e-01 -2.561984e-01 -9.237970e-01
    outer loop
      vertex   1.393721e+01 -1.345901e+01 -4.100481e+00
      vertex   1.484211e+01 -1.245401e+01 -4.100481e+00
      vertex   1.498068e+01 -1.257028e+01 -4.025556e+00
    endloop
  endfacet
  facet normal 3.017155e-01 -2.357260e-01 -9.237970e-01
    outer loop
      vertex   1.498068e+01 -1.257028e+01 -4.025556e+00
      vertex   1.484211e+01 -1.245401e+01 -4.100481e+00
      vertex   1.582104e+01 -1.149466e+01 -4.025556e+00
    endloop
  endfacet
  facet normal 5.843827e-01 -7.982561e-01 -1.458902e-01
    outer loop
      vertex   1.066255e+01 -1.572609e+01 -4.750000e+00
      vertex   1.176952e+01 -1.491571e+01 -4.750000e+00
      vertex   1.171330e+01 -1.499234e+01 -4.555886e+00
    endloop
  endfacet
  facet normal 6.384871e-01 -7.609193e-01 -1.154814e-01
    outer loop
      vertex   1.171330e+01 -1.499234e+01 -4.555886e+00
      vertex   1.176952e+01 -1.491571e+01 -4.750000e+00
      vertex   1.273058e+01 -1.413874e+01 -4.555886e+00
    endloop
  endfacet
  facet normal 5.939113e-01 -7.077959e-01 -3.824844e-01
    outer loop
      vertex   1.171330e+01 -1.499234e+01 -4.555886e+00
      vertex   1.273058e+01 -1.413874e+01 -4.555886e+00
      vertex   1.278072e+01 -1.419442e+01 -4.375000e+00
    endloop
  endfacet
  facet normal 6.418379e-01 -6.646426e-01 -3.824844e-01
    outer loop
      vertex   1.278072e+01 -1.419442e+01 -4.375000e+00
      vertex   1.273058e+01 -1.413874e+01 -4.555886e+00
      vertex   1.373974e+01 -1.326831e+01 -4.375000e+00
    endloop
  endfacet
  facet normal 5.512340e-01 -5.708195e-01 -6.085279e-01
    outer loop
      vertex   1.278072e+01 -1.419442e+01 -4.375000e+00
      vertex   1.373974e+01 -1.326831e+01 -4.375000e+00
      vertex   1.382547e+01 -1.335110e+01 -4.219670e+00
    endloop
  endfacet
  facet normal 5.897095e-01 -5.309768e-01 -6.085279e-01
    outer loop
      vertex   1.382547e+01 -1.335110e+01 -4.219670e+00
      vertex   1.373974e+01 -1.326831e+01 -4.375000e+00
      vertex   1.472312e+01 -1.235417e+01 -4.219670e+00
    endloop
  endfacet
  facet normal 4.525714e-01 -4.074971e-01 -7.931741e-01
    outer loop
      vertex   1.382547e+01 -1.335110e+01 -4.219670e+00
      vertex   1.472312e+01 -1.235417e+01 -4.219670e+00
      vertex   1.484211e+01 -1.245401e+01 -4.100481e+00
    endloop
  endfacet
  facet normal 4.798945e-01 -3.749347e-01 -7.931741e-01
    outer loop
      vertex   1.484211e+01 -1.245401e+01 -4.100481e+00
      vertex   1.472312e+01 -1.235417e+01 -4.219670e+00
      vertex   1.567470e+01 -1.138834e+01 -4.100481e+00
    endloop
  endfacet
  facet normal 3.017155e-01 -2.357260e-01 -9.237970e-01
    outer loop
      vertex   1.484211e+01 -1.245401e+01 -4.100481e+00
      vertex   1.567470e+01 -1.138834e+01 -4.100481e+00
      vertex   1.582104e+01 -1.149466e+01 -4.025556e+00
    endloop
  endfacet
  facet normal 3.174240e-01 -2.141052e-01 -9.237970e-01
    outer loop
      vertex   1.582104e+01 -1.149466e+01 -4.025556e+00
      vertex   1.567470e+01 -1.138834e+01 -4.100481e+00
      vertex   1.658433e+01 -1.036304e+01 -4.025556e+00
    endloop
  endfacet
  facet normal 6.397888e-01 -7.532176e-01 -1.527532e-01
    outer loop
      vertex   1.176952e+01 -1.491571e+01 -4.750000e+00
      vertex   1.281512e+01 -1.402757e+01 -4.750000e+00
      vertex   1.273058e+01 -1.413874e+01 -4.555886e+00
    endloop
  endfacet
  facet normal 6.905344e-01 -7.150693e-01 -1.088034e-01
    outer loop
      vertex   1.273058e+01 -1.413874e+01 -4.555886e+00
      vertex   1.281512e+01 -1.402757e+01 -4.750000e+00
      vertex   1.368584e+01 -1.321626e+01 -4.555886e+00
    endloop
  endfacet
  facet normal 6.418379e-01 -6.646426e-01 -3.824844e-01
    outer loop
      vertex   1.273058e+01 -1.413874e+01 -4.555886e+00
      vertex   1.368584e+01 -1.321626e+01 -4.555886e+00
      vertex   1.373974e+01 -1.326831e+01 -4.375000e+00
    endloop
  endfacet
  facet normal 6.866375e-01 -6.182512e-01 -3.824844e-01
    outer loop
      vertex   1.373974e+01 -1.326831e+01 -4.375000e+00
      vertex   1.368584e+01 -1.321626e+01 -4.555886e+00
      vertex   1.463182e+01 -1.227755e+01 -4.375000e+00
    endloop
  endfacet
  facet normal 5.897095e-01 -5.309768e-01 -6.085279e-01
    outer loop
      vertex   1.373974e+01 -1.326831e+01 -4.375000e+00
      vertex   1.463182e+01 -1.227755e+01 -4.375000e+00
      vertex   1.472312e+01 -1.235417e+01 -4.219670e+00
    endloop
  endfacet
  facet normal 6.253121e-01 -4.885474e-01 -6.085279e-01
    outer loop
      vertex   1.472312e+01 -1.235417e+01 -4.219670e+00
      vertex   1.463182e+01 -1.227755e+01 -4.375000e+00
      vertex   1.554904e+01 -1.129704e+01 -4.219670e+00
    endloop
  endfacet
  facet normal 4.798945e-01 -3.749347e-01 -7.931741e-01
    outer loop
      vertex   1.472312e+01 -1.235417e+01 -4.219670e+00
      vertex   1.554904e+01 -1.129704e+01 -4.219670e+00
      vertex   1.567470e+01 -1.138834e+01 -4.100481e+00
    endloop
  endfacet
  facet normal 5.048797e-01 -3.405456e-01 -7.931741e-01
    outer loop
      vertex   1.567470e+01 -1.138834e+01 -4.100481e+00
      vertex   1.554904e+01 -1.129704e+01 -4.219670e+00
      vertex   1.643093e+01 -1.026719e+01 -4.100481e+00
    endloop
  endfacet
  facet normal 3.174240e-01 -2.141052e-01 -9.237970e-01
    outer loop
      vertex   1.567470e+01 -1.138834e+01 -4.100481e+00
      vertex   1.643093e+01 -1.026719e+01 -4.100481e+00
      vertex   1.658433e+01 -1.036304e+01 -4.025556e+00
    endloop
  endfacet
  facet normal 3.315860e-01 -1.914413e-01 -9.237970e-01
    outer loop
      vertex   1.658433e+01 -1.036304e+01 -4.025556e+00
      vertex   1.643093e+01 -1.026719e+01 -4.100481e+00
      vertex   1.726682e+01 -9.180932e+00 -4.025556e+00
    endloop
  endfacet
  facet normal 6.917754e-01 -7.043796e-01 -1.590478e-01
    outer loop
      vertex   1.281512e+01 -1.402757e+01 -4.750000e+00
      vertex   1.379391e+01 -1.306629e+01 -4.750000e+00
      vertex   1.368584e+01 -1.321626e+01 -4.555886e+00
    endloop
  endfacet
  facet normal 7.392178e-01 -6.655947e-01 -1.026687e-01
    outer loop
      vertex   1.368584e+01 -1.321626e+01 -4.555886e+00
      vertex   1.379391e+01 -1.306629e+01 -4.750000e+00
      vertex   1.457442e+01 -1.222939e+01 -4.555886e+00
    endloop
  endfacet
  facet normal 6.866375e-01 -6.182512e-01 -3.824844e-01
    outer loop
      vertex   1.368584e+01 -1.321626e+01 -4.555886e+00
      vertex   1.457442e+01 -1.222939e+01 -4.555886e+00
      vertex   1.463182e+01 -1.227755e+01 -4.375000e+00
    endloop
  endfacet
  facet normal 7.280919e-01 -5.688478e-01 -3.824844e-01
    outer loop
      vertex   1.463182e+01 -1.227755e+01 -4.375000e+00
      vertex   1.457442e+01 -1.222939e+01 -4.555886e+00
      vertex   1.545261e+01 -1.122698e+01 -4.375000e+00
    endloop
  endfacet
  facet normal 6.253121e-01 -4.885474e-01 -6.085279e-01
    outer loop
      vertex   1.463182e+01 -1.227755e+01 -4.375000e+00
      vertex   1.545261e+01 -1.122698e+01 -4.375000e+00
      vertex   1.554904e+01 -1.129704e+01 -4.219670e+00
    endloop
  endfacet
  facet normal 6.578682e-01 -4.437377e-01 -6.085279e-01
    outer loop
      vertex   1.554904e+01 -1.129704e+01 -4.219670e+00
      vertex   1.545261e+01 -1.122698e+01 -4.375000e+00
      vertex   1.629920e+01 -1.018487e+01 -4.219670e+00
    endloop
  endfacet
  facet normal 5.048797e-01 -3.405456e-01 -7.931741e-01
    outer loop
      vertex   1.554904e+01 -1.129704e+01 -4.219670e+00
      vertex   1.629920e+01 -1.018487e+01 -4.219670e+00
      vertex   1.643093e+01 -1.026719e+01 -4.100481e+00
    endloop
  endfacet
  facet normal 5.274051e-01 -3.044975e-01 -7.931741e-01
    outer loop
      vertex   1.643093e+01 -1.026719e+01 -4.100481e+00
      vertex   1.629920e+01 -1.018487e+01 -4.219670e+00
      vertex   1.710711e+01 -9.096012e+00 -4.100481e+00
    endloop
  endfacet
  facet normal 3.315860e-01 -1.914413e-01 -9.237970e-01
    outer loop
      vertex   1.643093e+01 -1.026719e+01 -4.100481e+00
      vertex   1.710711e+01 -9.096012e+00 -4.100481e+00
      vertex   1.726682e+01 -9.180932e+00 -4.025556e+00
    endloop
  endfacet
  facet normal 3.441325e-01 -1.678446e-01 -9.237970e-01
    outer loop
      vertex   1.726682e+01 -9.180932e+00 -4.025556e+00
      vertex   1.710711e+01 -9.096012e+00 -4.100481e+00
      vertex   1.786519e+01 -7.954095e+00 -4.025556e+00
    endloop
  endfacet
  facet normal 7.400930e-01 -6.520049e-01 -1.647783e-01
    outer loop
      vertex   1.379391e+01 -1.306629e+01 -4.750000e+00
      vertex   1.470079e+01 -1.203689e+01 -4.750000e+00
      vertex   1.457442e+01 -1.222939e+01 -4.555886e+00
    endloop
  endfacet
  facet normal 7.842885e-01 -6.127534e-01 -9.708146e-02
    outer loop
      vertex   1.457442e+01 -1.222939e+01 -4.555886e+00
      vertex   1.470079e+01 -1.203689e+01 -4.750000e+00
      vertex   1.539200e+01 -1.118294e+01 -4.555886e+00
    endloop
  endfacet
  facet normal 7.280919e-01 -5.688478e-01 -3.824844e-01
    outer loop
      vertex   1.457442e+01 -1.222939e+01 -4.555886e+00
      vertex   1.539200e+01 -1.118294e+01 -4.555886e+00
      vertex   1.545261e+01 -1.122698e+01 -4.375000e+00
    endloop
  endfacet
  facet normal 7.659992e-01 -5.166730e-01 -3.824844e-01
    outer loop
      vertex   1.545261e+01 -1.122698e+01 -4.375000e+00
      vertex   1.539200e+01 -1.118294e+01 -4.555886e+00
      vertex   1.619813e+01 -1.012171e+01 -4.375000e+00
    endloop
  endfacet
  facet normal 6.578682e-01 -4.437377e-01 -6.085279e-01
    outer loop
      vertex   1.545261e+01 -1.122698e+01 -4.375000e+00
      vertex   1.619813e+01 -1.012171e+01 -4.375000e+00
      vertex   1.629920e+01 -1.018487e+01 -4.219670e+00
    endloop
  endfacet
  facet normal 6.872193e-01 -3.967662e-01 -6.085279e-01
    outer loop
      vertex   1.629920e+01 -1.018487e+01 -4.219670e+00
      vertex   1.619813e+01 -1.012171e+01 -4.375000e+00
      vertex   1.696996e+01 -9.023089e+00 -4.219670e+00
    endloop
  endfacet
  facet normal 5.274051e-01 -3.044975e-01 -7.931741e-01
    outer loop
      vertex   1.629920e+01 -1.018487e+01 -4.219670e+00
      vertex   1.696996e+01 -9.023089e+00 -4.219670e+00
      vertex   1.710711e+01 -9.096012e+00 -4.100481e+00
    endloop
  endfacet
  facet normal 5.473610e-01 -2.669658e-01 -7.931741e-01
    outer loop
      vertex   1.710711e+01 -9.096012e+00 -4.100481e+00
      vertex   1.696996e+01 -9.023089e+00 -4.219670e+00
      vertex   1.769994e+01 -7.880523e+00 -4.100481e+00
    endloop
  endfacet
  facet normal 3.441325e-01 -1.678446e-01 -9.237970e-01
    outer loop
      vertex   1.710711e+01 -9.096012e+00 -4.100481e+00
      vertex   1.769994e+01 -7.880523e+00 -4.100481e+00
      vertex   1.786519e+01 -7.954095e+00 -4.025556e+00
    endloop
  endfacet
  facet normal 3.550025e-01 -1.434303e-01 -9.237970e-01
    outer loop
      vertex   1.786519e+01 -7.954095e+00 -4.025556e+00
      vertex   1.769994e+01 -7.880523e+00 -4.100481e+00
      vertex   1.837652e+01 -6.688507e+00 -4.025556e+00
    endloop
  endfacet
  facet normal 7.845122e-01 -5.963707e-01 -1.699488e-01
    outer loop
      vertex   1.470079e+01 -1.203689e+01 -4.750000e+00
      vertex   1.553102e+01 -1.094474e+01 -4.750000e+00
      vertex   1.539200e+01 -1.118294e+01 -4.555886e+00
    endloop
  endfacet
  facet normal 8.255182e-01 -5.568190e-01 -9.204495e-02
    outer loop
      vertex   1.539200e+01 -1.118294e+01 -4.555886e+00
      vertex   1.553102e+01 -1.094474e+01 -4.750000e+00
      vertex   1.613459e+01 -1.008201e+01 -4.555886e+00
    endloop
  endfacet
  facet normal 7.659992e-01 -5.166730e-01 -3.824844e-01
    outer loop
      vertex   1.539200e+01 -1.118294e+01 -4.555886e+00
      vertex   1.613459e+01 -1.008201e+01 -4.555886e+00
      vertex   1.619813e+01 -1.012171e+01 -4.375000e+00
    endloop
  endfacet
  facet normal 8.001745e-01 -4.619810e-01 -3.824844e-01
    outer loop
      vertex   1.619813e+01 -1.012171e+01 -4.375000e+00
      vertex   1.613459e+01 -1.008201e+01 -4.555886e+00
      vertex   1.686472e+01 -8.967133e+00 -4.375000e+00
    endloop
  endfacet
  facet normal 6.872193e-01 -3.967662e-01 -6.085279e-01
    outer loop
      vertex   1.619813e+01 -1.012171e+01 -4.375000e+00
      vertex   1.686472e+01 -8.967133e+00 -4.375000e+00
      vertex   1.696996e+01 -9.023089e+00 -4.219670e+00
    endloop
  endfacet
  facet normal 7.132222e-01 -3.478617e-01 -6.085279e-01
    outer loop
      vertex   1.696996e+01 -9.023089e+00 -4.219670e+00
      vertex   1.686472e+01 -8.967133e+00 -4.375000e+00
      vertex   1.755804e+01 -7.817344e+00 -4.219670e+00
    endloop
  endfacet
  facet normal 5.473610e-01 -2.669658e-01 -7.931741e-01
    outer loop
      vertex   1.696996e+01 -9.023089e+00 -4.219670e+00
      vertex   1.755804e+01 -7.817344e+00 -4.219670e+00
      vertex   1.769994e+01 -7.880523e+00 -4.100481e+00
    endloop
  endfacet
  facet normal 5.646502e-01 -2.281335e-01 -7.931741e-01
    outer loop
      vertex   1.769994e+01 -7.880523e+00 -4.100481e+00
      vertex   1.755804e+01 -7.817344e+00 -4.219670e+00
      vertex   1.820654e+01 -6.626640e+00 -4.100481e+00
    endloop
  endfacet
  facet normal 3.550025e-01 -1.434303e-01 -9.237970e-01
    outer loop
      vertex   1.769994e+01 -7.880523e+00 -4.100481e+00
      vertex   1.820654e+01 -6.626640e+00 -4.100481e+00
      vertex   1.837652e+01 -6.688507e+00 -4.025556e+00
    endloop
  endfacet
  facet normal 3.641429e-01 -1.183172e-01 -9.237970e-01
    outer loop
      vertex   1.837652e+01 -6.688507e+00 -4.025556e+00
      vertex   1.820654e+01 -6.626640e+00 -4.100481e+00
      vertex   1.879832e+01 -5.390333e+00 -4.025556e+00
    endloop
  endfacet
  facet normal 8.248240e-01 -5.377667e-01 -1.745633e-01
    outer loop
      vertex   1.553102e+01 -1.094474e+01 -4.750000e+00
      vertex   1.628029e+01 -9.795523e+00 -4.750000e+00
      vertex   1.613459e+01 -1.008201e+01 -4.555886e+00
    endloop
  endfacet
  facet normal 8.626991e-01 -4.980795e-01 -8.756202e-02
    outer loop
      vertex   1.613459e+01 -1.008201e+01 -4.555886e+00
      vertex   1.628029e+01 -9.795523e+00 -4.750000e+00
      vertex   1.679857e+01 -8.931957e+00 -4.555886e+00
    endloop
  endfacet
  facet normal 8.001745e-01 -4.619810e-01 -3.824844e-01
    outer loop
      vertex   1.613459e+01 -1.008201e+01 -4.555886e+00
      vertex   1.679857e+01 -8.931957e+00 -4.555886e+00
      vertex   1.686472e+01 -8.967133e+00 -4.375000e+00
    endloop
  endfacet
  facet normal 8.304515e-01 -4.050383e-01 -3.824844e-01
    outer loop
      vertex   1.686472e+01 -8.967133e+00 -4.375000e+00
      vertex   1.679857e+01 -8.931957e+00 -4.555886e+00
      vertex   1.744916e+01 -7.768866e+00 -4.375000e+00
    endloop
  endfacet
  facet normal 7.132222e-01 -3.478617e-01 -6.085279e-01
    outer loop
      vertex   1.686472e+01 -8.967133e+00 -4.375000e+00
      vertex   1.744916e+01 -7.768866e+00 -4.375000e+00
      vertex   1.755804e+01 -7.817344e+00 -4.219670e+00
    endloop
  endfacet
  facet normal 7.357505e-01 -2.972625e-01 -6.085279e-01
    outer loop
      vertex   1.755804e+01 -7.817344e+00 -4.219670e+00
      vertex   1.744916e+01 -7.768866e+00 -4.375000e+00
      vertex   1.806058e+01 -6.573514e+00 -4.219670e+00
    endloop
  endfacet
  facet normal 5.646502e-01 -2.281335e-01 -7.931741e-01
    outer loop
      vertex   1.755804e+01 -7.817344e+00 -4.219670e+00
      vertex   1.806058e+01 -6.573514e+00 -4.219670e+00
      vertex   1.820654e+01 -6.626640e+00 -4.100481e+00
    endloop
  endfacet
  facet normal 5.791886e-01 -1.881898e-01 -7.931741e-01
    outer loop
      vertex   1.820654e+01 -6.626640e+00 -4.100481e+00
      vertex   1.806058e+01 -6.573514e+00 -4.219670e+00
      vertex   1.862445e+01 -5.340474e+00 -4.100481e+00
    endloop
  endfacet
  facet normal 3.641429e-01 -1.183172e-01 -9.237970e-01
    outer loop
      vertex   1.820654e+01 -6.626640e+00 -4.100481e+00
      vertex   1.862445e+01 -5.340474e+00 -4.100481e+00
      vertex   1.879832e+01 -5.390333e+00 -4.025556e+00
    endloop
  endfacet
  facet normal 3.715093e-01 -9.262766e-02 -9.237970e-01
    outer loop
      vertex   1.879832e+01 -5.390333e+00 -4.025556e+00
      vertex   1.862445e+01 -5.340474e+00 -4.100481e+00
      vertex   1.912854e+01 -4.065897e+00 -4.025556e+00
    endloop
  endfacet
  facet normal 8.608403e-01 -4.764945e-01 -1.786255e-01
    outer loop
      vertex   1.628029e+01 -9.795523e+00 -4.750000e+00
      vertex   1.694467e+01 -8.595240e+00 -4.750000e+00
      vertex   1.679857e+01 -8.931957e+00 -4.555886e+00
    endloop
  endfacet
  facet normal 8.956451e-01 -4.368353e-01 -8.363502e-02
    outer loop
      vertex   1.679857e+01 -8.931957e+00 -4.555886e+00
      vertex   1.694467e+01 -8.595240e+00 -4.750000e+00
      vertex   1.738071e+01 -7.738391e+00 -4.555886e+00
    endloop
  endfacet
  facet normal 8.304515e-01 -4.050383e-01 -3.824844e-01
    outer loop
      vertex   1.679857e+01 -8.931957e+00 -4.555886e+00
      vertex   1.738071e+01 -7.738391e+00 -4.555886e+00
      vertex   1.744916e+01 -7.768866e+00 -4.375000e+00
    endloop
  endfacet
  facet normal 8.566826e-01 -3.461222e-01 -3.824844e-01
    outer loop
      vertex   1.744916e+01 -7.768866e+00 -4.375000e+00
      vertex   1.738071e+01 -7.738391e+00 -4.555886e+00
      vertex   1.794858e+01 -6.532749e+00 -4.375000e+00
    endloop
  endfacet
  facet normal 7.357505e-01 -2.972625e-01 -6.085279e-01
    outer loop
      vertex   1.744916e+01 -7.768866e+00 -4.375000e+00
      vertex   1.794858e+01 -6.532749e+00 -4.375000e+00
      vertex   1.806058e+01 -6.573514e+00 -4.219670e+00
    endloop
  endfacet
  facet normal 7.546942e-01 -2.452150e-01 -6.085279e-01
    outer loop
      vertex   1.806058e+01 -6.573514e+00 -4.219670e+00
      vertex   1.794858e+01 -6.532749e+00 -4.375000e+00
      vertex   1.847513e+01 -5.297659e+00 -4.219670e+00
    endloop
  endfacet
  facet normal 5.791886e-01 -1.881898e-01 -7.931741e-01
    outer loop
      vertex   1.806058e+01 -6.573514e+00 -4.219670e+00
      vertex   1.847513e+01 -5.297659e+00 -4.219670e+00
      vertex   1.862445e+01 -5.340474e+00 -4.100481e+00
    endloop
  endfacet
  facet normal 5.909052e-01 -1.473292e-01 -7.931741e-01
    outer loop
      vertex   1.862445e+01 -5.340474e+00 -4.100481e+00
      vertex   1.847513e+01 -5.297659e+00 -4.219670e+00
      vertex   1.895161e+01 -4.028289e+00 -4.100481e+00
    endloop
  endfacet
  facet normal 3.715093e-01 -9.262766e-02 -9.237970e-01
    outer loop
      vertex   1.862445e+01 -5.340474e+00 -4.100481e+00
      vertex   1.895161e+01 -4.028289e+00 -4.100481e+00
      vertex   1.912854e+01 -4.065897e+00 -4.025556e+00
    endloop
  endfacet
  facet normal 3.770657e-01 -6.648685e-02 -9.237970e-01
    outer loop
      vertex   1.912854e+01 -4.065897e+00 -4.025556e+00
      vertex   1.895161e+01 -4.028289e+00 -4.100481e+00
      vertex   1.936557e+01 -2.721653e+00 -4.025556e+00
    endloop
  endfacet
  facet normal 8.923943e-01 -4.128656e-01 -1.821387e-01
    outer loop
      vertex   1.694467e+01 -8.595240e+00 -4.750000e+00
      vertex   1.752071e+01 -7.350145e+00 -4.750000e+00
      vertex   1.738071e+01 -7.738391e+00 -4.555886e+00
    endloop
  endfacet
  facet normal 9.241923e-01 -3.733979e-01 -8.026587e-02
    outer loop
      vertex   1.738071e+01 -7.738391e+00 -4.555886e+00
      vertex   1.752071e+01 -7.350145e+00 -4.750000e+00
      vertex   1.787817e+01 -6.507123e+00 -4.555886e+00
    endloop
  endfacet
  facet normal 8.566826e-01 -3.461222e-01 -3.824844e-01
    outer loop
      vertex   1.738071e+01 -7.738391e+00 -4.555886e+00
      vertex   1.787817e+01 -6.507123e+00 -4.555886e+00
      vertex   1.794858e+01 -6.532749e+00 -4.375000e+00
    endloop
  endfacet
  facet normal 8.787400e-01 -2.855199e-01 -3.824844e-01
    outer loop
      vertex   1.794858e+01 -6.532749e+00 -4.375000e+00
      vertex   1.787817e+01 -6.507123e+00 -4.555886e+00
      vertex   1.836056e+01 -5.264806e+00 -4.375000e+00
    endloop
  endfacet
  facet normal 7.546942e-01 -2.452150e-01 -6.085279e-01
    outer loop
      vertex   1.794858e+01 -6.532749e+00 -4.375000e+00
      vertex   1.836056e+01 -5.264806e+00 -4.375000e+00
      vertex   1.847513e+01 -5.297659e+00 -4.219670e+00
    endloop
  endfacet
  facet normal 7.699611e-01 -1.919729e-01 -6.085279e-01
    outer loop
      vertex   1.847513e+01 -5.297659e+00 -4.219670e+00
      vertex   1.836056e+01 -5.264806e+00 -4.375000e+00
      vertex   1.879967e+01 -3.995994e+00 -4.219670e+00
    endloop
  endfacet
  facet normal 5.909052e-01 -1.473292e-01 -7.931741e-01
    outer loop
      vertex   1.847513e+01 -5.297659e+00 -4.219670e+00
      vertex   1.879967e+01 -3.995994e+00 -4.219670e+00
      vertex   1.895161e+01 -4.028289e+00 -4.100481e+00
    endloop
  endfacet
  facet normal 5.997429e-01 -1.057509e-01 -7.931741e-01
    outer loop
      vertex   1.895161e+01 -4.028289e+00 -4.100481e+00
      vertex   1.879967e+01 -3.995994e+00 -4.219670e+00
      vertex   1.918644e+01 -2.696479e+00 -4.100481e+00
    endloop
  endfacet
  facet normal 3.770657e-01 -6.648685e-02 -9.237970e-01
    outer loop
      vertex   1.895161e+01 -4.028289e+00 -4.100481e+00
      vertex   1.918644e+01 -2.696479e+00 -4.100481e+00
      vertex   1.936557e+01 -2.721653e+00 -4.025556e+00
    endloop
  endfacet
  facet normal 3.807850e-01 -4.002212e-02 -9.237970e-01
    outer loop
      vertex   1.936557e+01 -2.721653e+00 -4.025556e+00
      vertex   1.918644e+01 -2.696479e+00 -4.100481e+00
      vertex   1.950825e+01 -1.364150e+00 -4.025556e+00
    endloop
  endfacet
  facet normal 9.193409e-01 -3.472003e-01 -1.851060e-01
    outer loop
      vertex   1.752071e+01 -7.350145e+00 -4.750000e+00
      vertex   1.800541e+01 -6.066729e+00 -4.750000e+00
      vertex   1.787817e+01 -6.507123e+00 -4.555886e+00
    endloop
  endfacet
  facet normal 9.481993e-01 -3.080886e-01 -7.745611e-02
    outer loop
      vertex   1.787817e+01 -6.507123e+00 -4.555886e+00
      vertex   1.800541e+01 -6.066729e+00 -4.750000e+00
      vertex   1.828854e+01 -5.244154e+00 -4.555886e+00
    endloop
  endfacet
  facet normal 8.787400e-01 -2.855199e-01 -3.824844e-01
    outer loop
      vertex   1.787817e+01 -6.507123e+00 -4.555886e+00
      vertex   1.828854e+01 -5.244154e+00 -4.555886e+00
      vertex   1.836056e+01 -5.264806e+00 -4.375000e+00
    endloop
  endfacet
  facet normal 8.965163e-01 -2.235266e-01 -3.824844e-01
    outer loop
      vertex   1.836056e+01 -5.264806e+00 -4.375000e+00
      vertex   1.828854e+01 -5.244154e+00 -4.555886e+00
      vertex   1.868309e+01 -3.971213e+00 -4.375000e+00
    endloop
  endfacet
  facet normal 7.699611e-01 -1.919729e-01 -6.085279e-01
    outer loop
      vertex   1.836056e+01 -5.264806e+00 -4.375000e+00
      vertex   1.868309e+01 -3.971213e+00 -4.375000e+00
      vertex   1.879967e+01 -3.995994e+00 -4.219670e+00
    endloop
  endfacet
  facet normal 7.814769e-01 -1.377955e-01 -6.085279e-01
    outer loop
      vertex   1.879967e+01 -3.995994e+00 -4.219670e+00
      vertex   1.868309e+01 -3.971213e+00 -4.375000e+00
      vertex   1.903263e+01 -2.674861e+00 -4.219670e+00
    endloop
  endfacet
  facet normal 5.997429e-01 -1.057509e-01 -7.931741e-01
    outer loop
      vertex   1.879967e+01 -3.995994e+00 -4.219670e+00
      vertex   1.903263e+01 -2.674861e+00 -4.219670e+00
      vertex   1.918644e+01 -2.696479e+00 -4.100481e+00
    endloop
  endfacet
  facet normal 6.056588e-01 -6.365730e-02 -7.931741e-01
    outer loop
      vertex   1.918644e+01 -2.696479e+00 -4.100481e+00
      vertex   1.903263e+01 -2.674861e+00 -4.219670e+00
      vertex   1.932780e+01 -1.351532e+00 -4.100481e+00
    endloop
  endfacet
  facet normal 3.807850e-01 -4.002212e-02 -9.237970e-01
    outer loop
      vertex   1.918644e+01 -2.696479e+00 -4.100481e+00
      vertex   1.932780e+01 -1.351532e+00 -4.100481e+00
      vertex   1.950825e+01 -1.364150e+00 -4.025556e+00
    endloop
  endfacet
  facet normal 3.826493e-01 -1.336241e-02 -9.237970e-01
    outer loop
      vertex   1.950825e+01 -1.364150e+00 -4.025556e+00
      vertex   1.932780e+01 -1.351532e+00 -4.100481e+00
      vertex   1.955589e+01 -3.194627e-15 -4.025556e+00
    endloop
  endfacet
  facet normal 9.415569e-01 -2.798267e-01 -1.875301e-01
    outer loop
      vertex   1.800541e+01 -6.066729e+00 -4.750000e+00
      vertex   1.839624e+01 -4.751685e+00 -4.750000e+00
      vertex   1.828854e+01 -5.244154e+00 -4.555886e+00
    endloop
  endfacet
  facet normal 9.675478e-01 -2.412368e-01 -7.520694e-02
    outer loop
      vertex   1.828854e+01 -5.244154e+00 -4.555886e+00
      vertex   1.839624e+01 -4.751685e+00 -4.750000e+00
      vertex   1.860980e+01 -3.955635e+00 -4.555886e+00
    endloop
  endfacet
  facet normal 8.965163e-01 -2.235266e-01 -3.824844e-01
    outer loop
      vertex   1.828854e+01 -5.244154e+00 -4.555886e+00
      vertex   1.860980e+01 -3.955635e+00 -4.555886e+00
      vertex   1.868309e+01 -3.971213e+00 -4.375000e+00
    endloop
  endfacet
  facet normal 9.099249e-01 -1.604443e-01 -3.824844e-01
    outer loop
      vertex   1.868309e+01 -3.971213e+00 -4.375000e+00
      vertex   1.860980e+01 -3.955635e+00 -4.555886e+00
      vertex   1.891460e+01 -2.658273e+00 -4.375000e+00
    endloop
  endfacet
  facet normal 7.814769e-01 -1.377955e-01 -6.085279e-01
    outer loop
      vertex   1.868309e+01 -3.971213e+00 -4.375000e+00
      vertex   1.891460e+01 -2.658273e+00 -4.375000e+00
      vertex   1.903263e+01 -2.674861e+00 -4.219670e+00
    endloop
  endfacet
  facet normal 7.891854e-01 -8.294673e-02 -6.085279e-01
    outer loop
      vertex   1.903263e+01 -2.674861e+00 -4.219670e+00
      vertex   1.891460e+01 -2.658273e+00 -4.375000e+00
      vertex   1.917285e+01 -1.340696e+00 -4.219670e+00
    endloop
  endfacet
  facet normal 6.056588e-01 -6.365730e-02 -7.931741e-01
    outer loop
      vertex   1.903263e+01 -2.674861e+00 -4.219670e+00
      vertex   1.917285e+01 -1.340696e+00 -4.219670e+00
      vertex   1.932780e+01 -1.351532e+00 -4.100481e+00
    endloop
  endfacet
  facet normal 6.086239e-01 -2.125362e-02 -7.931741e-01
    outer loop
      vertex   1.932780e+01 -1.351532e+00 -4.100481e+00
      vertex   1.917285e+01 -1.340696e+00 -4.219670e+00
      vertex   1.937500e+01 -3.122304e-15 -4.100481e+00
    endloop
  endfacet
  facet normal 3.826493e-01 -1.336241e-02 -9.237970e-01
    outer loop
      vertex   1.932780e+01 -1.351532e+00 -4.100481e+00
      vertex   1.937500e+01 -3.122304e-15 -4.100481e+00
      vertex   1.955589e+01 -3.194627e-15 -4.025556e+00
    endloop
  endfacet
  facet normal 3.826493e-01 1.336241e-02 -9.237970e-01
    outer loop
      vertex   1.955589e+01 -3.194627e-15 -4.025556e+00
      vertex   1.937500e+01 -3.122304e-15 -4.100481e+00
      vertex   1.950825e+01 1.364150e+00 -4.025556e+00
    endloop
  endfacet
  facet normal 9.589413e-01 -2.110789e-01 -1.894131e-01
    outer loop
      vertex   1.839624e+01 -4.751685e+00 -4.750000e+00
      vertex   1.869115e+01 -3.411867e+00 -4.750000e+00
      vertex   1.860980e+01 -3.955635e+00 -4.555886e+00
    endloop
  endfacet
  facet normal 9.821427e-01 -1.731782e-01 -7.351931e-02
    outer loop
      vertex   1.860980e+01 -3.955635e+00 -4.555886e+00
      vertex   1.869115e+01 -3.411867e+00 -4.750000e+00
      vertex   1.884040e+01 -2.647846e+00 -4.555886e+00
    endloop
  endfacet
  facet normal 9.099249e-01 -1.604443e-01 -3.824844e-01
    outer loop
      vertex   1.860980e+01 -3.955635e+00 -4.555886e+00
      vertex   1.884040e+01 -2.647846e+00 -4.555886e+00
      vertex   1.891460e+01 -2.658273e+00 -4.375000e+00
    endloop
  endfacet
  facet normal 9.189004e-01 -9.658032e-02 -3.824844e-01
    outer loop
      vertex   1.891460e+01 -2.658273e+00 -4.375000e+00
      vertex   1.884040e+01 -2.647846e+00 -4.555886e+00
      vertex   1.905395e+01 -1.332382e+00 -4.375000e+00
    endloop
  endfacet
  facet normal 7.891854e-01 -8.294673e-02 -6.085279e-01
    outer loop
      vertex   1.891460e+01 -2.658273e+00 -4.375000e+00
      vertex   1.905395e+01 -1.332382e+00 -4.375000e+00
      vertex   1.917285e+01 -1.340696e+00 -4.219670e+00
    endloop
  endfacet
  facet normal 7.930491e-01 -2.769388e-02 -6.085279e-01
    outer loop
      vertex   1.917285e+01 -1.340696e+00 -4.219670e+00
      vertex   1.905395e+01 -1.332382e+00 -4.375000e+00
      vertex   1.921967e+01 -3.021617e-15 -4.219670e+00
    endloop
  endfacet
  facet normal 6.086239e-01 -2.125362e-02 -7.931741e-01
    outer loop
      vertex   1.917285e+01 -1.340696e+00 -4.219670e+00
      vertex   1.921967e+01 -3.021617e-15 -4.219670e+00
      vertex   1.937500e+01 -3.122304e-15 -4.100481e+00
    endloop
  endfacet
  facet normal 6.086239e-01 2.125362e-02 -7.931741e-01
    outer loop
      vertex   1.937500e+01 -3.122304e-15 -4.100481e+00
      vertex   1.921967e+01 -3.021617e-15 -4.219670e+00
      vertex   1.932780e+01 1.351532e+00 -4.100481e+00
    endloop
  endfacet
  facet normal 3.826493e-01 1.336241e-02 -9.237970e-01
    outer loop
      vertex   1.937500e+01 -3.122304e-15 -4.100481e+00
      vertex   1.932780e+01 1.351532e+00 -4.100481e+00
      vertex   1.950825e+01 1.364150e+00 -4.025556e+00
    endloop
  endfacet
  facet normal 3.807850e-01 4.002212e-02 -9.237970e-01
    outer loop
      vertex   1.950825e+01 1.364150e+00 -4.025556e+00
      vertex   1.932780e+01 1.351532e+00 -4.100481e+00
      vertex   1.936557e+01 2.721653e+00 -4.025556e+00
    endloop
  endfacet
  facet normal 9.714150e-01 -1.412962e-01 -1.907569e-01
    outer loop
      vertex   1.869115e+01 -3.411867e+00 -4.750000e+00
      vertex   1.888862e+01 -2.054261e+00 -4.750000e+00
      vertex   1.884040e+01 -2.647846e+00 -4.555886e+00
    endloop
  endfacet
  facet normal 9.919124e-01 -1.042542e-01 -7.239386e-02
    outer loop
      vertex   1.884040e+01 -2.647846e+00 -4.555886e+00
      vertex   1.888862e+01 -2.054261e+00 -4.750000e+00
      vertex   1.897921e+01 -1.327156e+00 -4.555886e+00
    endloop
  endfacet
  facet normal 9.189004e-01 -9.658032e-02 -3.824844e-01
    outer loop
      vertex   1.884040e+01 -2.647846e+00 -4.555886e+00
      vertex   1.897921e+01 -1.327156e+00 -4.555886e+00
      vertex   1.905395e+01 -1.332382e+00 -4.375000e+00
    endloop
  endfacet
  facet normal 9.233991e-01 -3.224581e-02 -3.824844e-01
    outer loop
      vertex   1.905395e+01 -1.332382e+00 -4.375000e+00
      vertex   1.897921e+01 -1.327156e+00 -4.555886e+00
      vertex   1.910048e+01 -2.897799e-15 -4.375000e+00
    endloop
  endfacet
  facet normal 7.930491e-01 -2.769388e-02 -6.085279e-01
    outer loop
      vertex   1.905395e+01 -1.332382e+00 -4.375000e+00
      vertex   1.910048e+01 -2.897799e-15 -4.375000e+00
      vertex   1.921967e+01 -3.021617e-15 -4.219670e+00
    endloop
  endfacet
  facet normal 7.930491e-01 2.769388e-02 -6.085279e-01
    outer loop
      vertex   1.921967e+01 -3.021617e-15 -4.219670e+00
      vertex   1.910048e+01 -2.897799e-15 -4.375000e+00
      vertex   1.917285e+01 1.340696e+00 -4.219670e+00
    endloop
  endfacet
  facet normal 6.086239e-01 2.125362e-02 -7.931741e-01
    outer loop
      vertex   1.921967e+01 -3.021617e-15 -4.219670e+00
      vertex   1.917285e+01 1.340696e+00 -4.219670e+00
      vertex   1.932780e+01 1.351532e+00 -4.100481e+00
    endloop
  endfacet
  facet normal 6.056588e-01 6.365730e-02 -7.931741e-01
    outer loop
      vertex   1.932780e+01 1.351532e+00 -4.100481e+00
      vertex   1.917285e+01 1.340696e+00 -4.219670e+00
      vertex   1.918644e+01 2.696479e+00 -4.100481e+00
    endloop
  endfacet
  facet normal 3.807850e-01 4.002212e-02 -9.237970e-01
    outer loop
      vertex   1.932780e+01 1.351532e+00 -4.100481e+00
      vertex   1.918644e+01 2.696479e+00 -4.100481e+00
      vertex   1.936557e+01 2.721653e+00 -4.025556e+00
    endloop
  endfacet
  facet normal 3.770657e-01 6.648685e-02 -9.237970e-01
    outer loop
      vertex   1.936557e+01 2.721653e+00 -4.025556e+00
      vertex   1.918644e+01 2.696479e+00 -4.100481e+00
      vertex   1.912854e+01 4.065897e+00 -4.025556e+00
    endloop
  endfacet
  facet normal 9.789219e-01 -7.082142e-02 -1.915626e-01
    outer loop
      vertex   1.888862e+01 -2.054261e+00 -4.750000e+00
      vertex   1.898761e+01 -6.859459e-01 -4.750000e+00
      vertex   1.897921e+01 -1.327156e+00 -4.555886e+00
    endloop
  endfacet
  facet normal 9.968092e-01 -3.480934e-02 -7.183102e-02
    outer loop
      vertex   1.897921e+01 -1.327156e+00 -4.555886e+00
      vertex   1.898761e+01 -6.859459e-01 -4.750000e+00
      vertex   1.902556e+01 -2.757639e-15 -4.555886e+00
    endloop
  endfacet
  facet normal 9.233991e-01 -3.224581e-02 -3.824844e-01
    outer loop
      vertex   1.897921e+01 -1.327156e+00 -4.555886e+00
      vertex   1.902556e+01 -2.757639e-15 -4.555886e+00
      vertex   1.910048e+01 -2.897799e-15 -4.375000e+00
    endloop
  endfacet
  facet normal 9.233991e-01 3.224581e-02 -3.824844e-01
    outer loop
      vertex   1.910048e+01 -2.897799e-15 -4.375000e+00
      vertex   1.902556e+01 -2.757639e-15 -4.555886e+00
      vertex   1.905395e+01 1.332382e+00 -4.375000e+00
    endloop
  endfacet
  facet normal 7.930491e-01 2.769388e-02 -6.085279e-01
    outer loop
      vertex   1.910048e+01 -2.897799e-15 -4.375000e+00
      vertex   1.905395e+01 1.332382e+00 -4.375000e+00
      vertex   1.917285e+01 1.340696e+00 -4.219670e+00
    endloop
  endfacet
  facet normal 7.891854e-01 8.294673e-02 -6.085279e-01
    outer loop
      vertex   1.917285e+01 1.340696e+00 -4.219670e+00
      vertex   1.905395e+01 1.332382e+00 -4.375000e+00
      vertex   1.903263e+01 2.674861e+00 -4.219670e+00
    endloop
  endfacet
  facet normal 6.056588e-01 6.365730e-02 -7.931741e-01
    outer loop
      vertex   1.917285e+01 1.340696e+00 -4.219670e+00
      vertex   1.903263e+01 2.674861e+00 -4.219670e+00
      vertex   1.918644e+01 2.696479e+00 -4.100481e+00
    endloop
  endfacet
  facet normal 5.997429e-01 1.057509e-01 -7.931741e-01
    outer loop
      vertex   1.918644e+01 2.696479e+00 -4.100481e+00
      vertex   1.903263e+01 2.674861e+00 -4.219670e+00
      vertex   1.895161e+01 4.028289e+00 -4.100481e+00
    endloop
  endfacet
  facet normal 3.770657e-01 6.648685e-02 -9.237970e-01
    outer loop
      vertex   1.918644e+01 2.696479e+00 -4.100481e+00
      vertex   1.895161e+01 4.028289e+00 -4.100481e+00
      vertex   1.912854e+01 4.065897e+00 -4.025556e+00
    endloop
  endfacet
  facet normal 3.715093e-01 9.262766e-02 -9.237970e-01
    outer loop
      vertex   1.912854e+01 4.065897e+00 -4.025556e+00
      vertex   1.895161e+01 4.028289e+00 -4.100481e+00
      vertex   1.879832e+01 5.390333e+00 -4.025556e+00
    endloop
  endfacet
  facet normal 9.814279e-01 1.241937e-16 -1.918311e-01
    outer loop
      vertex   1.898761e+01 -6.859459e-01 -4.750000e+00
      vertex   1.898761e+01 6.859459e-01 -4.750000e+00
      vertex   1.902556e+01 -2.757639e-15 -4.555886e+00
    endloop
  endfacet
  facet normal 9.968092e-01 3.480934e-02 -7.183102e-02
    outer loop
      vertex   1.902556e+01 -2.757639e-15 -4.555886e+00
      vertex   1.898761e+01 6.859459e-01 -4.750000e+00
      vertex   1.897921e+01 1.327156e+00 -4.555886e+00
    endloop
  endfacet
  facet normal 9.233991e-01 3.224581e-02 -3.824844e-01
    outer loop
      vertex   1.902556e+01 -2.757639e-15 -4.555886e+00
      vertex   1.897921e+01 1.327156e+00 -4.555886e+00
      vertex   1.905395e+01 1.332382e+00 -4.375000e+00
    endloop
  endfacet
  facet normal 9.189004e-01 9.658032e-02 -3.824844e-01
    outer loop
      vertex   1.905395e+01 1.332382e+00 -4.375000e+00
      vertex   1.897921e+01 1.327156e+00 -4.555886e+00
      vertex   1.891460e+01 2.658273e+00 -4.375000e+00
    endloop
  endfacet
  facet normal 7.891854e-01 8.294673e-02 -6.085279e-01
    outer loop
      vertex   1.905395e+01 1.332382e+00 -4.375000e+00
      vertex   1.891460e+01 2.658273e+00 -4.375000e+00
      vertex   1.903263e+01 2.674861e+00 -4.219670e+00
    endloop
  endfacet
  facet normal 7.814769e-01 1.377955e-01 -6.085279e-01
    outer loop
      vertex   1.903263e+01 2.674861e+00 -4.219670e+00
      vertex   1.891460e+01 2.658273e+00 -4.375000e+00
      vertex   1.879967e+01 3.995994e+00 -4.219670e+00
    endloop
  endfacet
  facet normal 5.997429e-01 1.057509e-01 -7.931741e-01
    outer loop
      vertex   1.903263e+01 2.674861e+00 -4.219670e+00
      vertex   1.879967e+01 3.995994e+00 -4.219670e+00
      vertex   1.895161e+01 4.028289e+00 -4.100481e+00
    endloop
  endfacet
  facet normal 5.909052e-01 1.473292e-01 -7.931741e-01
    outer loop
      vertex   1.895161e+01 4.028289e+00 -4.100481e+00
      vertex   1.879967e+01 3.995994e+00 -4.219670e+00
      vertex   1.862445e+01 5.340474e+00 -4.100481e+00
    endloop
  endfacet
  facet normal 3.715093e-01 9.262766e-02 -9.237970e-01
    outer loop
      vertex   1.895161e+01 4.028289e+00 -4.100481e+00
      vertex   1.862445e+01 5.340474e+00 -4.100481e+00
      vertex   1.879832e+01 5.390333e+00 -4.025556e+00
    endloop
  endfacet
  facet normal 3.641429e-01 1.183172e-01 -9.237970e-01
    outer loop
      vertex   1.879832e+01 5.390333e+00 -4.025556e+00
      vertex   1.862445e+01 5.340474e+00 -4.100481e+00
      vertex   1.837652e+01 6.688507e+00 -4.025556e+00
    endloop
  endfacet
  facet normal 9.789219e-01 7.082142e-02 -1.915626e-01
    outer loop
      vertex   1.898761e+01 6.859459e-01 -4.750000e+00
      vertex   1.888862e+01 2.054261e+00 -4.750000e+00
      vertex   1.897921e+01 1.327156e+00 -4.555886e+00
    endloop
  endfacet
  facet normal 9.919124e-01 1.042542e-01 -7.239386e-02
    outer loop
      vertex   1.897921e+01 1.327156e+00 -4.555886e+00
      vertex   1.888862e+01 2.054261e+00 -4.750000e+00
      vertex   1.884040e+01 2.647846e+00 -4.555886e+00
    endloop
  endfacet
  facet normal 9.189004e-01 9.658032e-02 -3.824844e-01
    outer loop
      vertex   1.897921e+01 1.327156e+00 -4.555886e+00
      vertex   1.884040e+01 2.647846e+00 -4.555886e+00
      vertex   1.891460e+01 2.658273e+00 -4.375000e+00
    endloop
  endfacet
  facet normal 9.099249e-01 1.604443e-01 -3.824844e-01
    outer loop
      vertex   1.891460e+01 2.658273e+00 -4.375000e+00
      vertex   1.884040e+01 2.647846e+00 -4.555886e+00
      vertex   1.868309e+01 3.971213e+00 -4.375000e+00
    endloop
  endfacet
  facet normal 7.814769e-01 1.377955e-01 -6.085279e-01
    outer loop
      vertex   1.891460e+01 2.658273e+00 -4.375000e+00
      vertex   1.868309e+01 3.971213e+00 -4.375000e+00
      vertex   1.879967e+01 3.995994e+00 -4.219670e+00
    endloop
  endfacet
  facet normal 7.699611e-01 1.919729e-01 -6.085279e-01
    outer loop
      vertex   1.879967e+01 3.995994e+00 -4.219670e+00
      vertex   1.868309e+01 3.971213e+00 -4.375000e+00
      vertex   1.847513e+01 5.297659e+00 -4.219670e+00
    endloop
  endfacet
  facet normal 5.909052e-01 1.473292e-01 -7.931741e-01
    outer loop
      vertex   1.879967e+01 3.995994e+00 -4.219670e+00
      vertex   1.847513e+01 5.297659e+00 -4.219670e+00
      vertex   1.862445e+01 5.340474e+00 -4.100481e+00
    endloop
  endfacet
  facet normal 5.791886e-01 1.881898e-01 -7.931741e-01
    outer loop
      vertex   1.862445e+01 5.340474e+00 -4.100481e+00
      vertex   1.847513e+01 5.297659e+00 -4.219670e+00
      vertex   1.820654e+01 6.626640e+00 -4.100481e+00
    endloop
  endfacet
  facet normal 3.641429e-01 1.183172e-01 -9.237970e-01
    outer loop
      vertex   1.862445e+01 5.340474e+00 -4.100481e+00
      vertex   1.820654e+01 6.626640e+00 -4.100481e+00
      vertex   1.837652e+01 6.688507e+00 -4.025556e+00
    endloop
  endfacet
  facet normal 3.550025e-01 1.434303e-01 -9.237970e-01
    outer loop
      vertex   1.837652e+01 6.688507e+00 -4.025556e+00
      vertex   1.820654e+01 6.626640e+00 -4.100481e+00
      vertex   1.786519e+01 7.954095e+00 -4.025556e+00
    endloop
  endfacet
  facet normal 9.714150e-01 1.412962e-01 -1.907569e-01
    outer loop
      vertex   1.888862e+01 2.054261e+00 -4.750000e+00
      vertex   1.869115e+01 3.411867e+00 -4.750000e+00
      vertex   1.884040e+01 2.647846e+00 -4.555886e+00
    endloop
  endfacet
  facet normal 9.821427e-01 1.731782e-01 -7.351931e-02
    outer loop
      vertex   1.884040e+01 2.647846e+00 -4.555886e+00
      vertex   1.869115e+01 3.411867e+00 -4.750000e+00
      vertex   1.860980e+01 3.955635e+00 -4.555886e+00
    endloop
  endfacet
  facet normal 9.099249e-01 1.604443e-01 -3.824844e-01
    outer loop
      vertex   1.884040e+01 2.647846e+00 -4.555886e+00
      vertex   1.860980e+01 3.955635e+00 -4.555886e+00
      vertex   1.868309e+01 3.971213e+00 -4.375000e+00
    endloop
  endfacet
  facet normal 8.965163e-01 2.235266e-01 -3.824844e-01
    outer loop
      vertex   1.868309e+01 3.971213e+00 -4.375000e+00
      vertex   1.860980e+01 3.955635e+00 -4.555886e+00
      vertex   1.836056e+01 5.264806e+00 -4.375000e+00
    endloop
  endfacet
  facet normal 7.699611e-01 1.919729e-01 -6.085279e-01
    outer loop
      vertex   1.868309e+01 3.971213e+00 -4.375000e+00
      vertex   1.836056e+01 5.264806e+00 -4.375000e+00
      vertex   1.847513e+01 5.297659e+00 -4.219670e+00
    endloop
  endfacet
  facet normal 7.546942e-01 2.452150e-01 -6.085279e-01
    outer loop
      vertex   1.847513e+01 5.297659e+00 -4.219670e+00
      vertex   1.836056e+01 5.264806e+00 -4.375000e+00
      vertex   1.806058e+01 6.573514e+00 -4.219670e+00
    endloop
  endfacet
  facet normal 5.791886e-01 1.881898e-01 -7.931741e-01
    outer loop
      vertex   1.847513e+01 5.297659e+00 -4.219670e+00
      vertex   1.806058e+01 6.573514e+00 -4.219670e+00
      vertex   1.820654e+01 6.626640e+00 -4.100481e+00
    endloop
  endfacet
  facet normal 5.646502e-01 2.281335e-01 -7.931741e-01
    outer loop
      vertex   1.820654e+01 6.626640e+00 -4.100481e+00
      vertex   1.806058e+01 6.573514e+00 -4.219670e+00
      vertex   1.769994e+01 7.880523e+00 -4.100481e+00
    endloop
  endfacet
  facet normal 3.550025e-01 1.434303e-01 -9.237970e-01
    outer loop
      vertex   1.820654e+01 6.626640e+00 -4.100481e+00
      vertex   1.769994e+01 7.880523e+00 -4.100481e+00
      vertex   1.786519e+01 7.954095e+00 -4.025556e+00
    endloop
  endfacet
  facet normal 3.441325e-01 1.678446e-01 -9.237970e-01
    outer loop
      vertex   1.786519e+01 7.954095e+00 -4.025556e+00
      vertex   1.769994e+01 7.880523e+00 -4.100481e+00
      vertex   1.726682e+01 9.180932e+00 -4.025556e+00
    endloop
  endfacet
  facet normal 9.589413e-01 2.110789e-01 -1.894131e-01
    outer loop
      vertex   1.869115e+01 3.411867e+00 -4.750000e+00
      vertex   1.839624e+01 4.751685e+00 -4.750000e+00
      vertex   1.860980e+01 3.955635e+00 -4.555886e+00
    endloop
  endfacet
  facet normal 9.675478e-01 2.412368e-01 -7.520694e-02
    outer loop
      vertex   1.860980e+01 3.955635e+00 -4.555886e+00
      vertex   1.839624e+01 4.751685e+00 -4.750000e+00
      vertex   1.828854e+01 5.244154e+00 -4.555886e+00
    endloop
  endfacet
  facet normal 8.965163e-01 2.235266e-01 -3.824844e-01
    outer loop
      vertex   1.860980e+01 3.955635e+00 -4.555886e+00
      vertex   1.828854e+01 5.244154e+00 -4.555886e+00
      vertex   1.836056e+01 5.264806e+00 -4.375000e+00
    endloop
  endfacet
  facet normal 8.787400e-01 2.855199e-01 -3.824844e-01
    outer loop
      vertex   1.836056e+01 5.264806e+00 -4.375000e+00
      vertex   1.828854e+01 5.244154e+00 -4.555886e+00
      vertex   1.794858e+01 6.532749e+00 -4.375000e+00
    endloop
  endfacet
  facet normal 7.546942e-01 2.452150e-01 -6.085279e-01
    outer loop
      vertex   1.836056e+01 5.264806e+00 -4.375000e+00
      vertex   1.794858e+01 6.532749e+00 -4.375000e+00
      vertex   1.806058e+01 6.573514e+00 -4.219670e+00
    endloop
  endfacet
  facet normal 7.357505e-01 2.972625e-01 -6.085279e-01
    outer loop
      vertex   1.806058e+01 6.573514e+00 -4.219670e+00
      vertex   1.794858e+01 6.532749e+00 -4.375000e+00
      vertex   1.755804e+01 7.817344e+00 -4.219670e+00
    endloop
  endfacet
  facet normal 5.646502e-01 2.281335e-01 -7.931741e-01
    outer loop
      vertex   1.806058e+01 6.573514e+00 -4.219670e+00
      vertex   1.755804e+01 7.817344e+00 -4.219670e+00
      vertex   1.769994e+01 7.880523e+00 -4.100481e+00
    endloop
  endfacet
  facet normal 5.473610e-01 2.669658e-01 -7.931741e-01
    outer loop
      vertex   1.769994e+01 7.880523e+00 -4.100481e+00
      vertex   1.755804e+01 7.817344e+00 -4.219670e+00
      vertex   1.710711e+01 9.096012e+00 -4.100481e+00
    endloop
  endfacet
  facet normal 3.441325e-01 1.678446e-01 -9.237970e-01
    outer loop
      vertex   1.769994e+01 7.880523e+00 -4.100481e+00
      vertex   1.710711e+01 9.096012e+00 -4.100481e+00
      vertex   1.726682e+01 9.180932e+00 -4.025556e+00
    endloop
  endfacet
  facet normal 3.315860e-01 1.914413e-01 -9.237970e-01
    outer loop
      vertex   1.726682e+01 9.180932e+00 -4.025556e+00
      vertex   1.710711e+01 9.096012e+00 -4.100481e+00
      vertex   1.658433e+01 1.036304e+01 -4.025556e+00
    endloop
  endfacet
  facet normal 9.415569e-01 2.798267e-01 -1.875301e-01
    outer loop
      vertex   1.839624e+01 4.751685e+00 -4.750000e+00
      vertex   1.800541e+01 6.066729e+00 -4.750000e+00
      vertex   1.828854e+01 5.244154e+00 -4.555886e+00
    endloop
  endfacet
  facet normal 9.481993e-01 3.080886e-01 -7.745611e-02
    outer loop
      vertex   1.828854e+01 5.244154e+00 -4.555886e+00
      vertex   1.800541e+01 6.066729e+00 -4.750000e+00
      vertex   1.787817e+01 6.507123e+00 -4.555886e+00
    endloop
  endfacet
  facet normal 8.787400e-01 2.855199e-01 -3.824844e-01
    outer loop
      vertex   1.828854e+01 5.244154e+00 -4.555886e+00
      vertex   1.787817e+01 6.507123e+00 -4.555886e+00
      vertex   1.794858e+01 6.532749e+00 -4.375000e+00
    endloop
  endfacet
  facet normal 8.566826e-01 3.461222e-01 -3.824844e-01
    outer loop
      vertex   1.794858e+01 6.532749e+00 -4.375000e+00
      vertex   1.787817e+01 6.507123e+00 -4.555886e+00
      vertex   1.744916e+01 7.768866e+00 -4.375000e+00
    endloop
  endfacet
  facet normal 7.357505e-01 2.972625e-01 -6.085279e-01
    outer loop
      vertex   1.794858e+01 6.532749e+00 -4.375000e+00
      vertex   1.744916e+01 7.768866e+00 -4.375000e+00
      vertex   1.755804e+01 7.817344e+00 -4.219670e+00
    endloop
  endfacet
  facet normal 7.132222e-01 3.478617e-01 -6.085279e-01
    outer loop
      vertex   1.755804e+01 7.817344e+00 -4.219670e+00
      vertex   1.744916e+01 7.768866e+00 -4.375000e+00
      vertex   1.696996e+01 9.023089e+00 -4.219670e+00
    endloop
  endfacet
  facet normal 5.473610e-01 2.669658e-01 -7.931741e-01
    outer loop
      vertex   1.755804e+01 7.817344e+00 -4.219670e+00
      vertex   1.696996e+01 9.023089e+00 -4.219670e+00
      vertex   1.710711e+01 9.096012e+00 -4.100481e+00
    endloop
  endfacet
  facet normal 5.274051e-01 3.044975e-01 -7.931741e-01
    outer loop
      vertex   1.710711e+01 9.096012e+00 -4.100481e+00
      vertex   1.696996e+01 9.023089e+00 -4.219670e+00
      vertex   1.643093e+01 1.026719e+01 -4.100481e+00
    endloop
  endfacet
  facet normal 3.315860e-01 1.914413e-01 -9.237970e-01
    outer loop
      vertex   1.710711e+01 9.096012e+00 -4.100481e+00
      vertex   1.643093e+01 1.026719e+01 -4.100481e+00
      vertex   1.658433e+01 1.036304e+01 -4.025556e+00
    endloop
  endfacet
  facet normal 3.174240e-01 2.141052e-01 -9.237970e-01
    outer loop
      vertex   1.658433e+01 1.036304e+01 -4.025556e+00
      vertex   1.643093e+01 1.026719e+01 -4.100481e+00
      vertex   1.582104e+01 1.149466e+01 -4.025556e+00
    endloop
  endfacet
  facet normal 9.193409e-01 3.472003e-01 -1.851060e-01
    outer loop
      vertex   1.800541e+01 6.066729e+00 -4.750000e+00
      vertex   1.752071e+01 7.350145e+00 -4.750000e+00
      vertex   1.787817e+01 6.507123e+00 -4.555886e+00
    endloop
  endfacet
  facet normal 9.241923e-01 3.733979e-01 -8.026587e-02
    outer loop
      vertex   1.787817e+01 6.507123e+00 -4.555886e+00
      vertex   1.752071e+01 7.350145e+00 -4.750000e+00
      vertex   1.738071e+01 7.738391e+00 -4.555886e+00
    endloop
  endfacet
  facet normal 8.566826e-01 3.461222e-01 -3.824844e-01
    outer loop
      vertex   1.787817e+01 6.507123e+00 -4.555886e+00
      vertex   1.738071e+01 7.738391e+00 -4.555886e+00
      vertex   1.744916e+01 7.768866e+00 -4.375000e+00
    endloop
  endfacet
  facet normal 8.304515e-01 4.050383e-01 -3.824844e-01
    outer loop
      vertex   1.744916e+01 7.768866e+00 -4.375000e+00
      vertex   1.738071e+01 7.738391e+00 -4.555886e+00
      vertex   1.686472e+01 8.967133e+00 -4.375000e+00
    endloop
  endfacet
  facet normal 7.132222e-01 3.478617e-01 -6.085279e-01
    outer loop
      vertex   1.744916e+01 7.768866e+00 -4.375000e+00
      vertex   1.686472e+01 8.967133e+00 -4.375000e+00
      vertex   1.696996e+01 9.023089e+00 -4.219670e+00
    endloop
  endfacet
  facet normal 6.872193e-01 3.967662e-01 -6.085279e-01
    outer loop
      vertex   1.696996e+01 9.023089e+00 -4.219670e+00
      vertex   1.686472e+01 8.967133e+00 -4.375000e+00
      vertex   1.629920e+01 1.018487e+01 -4.219670e+00
    endloop
  endfacet
  facet normal 5.274051e-01 3.044975e-01 -7.931741e-01
    outer loop
      vertex   1.696996e+01 9.023089e+00 -4.219670e+00
      vertex   1.629920e+01 1.018487e+01 -4.219670e+00
      vertex   1.643093e+01 1.026719e+01 -4.100481e+00
    endloop
  endfacet
  facet normal 5.048797e-01 3.405456e-01 -7.931741e-01
    outer loop
      vertex   1.643093e+01 1.026719e+01 -4.100481e+00
      vertex   1.629920e+01 1.018487e+01 -4.219670e+00
      vertex   1.567470e+01 1.138834e+01 -4.100481e+00
    endloop
  endfacet
  facet normal 3.174240e-01 2.141052e-01 -9.237970e-01
    outer loop
      vertex   1.643093e+01 1.026719e+01 -4.100481e+00
      vertex   1.567470e+01 1.138834e+01 -4.100481e+00
      vertex   1.582104e+01 1.149466e+01 -4.025556e+00
    endloop
  endfacet
  facet normal 3.017155e-01 2.357260e-01 -9.237970e-01
    outer loop
      vertex   1.582104e+01 1.149466e+01 -4.025556e+00
      vertex   1.567470e+01 1.138834e+01 -4.100481e+00
      vertex   1.498068e+01 1.257028e+01 -4.025556e+00
    endloop
  endfacet
  facet normal 8.923943e-01 4.128656e-01 -1.821387e-01
    outer loop
      vertex   1.752071e+01 7.350145e+00 -4.750000e+00
      vertex   1.694467e+01 8.595240e+00 -4.750000e+00
      vertex   1.738071e+01 7.738391e+00 -4.555886e+00
    endloop
  endfacet
  facet normal 8.956451e-01 4.368353e-01 -8.363502e-02
    outer loop
      vertex   1.738071e+01 7.738391e+00 -4.555886e+00
      vertex   1.694467e+01 8.595240e+00 -4.750000e+00
      vertex   1.679857e+01 8.931957e+00 -4.555886e+00
    endloop
  endfacet
  facet normal 8.304515e-01 4.050383e-01 -3.824844e-01
    outer loop
      vertex   1.738071e+01 7.738391e+00 -4.555886e+00
      vertex   1.679857e+01 8.931957e+00 -4.555886e+00
      vertex   1.686472e+01 8.967133e+00 -4.375000e+00
    endloop
  endfacet
  facet normal 8.001745e-01 4.619810e-01 -3.824844e-01
    outer loop
      vertex   1.686472e+01 8.967133e+00 -4.375000e+00
      vertex   1.679857e+01 8.931957e+00 -4.555886e+00
      vertex   1.619813e+01 1.012171e+01 -4.375000e+00
    endloop
  endfacet
  facet normal 6.872193e-01 3.967662e-01 -6.085279e-01
    outer loop
      vertex   1.686472e+01 8.967133e+00 -4.375000e+00
      vertex   1.619813e+01 1.012171e+01 -4.375000e+00
      vertex   1.629920e+01 1.018487e+01 -4.219670e+00
    endloop
  endfacet
  facet normal 6.578682e-01 4.437377e-01 -6.085279e-01
    outer loop
      vertex   1.629920e+01 1.018487e+01 -4.219670e+00
      vertex   1.619813e+01 1.012171e+01 -4.375000e+00
      vertex   1.554904e+01 1.129704e+01 -4.219670e+00
    endloop
  endfacet
  facet normal 5.048797e-01 3.405456e-01 -7.931741e-01
    outer loop
      vertex   1.629920e+01 1.018487e+01 -4.219670e+00
      vertex   1.554904e+01 1.129704e+01 -4.219670e+00
      vertex   1.567470e+01 1.138834e+01 -4.100481e+00
    endloop
  endfacet
  facet normal 4.798945e-01 3.749347e-01 -7.931741e-01
    outer loop
      vertex   1.567470e+01 1.138834e+01 -4.100481e+00
      vertex   1.554904e+01 1.129704e+01 -4.219670e+00
      vertex   1.484211e+01 1.245401e+01 -4.100481e+00
    endloop
  endfacet
  facet normal 3.017155e-01 2.357260e-01 -9.237970e-01
    outer loop
      vertex   1.567470e+01 1.138834e+01 -4.100481e+00
      vertex   1.484211e+01 1.245401e+01 -4.100481e+00
      vertex   1.498068e+01 1.257028e+01 -4.025556e+00
    endloop
  endfacet
  facet normal 2.845372e-01 2.561984e-01 -9.237970e-01
    outer loop
      vertex   1.498068e+01 1.257028e+01 -4.025556e+00
      vertex   1.484211e+01 1.245401e+01 -4.100481e+00
      vertex   1.406733e+01 1.358466e+01 -4.025556e+00
    endloop
  endfacet
  facet normal 8.608403e-01 4.764945e-01 -1.786255e-01
    outer loop
      vertex   1.694467e+01 8.595240e+00 -4.750000e+00
      vertex   1.628029e+01 9.795523e+00 -4.750000e+00
      vertex   1.679857e+01 8.931957e+00 -4.555886e+00
    endloop
  endfacet
  facet normal 8.626991e-01 4.980795e-01 -8.756202e-02
    outer loop
      vertex   1.679857e+01 8.931957e+00 -4.555886e+00
      vertex   1.628029e+01 9.795523e+00 -4.750000e+00
      vertex   1.613459e+01 1.008201e+01 -4.555886e+00
    endloop
  endfacet
  facet normal 8.001745e-01 4.619810e-01 -3.824844e-01
    outer loop
      vertex   1.679857e+01 8.931957e+00 -4.555886e+00
      vertex   1.613459e+01 1.008201e+01 -4.555886e+00
      vertex   1.619813e+01 1.012171e+01 -4.375000e+00
    endloop
  endfacet
  facet normal 7.659992e-01 5.166730e-01 -3.824844e-01
    outer loop
      vertex   1.619813e+01 1.012171e+01 -4.375000e+00
      vertex   1.613459e+01 1.008201e+01 -4.555886e+00
      vertex   1.545261e+01 1.122698e+01 -4.375000e+00
    endloop
  endfacet
  facet normal 6.578682e-01 4.437377e-01 -6.085279e-01
    outer loop
      vertex   1.619813e+01 1.012171e+01 -4.375000e+00
      vertex   1.545261e+01 1.122698e+01 -4.375000e+00
      vertex   1.554904e+01 1.129704e+01 -4.219670e+00
    endloop
  endfacet
  facet normal 6.253121e-01 4.885474e-01 -6.085279e-01
    outer loop
      vertex   1.554904e+01 1.129704e+01 -4.219670e+00
      vertex   1.545261e+01 1.122698e+01 -4.375000e+00
      vertex   1.472312e+01 1.235417e+01 -4.219670e+00
    endloop
  endfacet
  facet normal 4.798945e-01 3.749347e-01 -7.931741e-01
    outer loop
      vertex   1.554904e+01 1.129704e+01 -4.219670e+00
      vertex   1.472312e+01 1.235417e+01 -4.219670e+00
      vertex   1.484211e+01 1.245401e+01 -4.100481e+00
    endloop
  endfacet
  facet normal 4.525714e-01 4.074971e-01 -7.931741e-01
    outer loop
      vertex   1.484211e+01 1.245401e+01 -4.100481e+00
      vertex   1.472312e+01 1.235417e+01 -4.219670e+00
      vertex   1.393721e+01 1.345901e+01 -4.100481e+00
    endloop
  endfacet
  facet normal 2.845372e-01 2.561984e-01 -9.237970e-01
    outer loop
      vertex   1.484211e+01 1.245401e+01 -4.100481e+00
      vertex   1.393721e+01 1.345901e+01 -4.100481e+00
      vertex   1.406733e+01 1.358466e+01 -4.025556e+00
    endloop
  endfacet
  facet normal 2.659725e-01 2.754226e-01 -9.237970e-01
    outer loop
      vertex   1.406733e+01 1.358466e+01 -4.025556e+00
      vertex   1.393721e+01 1.345901e+01 -4.100481e+00
      vertex   1.308544e+01 1.453286e+01 -4.025556e+00
    endloop
  endfacet
  facet normal 8.248240e-01 5.377667e-01 -1.745633e-01
    outer loop
      vertex   1.628029e+01 9.795523e+00 -4.750000e+00
      vertex   1.553102e+01 1.094474e+01 -4.750000e+00
      vertex   1.613459e+01 1.008201e+01 -4.555886e+00
    endloop
  endfacet
  facet normal 8.255182e-01 5.568190e-01 -9.204495e-02
    outer loop
      vertex   1.613459e+01 1.008201e+01 -4.555886e+00
      vertex   1.553102e+01 1.094474e+01 -4.750000e+00
      vertex   1.539200e+01 1.118294e+01 -4.555886e+00
    endloop
  endfacet
  facet normal 7.659992e-01 5.166730e-01 -3.824844e-01
    outer loop
      vertex   1.613459e+01 1.008201e+01 -4.555886e+00
      vertex   1.539200e+01 1.118294e+01 -4.555886e+00
      vertex   1.545261e+01 1.122698e+01 -4.375000e+00
    endloop
  endfacet
  facet normal 7.280919e-01 5.688478e-01 -3.824844e-01
    outer loop
      vertex   1.545261e+01 1.122698e+01 -4.375000e+00
      vertex   1.539200e+01 1.118294e+01 -4.555886e+00
      vertex   1.463182e+01 1.227755e+01 -4.375000e+00
    endloop
  endfacet
  facet normal 6.253121e-01 4.885474e-01 -6.085279e-01
    outer loop
      vertex   1.545261e+01 1.122698e+01 -4.375000e+00
      vertex   1.463182e+01 1.227755e+01 -4.375000e+00
      vertex   1.472312e+01 1.235417e+01 -4.219670e+00
    endloop
  endfacet
  facet normal 5.897095e-01 5.309768e-01 -6.085279e-01
    outer loop
      vertex   1.472312e+01 1.235417e+01 -4.219670e+00
      vertex   1.463182e+01 1.227755e+01 -4.375000e+00
      vertex   1.382547e+01 1.335110e+01 -4.219670e+00
    endloop
  endfacet
  facet normal 4.525714e-01 4.074971e-01 -7.931741e-01
    outer loop
      vertex   1.472312e+01 1.235417e+01 -4.219670e+00
      vertex   1.382547e+01 1.335110e+01 -4.219670e+00
      vertex   1.393721e+01 1.345901e+01 -4.100481e+00
    endloop
  endfacet
  facet normal 4.230434e-01 4.380743e-01 -7.931741e-01
    outer loop
      vertex   1.393721e+01 1.345901e+01 -4.100481e+00
      vertex   1.382547e+01 1.335110e+01 -4.219670e+00
      vertex   1.296441e+01 1.439843e+01 -4.100481e+00
    endloop
  endfacet
  facet normal 2.659725e-01 2.754226e-01 -9.237970e-01
    outer loop
      vertex   1.393721e+01 1.345901e+01 -4.100481e+00
      vertex   1.296441e+01 1.439843e+01 -4.100481e+00
      vertex   1.308544e+01 1.453286e+01 -4.025556e+00
    endloop
  endfacet
  facet normal 2.461121e-01 2.933050e-01 -9.237970e-01
    outer loop
      vertex   1.308544e+01 1.453286e+01 -4.025556e+00
      vertex   1.296441e+01 1.439843e+01 -4.100481e+00
      vertex   1.203981e+01 1.541025e+01 -4.025556e+00
    endloop
  endfacet
  facet normal 7.845122e-01 5.963707e-01 -1.699488e-01
    outer loop
      vertex   1.553102e+01 1.094474e+01 -4.750000e+00
      vertex   1.470079e+01 1.203689e+01 -4.750000e+00
      vertex   1.539200e+01 1.118294e+01 -4.555886e+00
    endloop
  endfacet
  facet normal 7.842885e-01 6.127534e-01 -9.708146e-02
    outer loop
      vertex   1.539200e+01 1.118294e+01 -4.555886e+00
      vertex   1.470079e+01 1.203689e+01 -4.750000e+00
      vertex   1.457442e+01 1.222939e+01 -4.555886e+00
    endloop
  endfacet
  facet normal 7.280919e-01 5.688478e-01 -3.824844e-01
    outer loop
      vertex   1.539200e+01 1.118294e+01 -4.555886e+00
      vertex   1.457442e+01 1.222939e+01 -4.555886e+00
      vertex   1.463182e+01 1.227755e+01 -4.375000e+00
    endloop
  endfacet
  facet normal 6.866375e-01 6.182512e-01 -3.824844e-01
    outer loop
      vertex   1.463182e+01 1.227755e+01 -4.375000e+00
      vertex   1.457442e+01 1.222939e+01 -4.555886e+00
      vertex   1.373974e+01 1.326831e+01 -4.375000e+00
    endloop
  endfacet
  facet normal 5.897095e-01 5.309768e-01 -6.085279e-01
    outer loop
      vertex   1.463182e+01 1.227755e+01 -4.375000e+00
      vertex   1.373974e+01 1.326831e+01 -4.375000e+00
      vertex   1.382547e+01 1.335110e+01 -4.219670e+00
    endloop
  endfacet
  facet normal 5.512340e-01 5.708195e-01 -6.085279e-01
    outer loop
      vertex   1.382547e+01 1.335110e+01 -4.219670e+00
      vertex   1.373974e+01 1.326831e+01 -4.375000e+00
      vertex   1.286047e+01 1.428300e+01 -4.219670e+00
    endloop
  endfacet
  facet normal 4.230434e-01 4.380743e-01 -7.931741e-01
    outer loop
      vertex   1.382547e+01 1.335110e+01 -4.219670e+00
      vertex   1.286047e+01 1.428300e+01 -4.219670e+00
      vertex   1.296441e+01 1.439843e+01 -4.100481e+00
    endloop
  endfacet
  facet normal 3.914544e-01 4.665172e-01 -7.931741e-01
    outer loop
      vertex   1.296441e+01 1.439843e+01 -4.100481e+00
      vertex   1.286047e+01 1.428300e+01 -4.219670e+00
      vertex   1.192844e+01 1.526771e+01 -4.100481e+00
    endloop
  endfacet
  facet normal 2.461121e-01 2.933050e-01 -9.237970e-01
    outer loop
      vertex   1.296441e+01 1.439843e+01 -4.100481e+00
      vertex   1.192844e+01 1.526771e+01 -4.100481e+00
      vertex   1.203981e+01 1.541025e+01 -4.025556e+00
    endloop
  endfacet
  facet normal 2.250527e-01 3.097585e-01 -9.237970e-01
    outer loop
      vertex   1.203981e+01 1.541025e+01 -4.025556e+00
      vertex   1.192844e+01 1.526771e+01 -4.100481e+00
      vertex   1.093551e+01 1.621256e+01 -4.025556e+00
    endloop
  endfacet
  facet normal 7.400930e-01 6.520049e-01 -1.647783e-01
    outer loop
      vertex   1.470079e+01 1.203689e+01 -4.750000e+00
      vertex   1.379391e+01 1.306629e+01 -4.750000e+00
      vertex   1.457442e+01 1.222939e+01 -4.555886e+00
    endloop
  endfacet
  facet normal 7.392178e-01 6.655947e-01 -1.026687e-01
    outer loop
      vertex   1.457442e+01 1.222939e+01 -4.555886e+00
      vertex   1.379391e+01 1.306629e+01 -4.750000e+00
      vertex   1.368584e+01 1.321626e+01 -4.555886e+00
    endloop
  endfacet
  facet normal 6.866375e-01 6.182512e-01 -3.824844e-01
    outer loop
      vertex   1.457442e+01 1.222939e+01 -4.555886e+00
      vertex   1.368584e+01 1.321626e+01 -4.555886e+00
      vertex   1.373974e+01 1.326831e+01 -4.375000e+00
    endloop
  endfacet
  facet normal 6.418379e-01 6.646426e-01 -3.824844e-01
    outer loop
      vertex   1.373974e+01 1.326831e+01 -4.375000e+00
      vertex   1.368584e+01 1.321626e+01 -4.555886e+00
      vertex   1.278072e+01 1.419442e+01 -4.375000e+00
    endloop
  endfacet
  facet normal 5.512340e-01 5.708195e-01 -6.085279e-01
    outer loop
      vertex   1.373974e+01 1.326831e+01 -4.375000e+00
      vertex   1.278072e+01 1.419442e+01 -4.375000e+00
      vertex   1.286047e+01 1.428300e+01 -4.219670e+00
    endloop
  endfacet
  facet normal 5.100728e-01 6.078811e-01 -6.085279e-01
    outer loop
      vertex   1.286047e+01 1.428300e+01 -4.219670e+00
      vertex   1.278072e+01 1.419442e+01 -4.375000e+00
      vertex   1.183281e+01 1.514531e+01 -4.219670e+00
    endloop
  endfacet
  facet normal 3.914544e-01 4.665172e-01 -7.931741e-01
    outer loop
      vertex   1.286047e+01 1.428300e+01 -4.219670e+00
      vertex   1.183281e+01 1.514531e+01 -4.219670e+00
      vertex   1.192844e+01 1.526771e+01 -4.100481e+00
    endloop
  endfacet
  facet normal 3.579582e-01 4.926872e-01 -7.931741e-01
    outer loop
      vertex   1.192844e+01 1.526771e+01 -4.100481e+00
      vertex   1.183281e+01 1.514531e+01 -4.219670e+00
      vertex   1.083436e+01 1.606260e+01 -4.100481e+00
    endloop
  endfacet
  facet normal 2.250527e-01 3.097585e-01 -9.237970e-01
    outer loop
      vertex   1.192844e+01 1.526771e+01 -4.100481e+00
      vertex   1.083436e+01 1.606260e+01 -4.100481e+00
      vertex   1.093551e+01 1.621256e+01 -4.025556e+00
    endloop
  endfacet
  facet normal 2.028968e-01 3.247028e-01 -9.237970e-01
    outer loop
      vertex   1.093551e+01 1.621256e+01 -4.025556e+00
      vertex   1.083436e+01 1.606260e+01 -4.100481e+00
      vertex   9.777943e+00 1.693589e+01 -4.025556e+00
    endloop
  endfacet
  facet normal 6.917754e-01 7.043796e-01 -1.590478e-01
    outer loop
      vertex   1.379391e+01 1.306629e+01 -4.750000e+00
      vertex   1.281512e+01 1.402757e+01 -4.750000e+00
      vertex   1.368584e+01 1.321626e+01 -4.555886e+00
    endloop
  endfacet
  facet normal 6.905344e-01 7.150693e-01 -1.088034e-01
    outer loop
      vertex   1.368584e+01 1.321626e+01 -4.555886e+00
      vertex   1.281512e+01 1.402757e+01 -4.750000e+00
      vertex   1.273058e+01 1.413874e+01 -4.555886e+00
    endloop
  endfacet
  facet normal 6.418379e-01 6.646426e-01 -3.824844e-01
    outer loop
      vertex   1.368584e+01 1.321626e+01 -4.555886e+00
      vertex   1.273058e+01 1.413874e+01 -4.555886e+00
      vertex   1.278072e+01 1.419442e+01 -4.375000e+00
    endloop
  endfacet
  facet normal 5.939113e-01 7.077959e-01 -3.824844e-01
    outer loop
      vertex   1.278072e+01 1.419442e+01 -4.375000e+00
      vertex   1.273058e+01 1.413874e+01 -4.555886e+00
      vertex   1.175943e+01 1.505138e+01 -4.375000e+00
    endloop
  endfacet
  facet normal 5.100728e-01 6.078811e-01 -6.085279e-01
    outer loop
      vertex   1.278072e+01 1.419442e+01 -4.375000e+00
      vertex   1.175943e+01 1.505138e+01 -4.375000e+00
      vertex   1.183281e+01 1.514531e+01 -4.219670e+00
    endloop
  endfacet
  facet normal 4.664267e-01 6.419812e-01 -6.085279e-01
    outer loop
      vertex   1.183281e+01 1.514531e+01 -4.219670e+00
      vertex   1.175943e+01 1.505138e+01 -4.375000e+00
      vertex   1.074750e+01 1.593383e+01 -4.219670e+00
    endloop
  endfacet
  facet normal 3.579582e-01 4.926872e-01 -7.931741e-01
    outer loop
      vertex   1.183281e+01 1.514531e+01 -4.219670e+00
      vertex   1.074750e+01 1.593383e+01 -4.219670e+00
      vertex   1.083436e+01 1.606260e+01 -4.100481e+00
    endloop
  endfacet
  facet normal 3.227181e-01 5.164570e-01 -7.931741e-01
    outer loop
      vertex   1.083436e+01 1.606260e+01 -4.100481e+00
      vertex   1.074750e+01 1.593383e+01 -4.219670e+00
      vertex   9.687500e+00 1.677924e+01 -4.100481e+00
    endloop
  endfacet
  facet normal 2.028968e-01 3.247028e-01 -9.237970e-01
    outer loop
      vertex   1.083436e+01 1.606260e+01 -4.100481e+00
      vertex   9.687500e+00 1.677924e+01 -4.100481e+00
      vertex   9.777943e+00 1.693589e+01 -4.025556e+00
    endloop
  endfacet
  facet normal 1.797524e-01 3.380652e-01 -9.237970e-01
    outer loop
      vertex   9.777943e+00 1.693589e+01 -4.025556e+00
      vertex   9.687500e+00 1.677924e+01 -4.100481e+00
      vertex   8.572736e+00 1.757671e+01 -4.025556e+00
    endloop
  endfacet
  facet normal 6.397888e-01 7.532176e-01 -1.527532e-01
    outer loop
      vertex   1.281512e+01 1.402757e+01 -4.750000e+00
      vertex   1.176952e+01 1.491571e+01 -4.750000e+00
      vertex   1.273058e+01 1.413874e+01 -4.555886e+00
    endloop
  endfacet
  facet normal 6.384871e-01 7.609193e-01 -1.154814e-01
    outer loop
      vertex   1.273058e+01 1.413874e+01 -4.555886e+00
      vertex   1.176952e+01 1.491571e+01 -4.750000e+00
      vertex   1.171330e+01 1.499234e+01 -4.555886e+00
    endloop
  endfacet
  facet normal 5.939113e-01 7.077959e-01 -3.824844e-01
    outer loop
      vertex   1.273058e+01 1.413874e+01 -4.555886e+00
      vertex   1.171330e+01 1.499234e+01 -4.555886e+00
      vertex   1.175943e+01 1.505138e+01 -4.375000e+00
    endloop
  endfacet
  facet normal 5.430912e-01 7.475009e-01 -3.824844e-01
    outer loop
      vertex   1.175943e+01 1.505138e+01 -4.375000e+00
      vertex   1.171330e+01 1.499234e+01 -4.555886e+00
      vertex   1.068085e+01 1.583502e+01 -4.375000e+00
    endloop
  endfacet
  facet normal 4.664267e-01 6.419812e-01 -6.085279e-01
    outer loop
      vertex   1.175943e+01 1.505138e+01 -4.375000e+00
      vertex   1.068085e+01 1.583502e+01 -4.375000e+00
      vertex   1.074750e+01 1.593383e+01 -4.219670e+00
    endloop
  endfacet
  facet normal 4.205081e-01 6.729537e-01 -6.085279e-01
    outer loop
      vertex   1.074750e+01 1.593383e+01 -4.219670e+00
      vertex   1.068085e+01 1.583502e+01 -4.375000e+00
      vertex   9.609835e+00 1.664472e+01 -4.219670e+00
    endloop
  endfacet
  facet normal 3.227181e-01 5.164570e-01 -7.931741e-01
    outer loop
      vertex   1.074750e+01 1.593383e+01 -4.219670e+00
      vertex   9.609835e+00 1.664472e+01 -4.219670e+00
      vertex   9.687500e+00 1.677924e+01 -4.100481e+00
    endloop
  endfacet
  facet normal 2.859058e-01 5.377106e-01 -7.931741e-01
    outer loop
      vertex   9.687500e+00 1.677924e+01 -4.100481e+00
      vertex   9.609835e+00 1.664472e+01 -4.219670e+00
      vertex   8.493441e+00 1.741413e+01 -4.100481e+00
    endloop
  endfacet
  facet normal 1.797524e-01 3.380652e-01 -9.237970e-01
    outer loop
      vertex   9.687500e+00 1.677924e+01 -4.100481e+00
      vertex   8.493441e+00 1.741413e+01 -4.100481e+00
      vertex   8.572736e+00 1.757671e+01 -4.025556e+00
    endloop
  endfacet
  facet normal 1.557323e-01 3.497806e-01 -9.237970e-01
    outer loop
      vertex   8.572736e+00 1.757671e+01 -4.025556e+00
      vertex   8.493441e+00 1.741413e+01 -4.100481e+00
      vertex   7.325764e+00 1.813190e+01 -4.025556e+00
    endloop
  endfacet
  facet normal 5.843827e-01 7.982561e-01 -1.458902e-01
    outer loop
      vertex   1.176952e+01 1.491571e+01 -4.750000e+00
      vertex   1.066255e+01 1.572609e+01 -4.750000e+00
      vertex   1.171330e+01 1.499234e+01 -4.555886e+00
    endloop
  endfacet
  facet normal 5.833440e-01 8.029041e-01 -1.226981e-01
    outer loop
      vertex   1.171330e+01 1.499234e+01 -4.555886e+00
      vertex   1.066255e+01 1.572609e+01 -4.750000e+00
      vertex   1.063896e+01 1.577290e+01 -4.555886e+00
    endloop
  endfacet
  facet normal 5.430912e-01 7.475009e-01 -3.824844e-01
    outer loop
      vertex   1.171330e+01 1.499234e+01 -4.555886e+00
      vertex   1.063896e+01 1.577290e+01 -4.555886e+00
      vertex   1.068085e+01 1.583502e+01 -4.375000e+00
    endloop
  endfacet
  facet normal 4.896252e-01 7.835642e-01 -3.824844e-01
    outer loop
      vertex   1.068085e+01 1.583502e+01 -4.375000e+00
      vertex   1.063896e+01 1.577290e+01 -4.555886e+00
      vertex   9.550241e+00 1.654150e+01 -4.375000e+00
    endloop
  endfacet
  facet normal 4.205081e-01 6.729537e-01 -6.085279e-01
    outer loop
      vertex   1.068085e+01 1.583502e+01 -4.375000e+00
      vertex   9.550241e+00 1.654150e+01 -4.375000e+00
      vertex   9.609835e+00 1.664472e+01 -4.219670e+00
    endloop
  endfacet
  facet normal 3.725409e-01 7.006476e-01 -6.085279e-01
    outer loop
      vertex   9.609835e+00 1.664472e+01 -4.219670e+00
      vertex   9.550241e+00 1.654150e+01 -4.375000e+00
      vertex   8.425349e+00 1.727453e+01 -4.219670e+00
    endloop
  endfacet
  facet normal 2.859058e-01 5.377106e-01 -7.931741e-01
    outer loop
      vertex   9.609835e+00 1.664472e+01 -4.219670e+00
      vertex   8.425349e+00 1.727453e+01 -4.219670e+00
      vertex   8.493441e+00 1.741413e+01 -4.100481e+00
    endloop
  endfacet
  facet normal 2.477005e-01 5.563445e-01 -7.931741e-01
    outer loop
      vertex   8.493441e+00 1.741413e+01 -4.100481e+00
      vertex   8.425349e+00 1.727453e+01 -4.219670e+00
      vertex   7.258003e+00 1.796419e+01 -4.100481e+00
    endloop
  endfacet
  facet normal 1.557323e-01 3.497806e-01 -9.237970e-01
    outer loop
      vertex   8.493441e+00 1.741413e+01 -4.100481e+00
      vertex   7.258003e+00 1.796419e+01 -4.100481e+00
      vertex   7.325764e+00 1.813190e+01 -4.025556e+00
    endloop
  endfacet
  facet normal 1.309535e-01 3.597919e-01 -9.237970e-01
    outer loop
      vertex   7.325764e+00 1.813190e+01 -4.025556e+00
      vertex   7.258003e+00 1.796419e+01 -4.100481e+00
      vertex   6.043101e+00 1.859875e+01 -4.025556e+00
    endloop
  endfacet
  facet normal 5.258260e-01 8.392480e-01 -1.384547e-01
    outer loop
      vertex   1.066255e+01 1.572609e+01 -4.750000e+00
      vertex   9.500000e+00 1.645448e+01 -4.750000e+00
      vertex   1.063896e+01 1.577290e+01 -4.555886e+00
    endloop
  endfacet
  facet normal 5.253912e-01 8.408017e-01 -1.304480e-01
    outer loop
      vertex   1.063896e+01 1.577290e+01 -4.555886e+00
      vertex   9.500000e+00 1.645448e+01 -4.750000e+00
      vertex   9.512778e+00 1.647661e+01 -4.555886e+00
    endloop
  endfacet
  facet normal 4.896252e-01 7.835642e-01 -3.824844e-01
    outer loop
      vertex   1.063896e+01 1.577290e+01 -4.555886e+00
      vertex   9.512778e+00 1.647661e+01 -4.555886e+00
      vertex   9.550241e+00 1.654150e+01 -4.375000e+00
    endloop
  endfacet
  facet normal 4.337739e-01 8.158100e-01 -3.824844e-01
    outer loop
      vertex   9.550241e+00 1.654150e+01 -4.375000e+00
      vertex   9.512778e+00 1.647661e+01 -4.555886e+00
      vertex   8.373100e+00 1.716740e+01 -4.375000e+00
    endloop
  endfacet
  facet normal 3.725409e-01 7.006476e-01 -6.085279e-01
    outer loop
      vertex   9.550241e+00 1.654150e+01 -4.375000e+00
      vertex   8.373100e+00 1.716740e+01 -4.375000e+00
      vertex   8.425349e+00 1.727453e+01 -4.219670e+00
    endloop
  endfacet
  facet normal 3.227587e-01 7.249280e-01 -6.085279e-01
    outer loop
      vertex   8.425349e+00 1.727453e+01 -4.219670e+00
      vertex   8.373100e+00 1.716740e+01 -4.375000e+00
      vertex   7.199815e+00 1.782017e+01 -4.219670e+00
    endloop
  endfacet
  facet normal 2.477005e-01 5.563445e-01 -7.931741e-01
    outer loop
      vertex   8.425349e+00 1.727453e+01 -4.219670e+00
      vertex   7.199815e+00 1.782017e+01 -4.219670e+00
      vertex   7.258003e+00 1.796419e+01 -4.100481e+00
    endloop
  endfacet
  facet normal 2.082885e-01 5.722680e-01 -7.931741e-01
    outer loop
      vertex   7.258003e+00 1.796419e+01 -4.100481e+00
      vertex   7.199815e+00 1.782017e+01 -4.219670e+00
      vertex   5.987204e+00 1.842672e+01 -4.100481e+00
    endloop
  endfacet
  facet normal 1.309535e-01 3.597919e-01 -9.237970e-01
    outer loop
      vertex   7.258003e+00 1.796419e+01 -4.100481e+00
      vertex   5.987204e+00 1.842672e+01 -4.100481e+00
      vertex   6.043101e+00 1.859875e+01 -4.025556e+00
    endloop
  endfacet
  facet normal 1.055367e-01 3.680503e-01 -9.237970e-01
    outer loop
      vertex   6.043101e+00 1.859875e+01 -4.025556e+00
      vertex   5.987204e+00 1.842672e+01 -4.100481e+00
      vertex   4.730997e+00 1.897499e+01 -4.025556e+00
    endloop
  endfacet
  facet normal 4.654600e-01 8.754029e-01 -1.304480e-01
    outer loop
      vertex   9.512778e+00 1.647661e+01 -4.555886e+00
      vertex   9.500000e+00 1.645448e+01 -4.750000e+00
      vertex   8.340255e+00 1.710006e+01 -4.555886e+00
    endloop
  endfacet
  facet normal 4.638971e-01 8.750027e-01 -1.384547e-01
    outer loop
      vertex   8.340255e+00 1.710006e+01 -4.555886e+00
      vertex   9.500000e+00 1.645448e+01 -4.750000e+00
      vertex   8.287917e+00 1.709709e+01 -4.750000e+00
    endloop
  endfacet
  facet normal 4.036634e-01 9.066427e-01 -1.226981e-01
    outer loop
      vertex   8.340255e+00 1.710006e+01 -4.555886e+00
      vertex   8.287917e+00 1.709709e+01 -4.750000e+00
      vertex   7.127099e+00 1.764019e+01 -4.555886e+00
    endloop
  endfacet
  facet normal 3.991187e-01 9.052184e-01 -1.458902e-01
    outer loop
      vertex   7.127099e+00 1.764019e+01 -4.555886e+00
      vertex   8.287917e+00 1.709709e+01 -4.750000e+00
      vertex   7.032625e+00 1.765056e+01 -4.750000e+00
    endloop
  endfacet
  facet normal 3.397319e-01 9.334057e-01 -1.154814e-01
    outer loop
      vertex   7.127099e+00 1.764019e+01 -4.555886e+00
      vertex   7.032625e+00 1.765056e+01 -4.750000e+00
      vertex   5.879220e+00 1.809438e+01 -4.555886e+00
    endloop
  endfacet
  facet normal 3.324112e-01 9.306822e-01 -1.527532e-01
    outer loop
      vertex   5.879220e+00 1.809438e+01 -4.555886e+00
      vertex   7.032625e+00 1.765056e+01 -4.750000e+00
      vertex   5.740668e+00 1.811201e+01 -4.750000e+00
    endloop
  endfacet
  facet normal 2.740010e-01 9.555550e-01 -1.088034e-01
    outer loop
      vertex   5.879220e+00 1.809438e+01 -4.555886e+00
      vertex   5.740668e+00 1.811201e+01 -4.750000e+00
      vertex   4.602699e+00 1.846042e+01 -4.555886e+00
    endloop
  endfacet
  facet normal 2.641229e-01 9.512849e-01 -1.590478e-01
    outer loop
      vertex   4.602699e+00 1.846042e+01 -4.555886e+00
      vertex   5.740668e+00 1.811201e+01 -4.750000e+00
      vertex   4.418782e+00 1.847903e+01 -4.750000e+00
    endloop
  endfacet
  facet normal 2.068130e-01 9.729787e-01 -1.026687e-01
    outer loop
      vertex   4.602699e+00 1.846042e+01 -4.555886e+00
      vertex   4.418782e+00 1.847903e+01 -4.750000e+00
      vertex   3.303753e+00 1.873651e+01 -4.555886e+00
    endloop
  endfacet
  facet normal 1.946063e-01 9.669418e-01 -1.647783e-01
    outer loop
      vertex   3.303753e+00 1.873651e+01 -4.555886e+00
      vertex   4.418782e+00 1.847903e+01 -4.750000e+00
      vertex   3.073858e+00 1.874970e+01 -4.750000e+00
    endloop
  endfacet
  facet normal 1.385157e-01 9.855905e-01 -9.708146e-02
    outer loop
      vertex   3.303753e+00 1.873651e+01 -4.555886e+00
      vertex   3.073858e+00 1.874970e+01 -4.750000e+00
      vertex   1.988712e+00 1.892133e+01 -4.555886e+00
    endloop
  endfacet
  facet normal 1.242161e-01 9.775928e-01 -1.699488e-01
    outer loop
      vertex   1.988712e+00 1.892133e+01 -4.555886e+00
      vertex   3.073858e+00 1.874970e+01 -4.750000e+00
      vertex   1.712909e+00 1.892263e+01 -4.750000e+00
    endloop
  endfacet
  facet normal 6.946035e-02 9.933292e-01 -9.204495e-02
    outer loop
      vertex   1.988712e+00 1.892133e+01 -4.555886e+00
      vertex   1.712909e+00 1.892263e+01 -4.750000e+00
      vertex   6.639823e-01 1.901397e+01 -4.555886e+00
    endloop
  endfacet
  facet normal 5.330766e-02 9.832019e-01 -1.745633e-01
    outer loop
      vertex   6.639823e-01 1.901397e+01 -4.555886e+00
      vertex   1.712909e+00 1.892263e+01 -4.750000e+00
      vertex   3.430288e-01 1.899690e+01 -4.750000e+00
    endloop
  endfacet
  facet normal 0.000000e+00 9.961591e-01 -8.756202e-02
    outer loop
      vertex   6.639823e-01 1.901397e+01 -4.555886e+00
      vertex   3.430288e-01 1.899690e+01 -4.750000e+00
      vertex   -6.639823e-01 1.901397e+01 -4.555886e+00
    endloop
  endfacet
  facet normal -1.776379e-02 9.837568e-01 -1.786255e-01
    outer loop
      vertex   -6.639823e-01 1.901397e+01 -4.555886e+00
      vertex   3.430288e-01 1.899690e+01 -4.750000e+00
      vertex   -1.028639e+00 1.897214e+01 -4.750000e+00
    endloop
  endfacet
  facet normal -6.951208e-02 9.940690e-01 -8.363502e-02
    outer loop
      vertex   -6.639823e-01 1.901397e+01 -4.555886e+00
      vertex   -1.028639e+00 1.897214e+01 -4.750000e+00
      vertex   -1.988712e+00 1.892133e+01 -4.555886e+00
    endloop
  endfacet
  facet normal -8.864508e-02 9.792689e-01 -1.821387e-01
    outer loop
      vertex   -1.988712e+00 1.892133e+01 -4.555886e+00
      vertex   -1.028639e+00 1.897214e+01 -4.750000e+00
      vertex   -2.394945e+00 1.884845e+01 -4.750000e+00
    endloop
  endfacet
  facet normal -1.387241e-01 9.870730e-01 -8.026587e-02
    outer loop
      vertex   -1.988712e+00 1.892133e+01 -4.555886e+00
      vertex   -2.394945e+00 1.884845e+01 -4.750000e+00
      vertex   -3.303753e+00 1.873651e+01 -4.555886e+00
    endloop
  endfacet
  facet normal -1.589862e-01 9.697727e-01 -1.851060e-01
    outer loop
      vertex   -3.303753e+00 1.873651e+01 -4.555886e+00
      vertex   -2.394945e+00 1.884845e+01 -4.750000e+00
      vertex   -3.748764e+00 1.862651e+01 -4.750000e+00
    endloop
  endfacet
  facet normal -2.072871e-01 9.752090e-01 -7.745611e-02
    outer loop
      vertex   -3.303753e+00 1.873651e+01 -4.555886e+00
      vertex   -3.748764e+00 1.862651e+01 -4.750000e+00
      vertex   -4.602699e+00 1.846042e+01 -4.555886e+00
    endloop
  endfacet
  facet normal -2.284414e-01 9.553256e-01 -1.875301e-01
    outer loop
      vertex   -4.602699e+00 1.846042e+01 -4.555886e+00
      vertex   -3.748764e+00 1.862651e+01 -4.750000e+00
      vertex   -5.083039e+00 1.830745e+01 -4.750000e+00
    endloop
  endfacet
  facet normal -2.748567e-01 9.585394e-01 -7.520694e-02
    outer loop
      vertex   -4.602699e+00 1.846042e+01 -4.555886e+00
      vertex   -5.083039e+00 1.830745e+01 -4.750000e+00
      vertex   -5.879220e+00 1.809438e+01 -4.555886e+00
    endloop
  endfacet
  facet normal -2.966709e-01 9.360070e-01 -1.894131e-01
    outer loop
      vertex   -5.879220e+00 1.809438e+01 -4.555886e+00
      vertex   -5.083039e+00 1.830745e+01 -4.750000e+00
      vertex   -6.390813e+00 1.789295e+01 -4.750000e+00
    endloop
  endfacet
  facet normal -3.410946e-01 9.371496e-01 -7.351931e-02
    outer loop
      vertex   -5.879220e+00 1.809438e+01 -4.555886e+00
      vertex   -6.390813e+00 1.789295e+01 -4.750000e+00
      vertex   -7.127099e+00 1.764019e+01 -4.555886e+00
    endloop
  endfacet
  facet normal -3.633414e-01 9.119182e-01 -1.907569e-01
    outer loop
      vertex   -7.127099e+00 1.764019e+01 -4.555886e+00
      vertex   -6.390813e+00 1.789295e+01 -4.750000e+00
      vertex   -7.665268e+00 1.738516e+01 -4.750000e+00
    endloop
  endfacet
  facet normal -4.056694e-01 9.111484e-01 -7.239386e-02
    outer loop
      vertex   -7.127099e+00 1.764019e+01 -4.555886e+00
      vertex   -7.665268e+00 1.738516e+01 -4.750000e+00
      vertex   -8.340255e+00 1.710006e+01 -4.555886e+00
    endloop
  endfacet
  facet normal -4.281278e-01 8.831819e-01 -1.915626e-01
    outer loop
      vertex   -8.340255e+00 1.710006e+01 -4.555886e+00
      vertex   -7.665268e+00 1.738516e+01 -4.750000e+00
      vertex   -8.899761e+00 1.678673e+01 -4.750000e+00
    endloop
  endfacet
  facet normal -4.682588e-01 8.806668e-01 -7.183102e-02
    outer loop
      vertex   -8.340255e+00 1.710006e+01 -4.555886e+00
      vertex   -8.899761e+00 1.678673e+01 -4.750000e+00
      vertex   -9.512778e+00 1.647661e+01 -4.555886e+00
    endloop
  endfacet
  facet normal -4.907140e-01 8.499415e-01 -1.918311e-01
    outer loop
      vertex   -9.512778e+00 1.647661e+01 -4.555886e+00
      vertex   -8.899761e+00 1.678673e+01 -4.750000e+00
      vertex   -1.008785e+01 1.610078e+01 -4.750000e+00
    endloop
  endfacet
  facet normal -5.285504e-01 8.458574e-01 -7.183102e-02
    outer loop
      vertex   -9.512778e+00 1.647661e+01 -4.555886e+00
      vertex   -1.008785e+01 1.610078e+01 -4.750000e+00
      vertex   -1.063896e+01 1.577290e+01 -4.555886e+00
    endloop
  endfacet
  facet normal -5.507941e-01 8.123605e-01 -1.915626e-01
    outer loop
      vertex   -1.063896e+01 1.577290e+01 -4.555886e+00
      vertex   -1.008785e+01 1.610078e+01 -4.750000e+00
      vertex   -1.122335e+01 1.533090e+01 -4.750000e+00
    endloop
  endfacet
  facet normal -5.862430e-01 8.068942e-01 -7.239386e-02
    outer loop
      vertex   -1.063896e+01 1.577290e+01 -4.555886e+00
      vertex   -1.122335e+01 1.533090e+01 -4.750000e+00
      vertex   -1.171330e+01 1.499234e+01 -4.555886e+00
    endloop
  endfacet
  facet normal -6.080736e-01 7.706220e-01 -1.907569e-01
    outer loop
      vertex   -1.171330e+01 1.499234e+01 -4.555886e+00
      vertex   -1.122335e+01 1.533090e+01 -4.750000e+00
      vertex   -1.230034e+01 1.448108e+01 -4.750000e+00
    endloop
  endfacet
  facet normal -6.410481e-01 7.639714e-01 -7.351931e-02
    outer loop
      vertex   -1.171330e+01 1.499234e+01 -4.555886e+00
      vertex   -1.230034e+01 1.448108e+01 -4.750000e+00
      vertex   -1.273058e+01 1.413874e+01 -4.555886e+00
    endloop
  endfacet
  facet normal -6.622704e-01 7.249280e-01 -1.894131e-01
    outer loop
      vertex   -1.273058e+01 1.413874e+01 -4.555886e+00
      vertex   -1.230034e+01 1.448108e+01 -4.750000e+00
      vertex   -1.331320e+01 1.355577e+01 -4.750000e+00
    endloop
  endfacet
  facet normal -6.926911e-01 7.173026e-01 -7.520694e-02
    outer loop
      vertex   -1.273058e+01 1.413874e+01 -4.555886e+00
      vertex   -1.331320e+01 1.355577e+01 -4.750000e+00
      vertex   -1.368584e+01 1.321626e+01 -4.555886e+00
    endloop
  endfacet
  facet normal -7.131155e-01 6.754989e-01 -1.875301e-01
    outer loop
      vertex   -1.368584e+01 1.321626e+01 -4.555886e+00
      vertex   -1.331320e+01 1.355577e+01 -4.750000e+00
      vertex   -1.425665e+01 1.255978e+01 -4.750000e+00
    endloop
  endfacet
  facet normal -7.409122e-01 6.671204e-01 -7.745611e-02
    outer loop
      vertex   -1.368584e+01 1.321626e+01 -4.555886e+00
      vertex   -1.425665e+01 1.255978e+01 -4.750000e+00
      vertex   -1.457442e+01 1.222939e+01 -4.555886e+00
    endloop
  endfacet
  facet normal -7.603547e-01 6.225724e-01 -1.851060e-01
    outer loop
      vertex   -1.457442e+01 1.222939e+01 -4.555886e+00
      vertex   -1.425665e+01 1.255978e+01 -4.750000e+00
      vertex   -1.512577e+01 1.149831e+01 -4.750000e+00
    endloop
  endfacet
  facet normal -7.854682e-01 6.136750e-01 -8.026587e-02
    outer loop
      vertex   -1.457442e+01 1.222939e+01 -4.555886e+00
      vertex   -1.512577e+01 1.149831e+01 -4.750000e+00
      vertex   -1.539200e+01 1.118294e+01 -4.555886e+00
    endloop
  endfacet
  facet normal -8.037492e-01 5.664033e-01 -1.821387e-01
    outer loop
      vertex   -1.539200e+01 1.118294e+01 -4.555886e+00
      vertex   -1.512577e+01 1.149831e+01 -4.750000e+00
      vertex   -1.591603e+01 1.037690e+01 -4.750000e+00
    endloop
  endfacet
  facet normal -8.261330e-01 5.572337e-01 -8.363502e-02
    outer loop
      vertex   -1.539200e+01 1.118294e+01 -4.555886e+00
      vertex   -1.591603e+01 1.037690e+01 -4.750000e+00
      vertex   -1.613459e+01 1.008201e+01 -4.555886e+00
    endloop
  endfacet
  facet normal -8.430765e-01 5.072623e-01 -1.786255e-01
    outer loop
      vertex   -1.613459e+01 1.008201e+01 -4.555886e+00
      vertex   -1.591603e+01 1.037690e+01 -4.750000e+00
      vertex   -1.662332e+01 9.201380e+00 -4.750000e+00
    endloop
  endfacet
  facet normal -8.626991e-01 4.980795e-01 -8.756202e-02
    outer loop
      vertex   -1.613459e+01 1.008201e+01 -4.555886e+00
      vertex   -1.662332e+01 9.201380e+00 -4.750000e+00
      vertex   -1.679857e+01 8.931957e+00 -4.555886e+00
    endloop
  endfacet
  facet normal -8.781316e-01 4.454352e-01 -1.745633e-01
    outer loop
      vertex   -1.679857e+01 8.931957e+00 -4.555886e+00
      vertex   -1.662332e+01 9.201380e+00 -4.750000e+00
      vertex   -1.724393e+01 7.977893e+00 -4.750000e+00
    endloop
  endfacet
  facet normal -8.949785e-01 4.365102e-01 -9.204495e-02
    outer loop
      vertex   -1.679857e+01 8.931957e+00 -4.555886e+00
      vertex   -1.724393e+01 7.977893e+00 -4.750000e+00
      vertex   -1.738071e+01 7.738391e+00 -4.555886e+00
    endloop
  endfacet
  facet normal -9.087283e-01 3.812222e-01 -1.699488e-01
    outer loop
      vertex   -1.738071e+01 7.738391e+00 -4.555886e+00
      vertex   -1.724393e+01 7.977893e+00 -4.750000e+00
      vertex   -1.777465e+01 6.712813e+00 -4.750000e+00
    endloop
  endfacet
  facet normal -9.228042e-01 3.728371e-01 -9.708146e-02
    outer loop
      vertex   -1.738071e+01 7.738391e+00 -4.555886e+00
      vertex   -1.777465e+01 6.712813e+00 -4.750000e+00
      vertex   -1.787817e+01 6.507123e+00 -4.555886e+00
    endloop
  endfacet
  facet normal -9.346993e-01 3.149369e-01 -1.647783e-01
    outer loop
      vertex   -1.787817e+01 6.507123e+00 -4.555886e+00
      vertex   -1.777465e+01 6.712813e+00 -4.750000e+00
      vertex   -1.821270e+01 5.412735e+00 -4.750000e+00
    endloop
  endfacet
  facet normal -9.460308e-01 3.073840e-01 -1.026687e-01
    outer loop
      vertex   -1.787817e+01 6.507123e+00 -4.555886e+00
      vertex   -1.821270e+01 5.412735e+00 -4.750000e+00
      vertex   -1.828854e+01 5.244154e+00 -4.555886e+00
    endloop
  endfacet
  facet normal -9.558983e-01 2.469053e-01 -1.590478e-01
    outer loop
      vertex   -1.828854e+01 5.244154e+00 -4.555886e+00
      vertex   -1.821270e+01 5.412735e+00 -4.750000e+00
      vertex   -1.855579e+01 4.084438e+00 -4.750000e+00
    endloop
  endfacet
  facet normal -9.645354e-01 2.404857e-01 -1.088034e-01
    outer loop
      vertex   -1.828854e+01 5.244154e+00 -4.555886e+00
      vertex   -1.855579e+01 4.084438e+00 -4.750000e+00
      vertex   -1.860980e+01 3.955635e+00 -4.555886e+00
    endloop
  endfacet
  facet normal -9.722000e-01 1.774646e-01 -1.527532e-01
    outer loop
      vertex   -1.860980e+01 3.955635e+00 -4.555886e+00
      vertex   -1.855579e+01 4.084438e+00 -4.750000e+00
      vertex   -1.880214e+01 2.734847e+00 -4.750000e+00
    endloop
  endfacet
  facet normal -9.782190e-01 1.724864e-01 -1.154814e-01
    outer loop
      vertex   -1.860980e+01 3.955635e+00 -4.555886e+00
      vertex   -1.880214e+01 2.734847e+00 -4.750000e+00
      vertex   -1.884040e+01 2.647846e+00 -4.555886e+00
    endloop
  endfacet
  facet normal -9.835015e-01 1.069622e-01 -1.458902e-01
    outer loop
      vertex   -1.884040e+01 2.647846e+00 -4.555886e+00
      vertex   -1.880214e+01 2.734847e+00 -4.750000e+00
      vertex   -1.895047e+01 1.370997e+00 -4.750000e+00
    endloop
  endfacet
  facet normal -9.870073e-01 1.037387e-01 -1.226981e-01
    outer loop
      vertex   -1.884040e+01 2.647846e+00 -4.555886e+00
      vertex   -1.895047e+01 1.370997e+00 -4.750000e+00
      vertex   -1.897921e+01 1.327156e+00 -4.555886e+00
    endloop
  endfacet
  facet normal -9.897231e-01 3.575470e-02 -1.384547e-01
    outer loop
      vertex   -1.897921e+01 1.327156e+00 -4.555886e+00
      vertex   -1.895047e+01 1.370997e+00 -4.750000e+00
      vertex   -1.900000e+01 -5.425045e-15 -4.750000e+00
    endloop
  endfacet
  facet normal 9.890068e-02 -9.717037e-02 -9.903416e-01
    outer loop
      vertex   1.456777e+01 -1.333577e+01 -4.000000e+00
      vertex   1.359079e+01 -1.433014e+01 -4.000000e+00
      vertex   1.406733e+01 -1.358466e+01 -4.025556e+00
    endloop
  endfacet
  facet normal 8.583988e-02 -8.888980e-02 -9.923357e-01
    outer loop
      vertex   1.406733e+01 -1.358466e+01 -4.025556e+00
      vertex   1.359079e+01 -1.433014e+01 -4.000000e+00
      vertex   1.308544e+01 -1.453286e+01 -4.025556e+00
    endloop
  endfacet
  facet normal 2.659725e-01 -2.754226e-01 -9.237970e-01
    outer loop
      vertex   1.406733e+01 -1.358466e+01 -4.025556e+00
      vertex   1.308544e+01 -1.453286e+01 -4.025556e+00
      vertex   1.296441e+01 -1.439843e+01 -4.100481e+00
    endloop
  endfacet
  facet normal 2.461121e-01 -2.933050e-01 -9.237970e-01
    outer loop
      vertex   1.296441e+01 -1.439843e+01 -4.100481e+00
      vertex   1.308544e+01 -1.453286e+01 -4.025556e+00
      vertex   1.192844e+01 -1.526771e+01 -4.100481e+00
    endloop
  endfacet
  facet normal 3.914544e-01 -4.665172e-01 -7.931741e-01
    outer loop
      vertex   1.296441e+01 -1.439843e+01 -4.100481e+00
      vertex   1.192844e+01 -1.526771e+01 -4.100481e+00
      vertex   1.183281e+01 -1.514531e+01 -4.219670e+00
    endloop
  endfacet
  facet normal 3.579582e-01 -4.926872e-01 -7.931741e-01
    outer loop
      vertex   1.183281e+01 -1.514531e+01 -4.219670e+00
      vertex   1.192844e+01 -1.526771e+01 -4.100481e+00
      vertex   1.074750e+01 -1.593383e+01 -4.219670e+00
    endloop
  endfacet
  facet normal 4.664267e-01 -6.419812e-01 -6.085279e-01
    outer loop
      vertex   1.183281e+01 -1.514531e+01 -4.219670e+00
      vertex   1.074750e+01 -1.593383e+01 -4.219670e+00
      vertex   1.068085e+01 -1.583502e+01 -4.375000e+00
    endloop
  endfacet
  facet normal 4.205081e-01 -6.729537e-01 -6.085279e-01
    outer loop
      vertex   1.068085e+01 -1.583502e+01 -4.375000e+00
      vertex   1.074750e+01 -1.593383e+01 -4.219670e+00
      vertex   9.550241e+00 -1.654150e+01 -4.375000e+00
    endloop
  endfacet
  facet normal 4.896252e-01 -7.835642e-01 -3.824844e-01
    outer loop
      vertex   1.068085e+01 -1.583502e+01 -4.375000e+00
      vertex   9.550241e+00 -1.654150e+01 -4.375000e+00
      vertex   9.512778e+00 -1.647661e+01 -4.555886e+00
    endloop
  endfacet
  facet normal 4.337739e-01 -8.158100e-01 -3.824844e-01
    outer loop
      vertex   9.512778e+00 -1.647661e+01 -4.555886e+00
      vertex   9.550241e+00 -1.654150e+01 -4.375000e+00
      vertex   8.340255e+00 -1.710006e+01 -4.555886e+00
    endloop
  endfacet
  facet normal 9.173182e-02 -1.038275e-01 -9.903561e-01
    outer loop
      vertex   1.359079e+01 -1.433014e+01 -4.000000e+00
      vertex   1.254610e+01 -1.525313e+01 -4.000000e+00
      vertex   1.308544e+01 -1.453286e+01 -4.025556e+00
    endloop
  endfacet
  facet normal 7.948576e-02 -9.472744e-02 -9.923249e-01
    outer loop
      vertex   1.308544e+01 -1.453286e+01 -4.025556e+00
      vertex   1.254610e+01 -1.525313e+01 -4.000000e+00
      vertex   1.203981e+01 -1.541025e+01 -4.025556e+00
    endloop
  endfacet
  facet normal 2.461121e-01 -2.933050e-01 -9.237970e-01
    outer loop
      vertex   1.308544e+01 -1.453286e+01 -4.025556e+00
      vertex   1.203981e+01 -1.541025e+01 -4.025556e+00
      vertex   1.192844e+01 -1.526771e+01 -4.100481e+00
    endloop
  endfacet
  facet normal 2.250527e-01 -3.097585e-01 -9.237970e-01
    outer loop
      vertex   1.192844e+01 -1.526771e+01 -4.100481e+00
      vertex   1.203981e+01 -1.541025e+01 -4.025556e+00
      vertex   1.083436e+01 -1.606260e+01 -4.100481e+00
    endloop
  endfacet
  facet normal 3.579582e-01 -4.926872e-01 -7.931741e-01
    outer loop
      vertex   1.192844e+01 -1.526771e+01 -4.100481e+00
      vertex   1.083436e+01 -1.606260e+01 -4.100481e+00
      vertex   1.074750e+01 -1.593383e+01 -4.219670e+00
    endloop
  endfacet
  facet normal 3.227181e-01 -5.164570e-01 -7.931741e-01
    outer loop
      vertex   1.074750e+01 -1.593383e+01 -4.219670e+00
      vertex   1.083436e+01 -1.606260e+01 -4.100481e+00
      vertex   9.609835e+00 -1.664472e+01 -4.219670e+00
    endloop
  endfacet
  facet normal 4.205081e-01 -6.729537e-01 -6.085279e-01
    outer loop
      vertex   1.074750e+01 -1.593383e+01 -4.219670e+00
      vertex   9.609835e+00 -1.664472e+01 -4.219670e+00
      vertex   9.550241e+00 -1.654150e+01 -4.375000e+00
    endloop
  endfacet
  facet normal 3.725409e-01 -7.006476e-01 -6.085279e-01
    outer loop
      vertex   9.550241e+00 -1.654150e+01 -4.375000e+00
      vertex   9.609835e+00 -1.664472e+01 -4.219670e+00
      vertex   8.373100e+00 -1.716740e+01 -4.375000e+00
    endloop
  endfacet
  facet normal 4.337739e-01 -8.158100e-01 -3.824844e-01
    outer loop
      vertex   9.550241e+00 -1.654150e+01 -4.375000e+00
      vertex   8.373100e+00 -1.716740e+01 -4.375000e+00
      vertex   8.340255e+00 -1.710006e+01 -4.555886e+00
    endloop
  endfacet
  facet normal 3.758092e-01 -8.440812e-01 -3.824844e-01
    outer loop
      vertex   8.340255e+00 -1.710006e+01 -4.555886e+00
      vertex   8.373100e+00 -1.716740e+01 -4.375000e+00
      vertex   7.127099e+00 -1.764019e+01 -4.555886e+00
    endloop
  endfacet
  facet normal 8.411151e-02 -1.099507e-01 -9.903717e-01
    outer loop
      vertex   1.254610e+01 -1.525313e+01 -4.000000e+00
      vertex   1.143891e+01 -1.610012e+01 -4.000000e+00
      vertex   1.203981e+01 -1.541025e+01 -4.025556e+00
    endloop
  endfacet
  facet normal 7.273946e-02 -1.001173e-01 -9.923132e-01
    outer loop
      vertex   1.203981e+01 -1.541025e+01 -4.025556e+00
      vertex   1.143891e+01 -1.610012e+01 -4.000000e+00
      vertex   1.093551e+01 -1.621256e+01 -4.025556e+00
    endloop
  endfacet
  facet normal 2.250527e-01 -3.097585e-01 -9.237970e-01
    outer loop
      vertex   1.203981e+01 -1.541025e+01 -4.025556e+00
      vertex   1.093551e+01 -1.621256e+01 -4.025556e+00
      vertex   1.083436e+01 -1.606260e+01 -4.100481e+00
    endloop
  endfacet
  facet normal 2.028968e-01 -3.247028e-01 -9.237970e-01
    outer loop
      vertex   1.083436e+01 -1.606260e+01 -4.100481e+00
      vertex   1.093551e+01 -1.621256e+01 -4.025556e+00
      vertex   9.687500e+00 -1.677924e+01 -4.100481e+00
    endloop
  endfacet
  facet normal 3.227181e-01 -5.164570e-01 -7.931741e-01
    outer loop
      vertex   1.083436e+01 -1.606260e+01 -4.100481e+00
      vertex   9.687500e+00 -1.677924e+01 -4.100481e+00
      vertex   9.609835e+00 -1.664472e+01 -4.219670e+00
    endloop
  endfacet
  facet normal 2.859058e-01 -5.377106e-01 -7.931741e-01
    outer loop
      vertex   9.609835e+00 -1.664472e+01 -4.219670e+00
      vertex   9.687500e+00 -1.677924e+01 -4.100481e+00
      vertex   8.425349e+00 -1.727453e+01 -4.219670e+00
    endloop
  endfacet
  facet normal 3.725409e-01 -7.006476e-01 -6.085279e-01
    outer loop
      vertex   9.609835e+00 -1.664472e+01 -4.219670e+00
      vertex   8.425349e+00 -1.727453e+01 -4.219670e+00
      vertex   8.373100e+00 -1.716740e+01 -4.375000e+00
    endloop
  endfacet
  facet normal 3.227587e-01 -7.249280e-01 -6.085279e-01
    outer loop
      vertex   8.373100e+00 -1.716740e+01 -4.375000e+00
      vertex   8.425349e+00 -1.727453e+01 -4.219670e+00
      vertex   7.155166e+00 -1.770966e+01 -4.375000e+00
    endloop
  endfacet
  facet normal 3.758092e-01 -8.440812e-01 -3.824844e-01
    outer loop
      vertex   8.373100e+00 -1.716740e+01 -4.375000e+00
      vertex   7.155166e+00 -1.770966e+01 -4.375000e+00
      vertex   7.127099e+00 -1.764019e+01 -4.555886e+00
    endloop
  endfacet
  facet normal 3.160136e-01 -8.682402e-01 -3.824844e-01
    outer loop
      vertex   7.127099e+00 -1.764019e+01 -4.555886e+00
      vertex   7.155166e+00 -1.770966e+01 -4.375000e+00
      vertex   5.879220e+00 -1.809438e+01 -4.555886e+00
    endloop
  endfacet
  facet normal 7.607988e-02 -1.155093e-01 -9.903885e-01
    outer loop
      vertex   1.143891e+01 -1.610012e+01 -4.000000e+00
      vertex   1.027473e+01 -1.686690e+01 -4.000000e+00
      vertex   1.093551e+01 -1.621256e+01 -4.025556e+00
    endloop
  endfacet
  facet normal 6.563210e-02 -1.050333e-01 -9.923006e-01
    outer loop
      vertex   1.093551e+01 -1.621256e+01 -4.025556e+00
      vertex   1.027473e+01 -1.686690e+01 -4.000000e+00
      vertex   9.777943e+00 -1.693589e+01 -4.025556e+00
    endloop
  endfacet
  facet normal 2.028968e-01 -3.247028e-01 -9.237970e-01
    outer loop
      vertex   1.093551e+01 -1.621256e+01 -4.025556e+00
      vertex   9.777943e+00 -1.693589e+01 -4.025556e+00
      vertex   9.687500e+00 -1.677924e+01 -4.100481e+00
    endloop
  endfacet
  facet normal 1.797524e-01 -3.380652e-01 -9.237970e-01
    outer loop
      vertex   9.687500e+00 -1.677924e+01 -4.100481e+00
      vertex   9.777943e+00 -1.693589e+01 -4.025556e+00
      vertex   8.493441e+00 -1.741413e+01 -4.100481e+00
    endloop
  endfacet
  facet normal 2.859058e-01 -5.377106e-01 -7.931741e-01
    outer loop
      vertex   9.687500e+00 -1.677924e+01 -4.100481e+00
      vertex   8.493441e+00 -1.741413e+01 -4.100481e+00
      vertex   8.425349e+00 -1.727453e+01 -4.219670e+00
    endloop
  endfacet
  facet normal 2.477005e-01 -5.563445e-01 -7.931741e-01
    outer loop
      vertex   8.425349e+00 -1.727453e+01 -4.219670e+00
      vertex   8.493441e+00 -1.741413e+01 -4.100481e+00
      vertex   7.199815e+00 -1.782017e+01 -4.219670e+00
    endloop
  endfacet
  facet normal 3.227587e-01 -7.249280e-01 -6.085279e-01
    outer loop
      vertex   8.425349e+00 -1.727453e+01 -4.219670e+00
      vertex   7.199815e+00 -1.782017e+01 -4.219670e+00
      vertex   7.155166e+00 -1.770966e+01 -4.375000e+00
    endloop
  endfacet
  facet normal 2.714041e-01 -7.456766e-01 -6.085279e-01
    outer loop
      vertex   7.155166e+00 -1.770966e+01 -4.375000e+00
      vertex   7.199815e+00 -1.782017e+01 -4.219670e+00
      vertex   5.902373e+00 -1.816564e+01 -4.375000e+00
    endloop
  endfacet
  facet normal 3.160136e-01 -8.682402e-01 -3.824844e-01
    outer loop
      vertex   7.155166e+00 -1.770966e+01 -4.375000e+00
      vertex   5.902373e+00 -1.816564e+01 -4.375000e+00
      vertex   5.879220e+00 -1.809438e+01 -4.555886e+00
    endloop
  endfacet
  facet normal 2.546784e-01 -8.881692e-01 -3.824844e-01
    outer loop
      vertex   5.879220e+00 -1.809438e+01 -4.555886e+00
      vertex   5.902373e+00 -1.816564e+01 -4.375000e+00
      vertex   4.602699e+00 -1.846042e+01 -4.555886e+00
    endloop
  endfacet
  facet normal 6.767917e-02 -1.204755e-01 -9.904066e-01
    outer loop
      vertex   1.027473e+01 -1.686690e+01 -4.000000e+00
      vertex   9.059361e+00 -1.754966e+01 -4.000000e+00
      vertex   9.777943e+00 -1.693589e+01 -4.025556e+00
    endloop
  endfacet
  facet normal 5.819648e-02 -1.094517e-01 -9.922870e-01
    outer loop
      vertex   9.777943e+00 -1.693589e+01 -4.025556e+00
      vertex   9.059361e+00 -1.754966e+01 -4.000000e+00
      vertex   8.572736e+00 -1.757671e+01 -4.025556e+00
    endloop
  endfacet
  facet normal 1.797524e-01 -3.380652e-01 -9.237970e-01
    outer loop
      vertex   9.777943e+00 -1.693589e+01 -4.025556e+00
      vertex   8.572736e+00 -1.757671e+01 -4.025556e+00
      vertex   8.493441e+00 -1.741413e+01 -4.100481e+00
    endloop
  endfacet
  facet normal 1.557323e-01 -3.497806e-01 -9.237970e-01
    outer loop
      vertex   8.493441e+00 -1.741413e+01 -4.100481e+00
      vertex   8.572736e+00 -1.757671e+01 -4.025556e+00
      vertex   7.258003e+00 -1.796419e+01 -4.100481e+00
    endloop
  endfacet
  facet normal 2.477005e-01 -5.563445e-01 -7.931741e-01
    outer loop
      vertex   8.493441e+00 -1.741413e+01 -4.100481e+00
      vertex   7.258003e+00 -1.796419e+01 -4.100481e+00
      vertex   7.199815e+00 -1.782017e+01 -4.219670e+00
    endloop
  endfacet
  facet normal 2.082885e-01 -5.722680e-01 -7.931741e-01
    outer loop
      vertex   7.199815e+00 -1.782017e+01 -4.219670e+00
      vertex   7.258003e+00 -1.796419e+01 -4.100481e+00
      vertex   5.939205e+00 -1.827899e+01 -4.219670e+00
    endloop
  endfacet
  facet normal 2.714041e-01 -7.456766e-01 -6.085279e-01
    outer loop
      vertex   7.199815e+00 -1.782017e+01 -4.219670e+00
      vertex   5.939205e+00 -1.827899e+01 -4.219670e+00
      vertex   5.902373e+00 -1.816564e+01 -4.375000e+00
    endloop
  endfacet
  facet normal 2.187272e-01 -7.627923e-01 -6.085279e-01
    outer loop
      vertex   5.902373e+00 -1.816564e+01 -4.375000e+00
      vertex   5.939205e+00 -1.827899e+01 -4.219670e+00
      vertex   4.620825e+00 -1.853312e+01 -4.375000e+00
    endloop
  endfacet
  facet normal 2.546784e-01 -8.881692e-01 -3.824844e-01
    outer loop
      vertex   5.902373e+00 -1.816564e+01 -4.375000e+00
      vertex   4.620825e+00 -1.853312e+01 -4.375000e+00
      vertex   4.602699e+00 -1.846042e+01 -4.555886e+00
    endloop
  endfacet
  facet normal 1.921025e-01 -9.037712e-01 -3.824844e-01
    outer loop
      vertex   4.602699e+00 -1.846042e+01 -4.555886e+00
      vertex   4.620825e+00 -1.853312e+01 -4.375000e+00
      vertex   3.303753e+00 -1.873651e+01 -4.555886e+00
    endloop
  endfacet
  facet normal 5.895348e-02 -1.248247e-01 -9.904258e-01
    outer loop
      vertex   9.059361e+00 -1.754966e+01 -4.000000e+00
      vertex   7.798860e+00 -1.814498e+01 -4.000000e+00
      vertex   8.572736e+00 -1.757671e+01 -4.025556e+00
    endloop
  endfacet
  facet normal 5.046699e-02 -1.133507e-01 -9.922725e-01
    outer loop
      vertex   8.572736e+00 -1.757671e+01 -4.025556e+00
      vertex   7.798860e+00 -1.814498e+01 -4.000000e+00
      vertex   7.325764e+00 -1.813190e+01 -4.025556e+00
    endloop
  endfacet
  facet normal 1.557323e-01 -3.497806e-01 -9.237970e-01
    outer loop
      vertex   8.572736e+00 -1.757671e+01 -4.025556e+00
      vertex   7.325764e+00 -1.813190e+01 -4.025556e+00
      vertex   7.258003e+00 -1.796419e+01 -4.100481e+00
    endloop
  endfacet
  facet normal 1.309535e-01 -3.597919e-01 -9.237970e-01
    outer loop
      vertex   7.258003e+00 -1.796419e+01 -4.100481e+00
      vertex   7.325764e+00 -1.813190e+01 -4.025556e+00
      vertex   5.987204e+00 -1.842672e+01 -4.100481e+00
    endloop
  endfacet
  facet normal 2.082885e-01 -5.722680e-01 -7.931741e-01
    outer loop
      vertex   7.258003e+00 -1.796419e+01 -4.100481e+00
      vertex   5.987204e+00 -1.842672e+01 -4.100481e+00
      vertex   5.939205e+00 -1.827899e+01 -4.219670e+00
    endloop
  endfacet
  facet normal 1.678617e-01 -5.854035e-01 -7.931741e-01
    outer loop
      vertex   5.939205e+00 -1.827899e+01 -4.219670e+00
      vertex   5.987204e+00 -1.842672e+01 -4.100481e+00
      vertex   4.649659e+00 -1.864876e+01 -4.219670e+00
    endloop
  endfacet
  facet normal 2.187272e-01 -7.627923e-01 -6.085279e-01
    outer loop
      vertex   5.939205e+00 -1.827899e+01 -4.219670e+00
      vertex   4.649659e+00 -1.864876e+01 -4.219670e+00
      vertex   4.620825e+00 -1.853312e+01 -4.375000e+00
    endloop
  endfacet
  facet normal 1.649847e-01 -7.761919e-01 -6.085279e-01
    outer loop
      vertex   4.620825e+00 -1.853312e+01 -4.375000e+00
      vertex   4.649659e+00 -1.864876e+01 -4.219670e+00
      vertex   3.316764e+00 -1.881030e+01 -4.375000e+00
    endloop
  endfacet
  facet normal 1.921025e-01 -9.037712e-01 -3.824844e-01
    outer loop
      vertex   4.620825e+00 -1.853312e+01 -4.375000e+00
      vertex   3.316764e+00 -1.881030e+01 -4.375000e+00
      vertex   3.303753e+00 -1.873651e+01 -4.555886e+00
    endloop
  endfacet
  facet normal 1.285906e-01 -9.149700e-01 -3.824844e-01
    outer loop
      vertex   3.303753e+00 -1.873651e+01 -4.555886e+00
      vertex   3.316764e+00 -1.881030e+01 -4.375000e+00
      vertex   1.988712e+00 -1.892133e+01 -4.555886e+00
    endloop
  endfacet
  facet normal 4.994857e-02 -1.285358e-01 -9.904462e-01
    outer loop
      vertex   7.798860e+00 -1.814498e+01 -4.000000e+00
      vertex   6.499505e+00 -1.864990e+01 -4.000000e+00
      vertex   7.325764e+00 -1.813190e+01 -4.025556e+00
    endloop
  endfacet
  facet normal 4.247938e-02 -1.167111e-01 -9.922570e-01
    outer loop
      vertex   7.325764e+00 -1.813190e+01 -4.025556e+00
      vertex   6.499505e+00 -1.864990e+01 -4.000000e+00
      vertex   6.043101e+00 -1.859875e+01 -4.025556e+00
    endloop
  endfacet
  facet normal 1.309535e-01 -3.597919e-01 -9.237970e-01
    outer loop
      vertex   7.325764e+00 -1.813190e+01 -4.025556e+00
      vertex   6.043101e+00 -1.859875e+01 -4.025556e+00
      vertex   5.987204e+00 -1.842672e+01 -4.100481e+00
    endloop
  endfacet
  facet normal 1.055367e-01 -3.680503e-01 -9.237970e-01
    outer loop
      vertex   5.987204e+00 -1.842672e+01 -4.100481e+00
      vertex   6.043101e+00 -1.859875e+01 -4.025556e+00
      vertex   4.687237e+00 -1.879948e+01 -4.100481e+00
    endloop
  endfacet
  facet normal 1.678617e-01 -5.854035e-01 -7.931741e-01
    outer loop
      vertex   5.987204e+00 -1.842672e+01 -4.100481e+00
      vertex   4.687237e+00 -1.879948e+01 -4.100481e+00
      vertex   4.649659e+00 -1.864876e+01 -4.219670e+00
    endloop
  endfacet
  facet normal 1.266172e-01 -5.956869e-01 -7.931741e-01
    outer loop
      vertex   4.649659e+00 -1.864876e+01 -4.219670e+00
      vertex   4.687237e+00 -1.879948e+01 -4.100481e+00
      vertex   3.337461e+00 -1.892768e+01 -4.219670e+00
    endloop
  endfacet
  facet normal 1.649847e-01 -7.761919e-01 -6.085279e-01
    outer loop
      vertex   4.649659e+00 -1.864876e+01 -4.219670e+00
      vertex   3.337461e+00 -1.892768e+01 -4.219670e+00
      vertex   3.316764e+00 -1.881030e+01 -4.375000e+00
    endloop
  endfacet
  facet normal 1.104384e-01 -7.858098e-01 -6.085279e-01
    outer loop
      vertex   3.316764e+00 -1.881030e+01 -4.375000e+00
      vertex   3.337461e+00 -1.892768e+01 -4.219670e+00
      vertex   1.996544e+00 -1.899585e+01 -4.375000e+00
    endloop
  endfacet
  facet normal 1.285906e-01 -9.149700e-01 -3.824844e-01
    outer loop
      vertex   3.316764e+00 -1.881030e+01 -4.375000e+00
      vertex   1.996544e+00 -1.899585e+01 -4.375000e+00
      vertex   1.988712e+00 -1.892133e+01 -4.555886e+00
    endloop
  endfacet
  facet normal 6.445233e-02 -9.217112e-01 -3.824844e-01
    outer loop
      vertex   1.988712e+00 -1.892133e+01 -4.555886e+00
      vertex   1.996544e+00 -1.899585e+01 -4.375000e+00
      vertex   6.639823e-01 -1.901397e+01 -4.555886e+00
    endloop
  endfacet
  facet normal 4.071155e-02 -1.315908e-01 -9.904678e-01
    outer loop
      vertex   6.499505e+00 -1.864990e+01 -4.000000e+00
      vertex   5.167770e+00 -1.906192e+01 -4.000000e+00
      vertex   6.043101e+00 -1.859875e+01 -4.025556e+00
    endloop
  endfacet
  facet normal 3.427070e-02 -1.195161e-01 -9.922406e-01
    outer loop
      vertex   6.043101e+00 -1.859875e+01 -4.025556e+00
      vertex   5.167770e+00 -1.906192e+01 -4.000000e+00
      vertex   4.730997e+00 -1.897499e+01 -4.025556e+00
    endloop
  endfacet
  facet normal 1.055367e-01 -3.680503e-01 -9.237970e-01
    outer loop
      vertex   6.043101e+00 -1.859875e+01 -4.025556e+00
      vertex   4.730997e+00 -1.897499e+01 -4.025556e+00
      vertex   4.687237e+00 -1.879948e+01 -4.100481e+00
    endloop
  endfacet
  facet normal 7.960575e-02 -3.745156e-01 -9.237970e-01
    outer loop
      vertex   4.687237e+00 -1.879948e+01 -4.100481e+00
      vertex   4.730997e+00 -1.897499e+01 -4.025556e+00
      vertex   3.364433e+00 -1.908065e+01 -4.100481e+00
    endloop
  endfacet
  facet normal 1.266172e-01 -5.956869e-01 -7.931741e-01
    outer loop
      vertex   4.687237e+00 -1.879948e+01 -4.100481e+00
      vertex   3.364433e+00 -1.908065e+01 -4.100481e+00
      vertex   3.337461e+00 -1.892768e+01 -4.219670e+00
    endloop
  endfacet
  facet normal 8.475571e-02 -6.030682e-01 -7.931741e-01
    outer loop
      vertex   3.337461e+00 -1.892768e+01 -4.219670e+00
      vertex   3.364433e+00 -1.908065e+01 -4.100481e+00
      vertex   2.009003e+00 -1.911438e+01 -4.219670e+00
    endloop
  endfacet
  facet normal 1.104384e-01 -7.858098e-01 -6.085279e-01
    outer loop
      vertex   3.337461e+00 -1.892768e+01 -4.219670e+00
      vertex   2.009003e+00 -1.911438e+01 -4.219670e+00
      vertex   1.996544e+00 -1.899585e+01 -4.375000e+00
    endloop
  endfacet
  facet normal 5.535403e-02 -7.915994e-01 -6.085279e-01
    outer loop
      vertex   1.996544e+00 -1.899585e+01 -4.375000e+00
      vertex   2.009003e+00 -1.911438e+01 -4.219670e+00
      vertex   6.665972e-01 -1.908885e+01 -4.375000e+00
    endloop
  endfacet
  facet normal 6.445233e-02 -9.217112e-01 -3.824844e-01
    outer loop
      vertex   1.996544e+00 -1.899585e+01 -4.375000e+00
      vertex   6.665972e-01 -1.908885e+01 -4.375000e+00
      vertex   6.639823e-01 -1.901397e+01 -4.555886e+00
    endloop
  endfacet
  facet normal -0.000000e+00 -9.239619e-01 -3.824844e-01
    outer loop
      vertex   6.639823e-01 -1.901397e+01 -4.555886e+00
      vertex   6.665972e-01 -1.908885e+01 -4.375000e+00
      vertex   -6.639823e-01 -1.901397e+01 -4.555886e+00
    endloop
  endfacet
  facet normal 3.129067e-02 -1.339756e-01 -9.904905e-01
    outer loop
      vertex   5.167770e+00 -1.906192e+01 -4.000000e+00
      vertex   3.810290e+00 -1.937896e+01 -4.000000e+00
      vertex   4.730997e+00 -1.897499e+01 -4.025556e+00
    endloop
  endfacet
  facet normal 2.587904e-02 -1.217513e-01 -9.922232e-01
    outer loop
      vertex   4.730997e+00 -1.897499e+01 -4.025556e+00
      vertex   3.810290e+00 -1.937896e+01 -4.000000e+00
      vertex   3.395844e+00 -1.925879e+01 -4.025556e+00
    endloop
  endfacet
  facet normal 7.960575e-02 -3.745156e-01 -9.237970e-01
    outer loop
      vertex   4.730997e+00 -1.897499e+01 -4.025556e+00
      vertex   3.395844e+00 -1.925879e+01 -4.025556e+00
      vertex   3.364433e+00 -1.908065e+01 -4.100481e+00
    endloop
  endfacet
  facet normal 5.328695e-02 -3.791563e-01 -9.237970e-01
    outer loop
      vertex   3.364433e+00 -1.908065e+01 -4.100481e+00
      vertex   3.395844e+00 -1.925879e+01 -4.025556e+00
      vertex   2.025239e+00 -1.926886e+01 -4.100481e+00
    endloop
  endfacet
  facet normal 8.475571e-02 -6.030682e-01 -7.931741e-01
    outer loop
      vertex   3.364433e+00 -1.908065e+01 -4.100481e+00
      vertex   2.025239e+00 -1.926886e+01 -4.100481e+00
      vertex   2.009003e+00 -1.911438e+01 -4.219670e+00
    endloop
  endfacet
  facet normal 4.248134e-02 -6.075114e-01 -7.931741e-01
    outer loop
      vertex   2.009003e+00 -1.911438e+01 -4.219670e+00
      vertex   2.025239e+00 -1.926886e+01 -4.100481e+00
      vertex   6.707568e-01 -1.920796e+01 -4.219670e+00
    endloop
  endfacet
  facet normal 5.535403e-02 -7.915994e-01 -6.085279e-01
    outer loop
      vertex   2.009003e+00 -1.911438e+01 -4.219670e+00
      vertex   6.707568e-01 -1.920796e+01 -4.219670e+00
      vertex   6.665972e-01 -1.908885e+01 -4.375000e+00
    endloop
  endfacet
  facet normal -0.000000e+00 -7.935324e-01 -6.085279e-01
    outer loop
      vertex   6.665972e-01 -1.908885e+01 -4.375000e+00
      vertex   6.707568e-01 -1.920796e+01 -4.219670e+00
      vertex   -6.665972e-01 -1.908885e+01 -4.375000e+00
    endloop
  endfacet
  facet normal -0.000000e+00 -9.239619e-01 -3.824844e-01
    outer loop
      vertex   6.665972e-01 -1.908885e+01 -4.375000e+00
      vertex   -6.665972e-01 -1.908885e+01 -4.375000e+00
      vertex   -6.639823e-01 -1.901397e+01 -4.555886e+00
    endloop
  endfacet
  facet normal -6.445233e-02 -9.217112e-01 -3.824844e-01
    outer loop
      vertex   -6.639823e-01 -1.901397e+01 -4.555886e+00
      vertex   -6.665972e-01 -1.908885e+01 -4.375000e+00
      vertex   -1.988712e+00 -1.892133e+01 -4.555886e+00
    endloop
  endfacet
  facet normal 2.173503e-02 -1.356793e-01 -9.905144e-01
    outer loop
      vertex   3.810290e+00 -1.937896e+01 -4.000000e+00
      vertex   2.433827e+00 -1.959946e+01 -4.000000e+00
      vertex   3.395844e+00 -1.925879e+01 -4.025556e+00
    endloop
  endfacet
  facet normal 1.734343e-02 -1.234049e-01 -9.922048e-01
    outer loop
      vertex   3.395844e+00 -1.925879e+01 -4.025556e+00
      vertex   2.433827e+00 -1.959946e+01 -4.000000e+00
      vertex   2.044147e+00 -1.944876e+01 -4.025556e+00
    endloop
  endfacet
  facet normal 5.328695e-02 -3.791563e-01 -9.237970e-01
    outer loop
      vertex   3.395844e+00 -1.925879e+01 -4.025556e+00
      vertex   2.044147e+00 -1.944876e+01 -4.025556e+00
      vertex   2.025239e+00 -1.926886e+01 -4.100481e+00
    endloop
  endfacet
  facet normal 2.670853e-02 -3.819498e-01 -9.237970e-01
    outer loop
      vertex   2.025239e+00 -1.926886e+01 -4.100481e+00
      vertex   2.044147e+00 -1.944876e+01 -4.025556e+00
      vertex   6.761778e-01 -1.936320e+01 -4.100481e+00
    endloop
  endfacet
  facet normal 4.248134e-02 -6.075114e-01 -7.931741e-01
    outer loop
      vertex   2.025239e+00 -1.926886e+01 -4.100481e+00
      vertex   6.761778e-01 -1.936320e+01 -4.100481e+00
      vertex   6.707568e-01 -1.920796e+01 -4.219670e+00
    endloop
  endfacet
  facet normal -0.000000e+00 -6.089949e-01 -7.931741e-01
    outer loop
      vertex   6.707568e-01 -1.920796e+01 -4.219670e+00
      vertex   6.761778e-01 -1.936320e+01 -4.100481e+00
      vertex   -6.707568e-01 -1.920796e+01 -4.219670e+00
    endloop
  endfacet
  facet normal -0.000000e+00 -7.935324e-01 -6.085279e-01
    outer loop
      vertex   6.707568e-01 -1.920796e+01 -4.219670e+00
      vertex   -6.707568e-01 -1.920796e+01 -4.219670e+00
      vertex   -6.665972e-01 -1.908885e+01 -4.375000e+00
    endloop
  endfacet
  facet normal -5.535403e-02 -7.915994e-01 -6.085279e-01
    outer loop
      vertex   -6.665972e-01 -1.908885e+01 -4.375000e+00
      vertex   -6.707568e-01 -1.920796e+01 -4.219670e+00
      vertex   -1.996544e+00 -1.899585e+01 -4.375000e+00
    endloop
  endfacet
  facet normal -6.445233e-02 -9.217112e-01 -3.824844e-01
    outer loop
      vertex   -6.665972e-01 -1.908885e+01 -4.375000e+00
      vertex   -1.996544e+00 -1.899585e+01 -4.375000e+00
      vertex   -1.988712e+00 -1.892133e+01 -4.555886e+00
    endloop
  endfacet
  facet normal -1.285906e-01 -9.149700e-01 -3.824844e-01
    outer loop
      vertex   -1.988712e+00 -1.892133e+01 -4.555886e+00
      vertex   -1.996544e+00 -1.899585e+01 -4.375000e+00
      vertex   -3.303753e+00 -1.873651e+01 -4.555886e+00
    endloop
  endfacet
  facet normal 1.209433e-02 -1.366949e-01 -9.905394e-01
    outer loop
      vertex   2.433827e+00 -1.959946e+01 -4.000000e+00
      vertex   1.045238e+00 -1.972232e+01 -4.000000e+00
      vertex   2.044147e+00 -1.944876e+01 -4.025556e+00
    endloop
  endfacet
  facet normal 8.703634e-03 -1.244678e-01 -9.921855e-01
    outer loop
      vertex   2.044147e+00 -1.944876e+01 -4.025556e+00
      vertex   1.045238e+00 -1.972232e+01 -4.000000e+00
      vertex   6.824906e-01 -1.954397e+01 -4.025556e+00
    endloop
  endfacet
  facet normal 2.670853e-02 -3.819498e-01 -9.237970e-01
    outer loop
      vertex   2.044147e+00 -1.944876e+01 -4.025556e+00
      vertex   6.824906e-01 -1.954397e+01 -4.025556e+00
      vertex   6.761778e-01 -1.936320e+01 -4.100481e+00
    endloop
  endfacet
  facet normal -0.000000e+00 -3.828825e-01 -9.237970e-01
    outer loop
      vertex   6.761778e-01 -1.936320e+01 -4.100481e+00
      vertex   6.824906e-01 -1.954397e+01 -4.025556e+00
      vertex   -6.761778e-01 -1.936320e+01 -4.100481e+00
    endloop
  endfacet
  facet normal -0.000000e+00 -6.089949e-01 -7.931741e-01
    outer loop
      vertex   6.761778e-01 -1.936320e+01 -4.100481e+00
      vertex   -6.761778e-01 -1.936320e+01 -4.100481e+00
      vertex   -6.707568e-01 -1.920796e+01 -4.219670e+00
    endloop
  endfacet
  facet normal -4.248134e-02 -6.075114e-01 -7.931741e-01
    outer loop
      vertex   -6.707568e-01 -1.920796e+01 -4.219670e+00
      vertex   -6.761778e-01 -1.936320e+01 -4.100481e+00
      vertex   -2.009003e+00 -1.911438e+01 -4.219670e+00
    endloop
  endfacet
  facet normal -5.535403e-02 -7.915994e-01 -6.085279e-01
    outer loop
      vertex   -6.707568e-01 -1.920796e+01 -4.219670e+00
      vertex   -2.009003e+00 -1.911438e+01 -4.219670e+00
      vertex   -1.996544e+00 -1.899585e+01 -4.375000e+00
    endloop
  endfacet
  facet normal -1.104384e-01 -7.858098e-01 -6.085279e-01
    outer loop
      vertex   -1.996544e+00 -1.899585e+01 -4.375000e+00
      vertex   -2.009003e+00 -1.911438e+01 -4.219670e+00
      vertex   -3.316764e+00 -1.881030e+01 -4.375000e+00
    endloop
  endfacet
  facet normal -1.285906e-01 -9.149700e-01 -3.824844e-01
    outer loop
      vertex   -1.996544e+00 -1.899585e+01 -4.375000e+00
      vertex   -3.316764e+00 -1.881030e+01 -4.375000e+00
      vertex   -3.303753e+00 -1.873651e+01 -4.555886e+00
    endloop
  endfacet
  facet normal -1.921025e-01 -9.037712e-01 -3.824844e-01
    outer loop
      vertex   -3.303753e+00 -1.873651e+01 -4.555886e+00
      vertex   -3.316764e+00 -1.881030e+01 -4.375000e+00
      vertex   -4.602699e+00 -1.846042e+01 -4.555886e+00
    endloop
  endfacet
  facet normal 2.418554e-03 -1.370190e-01 -9.905655e-01
    outer loop
      vertex   1.045238e+00 -1.972232e+01 -4.000000e+00
      vertex   -3.485575e-01 -1.974692e+01 -4.000000e+00
      vertex   6.824906e-01 -1.954397e+01 -4.025556e+00
    endloop
  endfacet
  facet normal -0.000000e+00 -1.249335e-01 -9.921651e-01
    outer loop
      vertex   6.824906e-01 -1.954397e+01 -4.025556e+00
      vertex   -3.485575e-01 -1.974692e+01 -4.000000e+00
      vertex   -6.824906e-01 -1.954397e+01 -4.025556e+00
    endloop
  endfacet
  facet normal -0.000000e+00 -3.828825e-01 -9.237970e-01
    outer loop
      vertex   6.824906e-01 -1.954397e+01 -4.025556e+00
      vertex   -6.824906e-01 -1.954397e+01 -4.025556e+00
      vertex   -6.761778e-01 -1.936320e+01 -4.100481e+00
    endloop
  endfacet
  facet normal -2.670853e-02 -3.819498e-01 -9.237970e-01
    outer loop
      vertex   -6.761778e-01 -1.936320e+01 -4.100481e+00
      vertex   -6.824906e-01 -1.954397e+01 -4.025556e+00
      vertex   -2.025239e+00 -1.926886e+01 -4.100481e+00
    endloop
  endfacet
  facet normal -4.248134e-02 -6.075114e-01 -7.931741e-01
    outer loop
      vertex   -6.761778e-01 -1.936320e+01 -4.100481e+00
      vertex   -2.025239e+00 -1.926886e+01 -4.100481e+00
      vertex   -2.009003e+00 -1.911438e+01 -4.219670e+00
    endloop
  endfacet
  facet normal -8.475571e-02 -6.030682e-01 -7.931741e-01
    outer loop
      vertex   -2.009003e+00 -1.911438e+01 -4.219670e+00
      vertex   -2.025239e+00 -1.926886e+01 -4.100481e+00
      vertex   -3.337461e+00 -1.892768e+01 -4.219670e+00
    endloop
  endfacet
  facet normal -1.104384e-01 -7.858098e-01 -6.085279e-01
    outer loop
      vertex   -2.009003e+00 -1.911438e+01 -4.219670e+00
      vertex   -3.337461e+00 -1.892768e+01 -4.219670e+00
      vertex   -3.316764e+00 -1.881030e+01 -4.375000e+00
    endloop
  endfacet
  facet normal -1.649847e-01 -7.761919e-01 -6.085279e-01
    outer loop
      vertex   -3.316764e+00 -1.881030e+01 -4.375000e+00
      vertex   -3.337461e+00 -1.892768e+01 -4.219670e+00
      vertex   -4.620825e+00 -1.853312e+01 -4.375000e+00
    endloop
  endfacet
  facet normal -1.921025e-01 -9.037712e-01 -3.824844e-01
    outer loop
      vertex   -3.316764e+00 -1.881030e+01 -4.375000e+00
      vertex   -4.620825e+00 -1.853312e+01 -4.375000e+00
      vertex   -4.602699e+00 -1.846042e+01 -4.555886e+00
    endloop
  endfacet
  facet normal -2.546784e-01 -8.881692e-01 -3.824844e-01
    outer loop
      vertex   -4.602699e+00 -1.846042e+01 -4.555886e+00
      vertex   -4.620825e+00 -1.853312e+01 -4.375000e+00
      vertex   -5.879220e+00 -1.809438e+01 -4.555886e+00
    endloop
  endfacet
  facet normal -7.242233e-03 -1.366518e-01 -9.905927e-01
    outer loop
      vertex   -3.485575e-01 -1.974692e+01 -4.000000e+00
      vertex   -1.740617e+00 -1.967315e+01 -4.000000e+00
      vertex   -6.824906e-01 -1.954397e+01 -4.025556e+00
    endloop
  endfacet
  facet normal -8.726751e-03 -1.247983e-01 -9.921437e-01
    outer loop
      vertex   -6.824906e-01 -1.954397e+01 -4.025556e+00
      vertex   -1.740617e+00 -1.967315e+01 -4.000000e+00
      vertex   -2.044147e+00 -1.944876e+01 -4.025556e+00
    endloop
  endfacet
  facet normal -2.670853e-02 -3.819498e-01 -9.237970e-01
    outer loop
      vertex   -6.824906e-01 -1.954397e+01 -4.025556e+00
      vertex   -2.044147e+00 -1.944876e+01 -4.025556e+00
      vertex   -2.025239e+00 -1.926886e+01 -4.100481e+00
    endloop
  endfacet
  facet normal -5.328695e-02 -3.791563e-01 -9.237970e-01
    outer loop
      vertex   -2.025239e+00 -1.926886e+01 -4.100481e+00
      vertex   -2.044147e+00 -1.944876e+01 -4.025556e+00
      vertex   -3.364433e+00 -1.908065e+01 -4.100481e+00
    endloop
  endfacet
  facet normal -8.475571e-02 -6.030682e-01 -7.931741e-01
    outer loop
      vertex   -2.025239e+00 -1.926886e+01 -4.100481e+00
      vertex   -3.364433e+00 -1.908065e+01 -4.100481e+00
      vertex   -3.337461e+00 -1.892768e+01 -4.219670e+00
    endloop
  endfacet
  facet normal -1.266172e-01 -5.956869e-01 -7.931741e-01
    outer loop
      vertex   -3.337461e+00 -1.892768e+01 -4.219670e+00
      vertex   -3.364433e+00 -1.908065e+01 -4.100481e+00
      vertex   -4.649659e+00 -1.864876e+01 -4.219670e+00
    endloop
  endfacet
  facet normal -1.649847e-01 -7.761919e-01 -6.085279e-01
    outer loop
      vertex   -3.337461e+00 -1.892768e+01 -4.219670e+00
      vertex   -4.649659e+00 -1.864876e+01 -4.219670e+00
      vertex   -4.620825e+00 -1.853312e+01 -4.375000e+00
    endloop
  endfacet
  facet normal -2.187272e-01 -7.627923e-01 -6.085279e-01
    outer loop
      vertex   -4.620825e+00 -1.853312e+01 -4.375000e+00
      vertex   -4.649659e+00 -1.864876e+01 -4.219670e+00
      vertex   -5.902373e+00 -1.816564e+01 -4.375000e+00
    endloop
  endfacet
  facet normal -2.546784e-01 -8.881692e-01 -3.824844e-01
    outer loop
      vertex   -4.620825e+00 -1.853312e+01 -4.375000e+00
      vertex   -5.902373e+00 -1.816564e+01 -4.375000e+00
      vertex   -5.879220e+00 -1.809438e+01 -4.555886e+00
    endloop
  endfacet
  facet normal -3.160136e-01 -8.682402e-01 -3.824844e-01
    outer loop
      vertex   -5.879220e+00 -1.809438e+01 -4.555886e+00
      vertex   -5.902373e+00 -1.816564e+01 -4.375000e+00
      vertex   -7.127099e+00 -1.764019e+01 -4.555886e+00
    endloop
  endfacet
  facet normal -1.683821e-02 -1.355971e-01 -9.906210e-01
    outer loop
      vertex   -1.740617e+00 -1.967315e+01 -4.000000e+00
      vertex   -3.124004e+00 -1.950136e+01 -4.000000e+00
      vertex   -2.044147e+00 -1.944876e+01 -4.025556e+00
    endloop
  endfacet
  facet normal -1.743568e-02 -1.240613e-01 -9.921214e-01
    outer loop
      vertex   -2.044147e+00 -1.944876e+01 -4.025556e+00
      vertex   -3.124004e+00 -1.950136e+01 -4.000000e+00
      vertex   -3.395844e+00 -1.925879e+01 -4.025556e+00
    endloop
  endfacet
  facet normal -5.328695e-02 -3.791563e-01 -9.237970e-01
    outer loop
      vertex   -2.044147e+00 -1.944876e+01 -4.025556e+00
      vertex   -3.395844e+00 -1.925879e+01 -4.025556e+00
      vertex   -3.364433e+00 -1.908065e+01 -4.100481e+00
    endloop
  endfacet
  facet normal -7.960575e-02 -3.745156e-01 -9.237970e-01
    outer loop
      vertex   -3.364433e+00 -1.908065e+01 -4.100481e+00
      vertex   -3.395844e+00 -1.925879e+01 -4.025556e+00
      vertex   -4.687237e+00 -1.879948e+01 -4.100481e+00
    endloop
  endfacet
  facet normal -1.266172e-01 -5.956869e-01 -7.931741e-01
    outer loop
      vertex   -3.364433e+00 -1.908065e+01 -4.100481e+00
      vertex   -4.687237e+00 -1.879948e+01 -4.100481e+00
      vertex   -4.649659e+00 -1.864876e+01 -4.219670e+00
    endloop
  endfacet
  facet normal -1.678617e-01 -5.854035e-01 -7.931741e-01
    outer loop
      vertex   -4.649659e+00 -1.864876e+01 -4.219670e+00
      vertex   -4.687237e+00 -1.879948e+01 -4.100481e+00
      vertex   -5.939205e+00 -1.827899e+01 -4.219670e+00
    endloop
  endfacet
  facet normal -2.187272e-01 -7.627923e-01 -6.085279e-01
    outer loop
      vertex   -4.649659e+00 -1.864876e+01 -4.219670e+00
      vertex   -5.939205e+00 -1.827899e+01 -4.219670e+00
      vertex   -5.902373e+00 -1.816564e+01 -4.375000e+00
    endloop
  endfacet
  facet normal -2.714041e-01 -7.456766e-01 -6.085279e-01
    outer loop
      vertex   -5.902373e+00 -1.816564e+01 -4.375000e+00
      vertex   -5.939205e+00 -1.827899e+01 -4.219670e+00
      vertex   -7.155166e+00 -1.770966e+01 -4.375000e+00
    endloop
  endfacet
  facet normal -3.160136e-01 -8.682402e-01 -3.824844e-01
    outer loop
      vertex   -5.902373e+00 -1.816564e+01 -4.375000e+00
      vertex   -7.155166e+00 -1.770966e+01 -4.375000e+00
      vertex   -7.127099e+00 -1.764019e+01 -4.555886e+00
    endloop
  endfacet
  facet normal -3.758092e-01 -8.440812e-01 -3.824844e-01
    outer loop
      vertex   -7.127099e+00 -1.764019e+01 -4.555886e+00
      vertex   -7.155166e+00 -1.770966e+01 -4.375000e+00
      vertex   -8.340255e+00 -1.710006e+01 -4.555886e+00
    endloop
  endfacet
  facet normal -2.632005e-02 -1.338626e-01 -9.906503e-01
    outer loop
      vertex   -3.124004e+00 -1.950136e+01 -4.000000e+00
      vertex   -4.491828e+00 -1.923242e+01 -4.000000e+00
      vertex   -3.395844e+00 -1.925879e+01 -4.025556e+00
    endloop
  endfacet
  facet normal -2.608583e-02 -1.227242e-01 -9.920979e-01
    outer loop
      vertex   -3.395844e+00 -1.925879e+01 -4.025556e+00
      vertex   -4.491828e+00 -1.923242e+01 -4.000000e+00
      vertex   -4.730997e+00 -1.897499e+01 -4.025556e+00
    endloop
  endfacet
  facet normal -7.960575e-02 -3.745156e-01 -9.237970e-01
    outer loop
      vertex   -3.395844e+00 -1.925879e+01 -4.025556e+00
      vertex   -4.730997e+00 -1.897499e+01 -4.025556e+00
      vertex   -4.687237e+00 -1.879948e+01 -4.100481e+00
    endloop
  endfacet
  facet normal -1.055367e-01 -3.680503e-01 -9.237970e-01
    outer loop
      vertex   -4.687237e+00 -1.879948e+01 -4.100481e+00
      vertex   -4.730997e+00 -1.897499e+01 -4.025556e+00
      vertex   -5.987204e+00 -1.842672e+01 -4.100481e+00
    endloop
  endfacet
  facet normal -1.678617e-01 -5.854035e-01 -7.931741e-01
    outer loop
      vertex   -4.687237e+00 -1.879948e+01 -4.100481e+00
      vertex   -5.987204e+00 -1.842672e+01 -4.100481e+00
      vertex   -5.939205e+00 -1.827899e+01 -4.219670e+00
    endloop
  endfacet
  facet normal -2.082885e-01 -5.722680e-01 -7.931741e-01
    outer loop
      vertex   -5.939205e+00 -1.827899e+01 -4.219670e+00
      vertex   -5.987204e+00 -1.842672e+01 -4.100481e+00
      vertex   -7.199815e+00 -1.782017e+01 -4.219670e+00
    endloop
  endfacet
  facet normal -2.714041e-01 -7.456766e-01 -6.085279e-01
    outer loop
      vertex   -5.939205e+00 -1.827899e+01 -4.219670e+00
      vertex   -7.199815e+00 -1.782017e+01 -4.219670e+00
      vertex   -7.155166e+00 -1.770966e+01 -4.375000e+00
    endloop
  endfacet
  facet normal -3.227587e-01 -7.249280e-01 -6.085279e-01
    outer loop
      vertex   -7.155166e+00 -1.770966e+01 -4.375000e+00
      vertex   -7.199815e+00 -1.782017e+01 -4.219670e+00
      vertex   -8.373100e+00 -1.716740e+01 -4.375000e+00
    endloop
  endfacet
  facet normal -3.758092e-01 -8.440812e-01 -3.824844e-01
    outer loop
      vertex   -7.155166e+00 -1.770966e+01 -4.375000e+00
      vertex   -8.373100e+00 -1.716740e+01 -4.375000e+00
      vertex   -8.340255e+00 -1.710006e+01 -4.555886e+00
    endloop
  endfacet
  facet normal -4.337739e-01 -8.158100e-01 -3.824844e-01
    outer loop
      vertex   -8.340255e+00 -1.710006e+01 -4.555886e+00
      vertex   -8.373100e+00 -1.716740e+01 -4.375000e+00
      vertex   -9.512778e+00 -1.647661e+01 -4.555886e+00
    endloop
  endfacet
  facet normal -3.563919e-02 -1.314593e-01 -9.906807e-01
    outer loop
      vertex   -4.491828e+00 -1.923242e+01 -4.000000e+00
      vertex   -5.837274e+00 -1.886766e+01 -4.000000e+00
      vertex   -4.730997e+00 -1.897499e+01 -4.025556e+00
    endloop
  endfacet
  facet normal -3.463640e-02 -1.207915e-01 -9.920735e-01
    outer loop
      vertex   -4.730997e+00 -1.897499e+01 -4.025556e+00
      vertex   -5.837274e+00 -1.886766e+01 -4.000000e+00
      vertex   -6.043101e+00 -1.859875e+01 -4.025556e+00
    endloop
  endfacet
  facet normal -1.055367e-01 -3.680503e-01 -9.237970e-01
    outer loop
      vertex   -4.730997e+00 -1.897499e+01 -4.025556e+00
      vertex   -6.043101e+00 -1.859875e+01 -4.025556e+00
      vertex   -5.987204e+00 -1.842672e+01 -4.100481e+00
    endloop
  endfacet
  facet normal -1.309535e-01 -3.597919e-01 -9.237970e-01
    outer loop
      vertex   -5.987204e+00 -1.842672e+01 -4.100481e+00
      vertex   -6.043101e+00 -1.859875e+01 -4.025556e+00
      vertex   -7.258003e+00 -1.796419e+01 -4.100481e+00
    endloop
  endfacet
  facet normal -2.082885e-01 -5.722680e-01 -7.931741e-01
    outer loop
      vertex   -5.987204e+00 -1.842672e+01 -4.100481e+00
      vertex   -7.258003e+00 -1.796419e+01 -4.100481e+00
      vertex   -7.199815e+00 -1.782017e+01 -4.219670e+00
    endloop
  endfacet
  facet normal -2.477005e-01 -5.563445e-01 -7.931741e-01
    outer loop
      vertex   -7.199815e+00 -1.782017e+01 -4.219670e+00
      vertex   -7.258003e+00 -1.796419e+01 -4.100481e+00
      vertex   -8.425349e+00 -1.727453e+01 -4.219670e+00
    endloop
  endfacet
  facet normal -3.227587e-01 -7.249280e-01 -6.085279e-01
    outer loop
      vertex   -7.199815e+00 -1.782017e+01 -4.219670e+00
      vertex   -8.425349e+00 -1.727453e+01 -4.219670e+00
      vertex   -8.373100e+00 -1.716740e+01 -4.375000e+00
    endloop
  endfacet
  facet normal -3.725409e-01 -7.006476e-01 -6.085279e-01
    outer loop
      vertex   -8.373100e+00 -1.716740e+01 -4.375000e+00
      vertex   -8.425349e+00 -1.727453e+01 -4.219670e+00
      vertex   -9.550241e+00 -1.654150e+01 -4.375000e+00
    endloop
  endfacet
  facet normal -4.337739e-01 -8.158100e-01 -3.824844e-01
    outer loop
      vertex   -8.373100e+00 -1.716740e+01 -4.375000e+00
      vertex   -9.550241e+00 -1.654150e+01 -4.375000e+00
      vertex   -9.512778e+00 -1.647661e+01 -4.555886e+00
    endloop
  endfacet
  facet normal -4.896252e-01 -7.835642e-01 -3.824844e-01
    outer loop
      vertex   -9.512778e+00 -1.647661e+01 -4.555886e+00
      vertex   -9.550241e+00 -1.654150e+01 -4.375000e+00
      vertex   -1.063896e+01 -1.577290e+01 -4.555886e+00
    endloop
  endfacet
  facet normal -4.474808e-02 -1.284017e-01 -9.907122e-01
    outer loop
      vertex   -5.837274e+00 -1.886766e+01 -4.000000e+00
      vertex   -7.153639e+00 -1.840891e+01 -4.000000e+00
      vertex   -6.043101e+00 -1.859875e+01 -4.025556e+00
    endloop
  endfacet
  facet normal -4.304690e-02 -1.182704e-01 -9.920479e-01
    outer loop
      vertex   -6.043101e+00 -1.859875e+01 -4.025556e+00
      vertex   -7.153639e+00 -1.840891e+01 -4.000000e+00
      vertex   -7.325764e+00 -1.813190e+01 -4.025556e+00
    endloop
  endfacet
  facet normal -1.309535e-01 -3.597919e-01 -9.237970e-01
    outer loop
      vertex   -6.043101e+00 -1.859875e+01 -4.025556e+00
      vertex   -7.325764e+00 -1.813190e+01 -4.025556e+00
      vertex   -7.258003e+00 -1.796419e+01 -4.100481e+00
    endloop
  endfacet
  facet normal -1.557323e-01 -3.497806e-01 -9.237970e-01
    outer loop
      vertex   -7.258003e+00 -1.796419e+01 -4.100481e+00
      vertex   -7.325764e+00 -1.813190e+01 -4.025556e+00
      vertex   -8.493441e+00 -1.741413e+01 -4.100481e+00
    endloop
  endfacet
  facet normal -2.477005e-01 -5.563445e-01 -7.931741e-01
    outer loop
      vertex   -7.258003e+00 -1.796419e+01 -4.100481e+00
      vertex   -8.493441e+00 -1.741413e+01 -4.100481e+00
      vertex   -8.425349e+00 -1.727453e+01 -4.219670e+00
    endloop
  endfacet
  facet normal -2.859058e-01 -5.377106e-01 -7.931741e-01
    outer loop
      vertex   -8.425349e+00 -1.727453e+01 -4.219670e+00
      vertex   -8.493441e+00 -1.741413e+01 -4.100481e+00
      vertex   -9.609835e+00 -1.664472e+01 -4.219670e+00
    endloop
  endfacet
  facet normal -3.725409e-01 -7.006476e-01 -6.085279e-01
    outer loop
      vertex   -8.425349e+00 -1.727453e+01 -4.219670e+00
      vertex   -9.609835e+00 -1.664472e+01 -4.219670e+00
      vertex   -9.550241e+00 -1.654150e+01 -4.375000e+00
    endloop
  endfacet
  facet normal -4.205081e-01 -6.729537e-01 -6.085279e-01
    outer loop
      vertex   -9.550241e+00 -1.654150e+01 -4.375000e+00
      vertex   -9.609835e+00 -1.664472e+01 -4.219670e+00
      vertex   -1.068085e+01 -1.583502e+01 -4.375000e+00
    endloop
  endfacet
  facet normal -4.896252e-01 -7.835642e-01 -3.824844e-01
    outer loop
      vertex   -9.550241e+00 -1.654150e+01 -4.375000e+00
      vertex   -1.068085e+01 -1.583502e+01 -4.375000e+00
      vertex   -1.063896e+01 -1.577290e+01 -4.555886e+00
    endloop
  endfacet
  facet normal -5.430912e-01 -7.475009e-01 -3.824844e-01
    outer loop
      vertex   -1.063896e+01 -1.577290e+01 -4.555886e+00
      vertex   -1.068085e+01 -1.583502e+01 -4.375000e+00
      vertex   -1.171330e+01 -1.499234e+01 -4.555886e+00
    endloop
  endfacet
  facet normal -5.360044e-02 -1.247078e-01 -9.907446e-01
    outer loop
      vertex   -7.153639e+00 -1.840891e+01 -4.000000e+00
      vertex   -8.434365e+00 -1.785844e+01 -4.000000e+00
      vertex   -7.325764e+00 -1.813190e+01 -4.025556e+00
    endloop
  endfacet
  facet normal -5.127741e-02 -1.151709e-01 -9.920213e-01
    outer loop
      vertex   -7.325764e+00 -1.813190e+01 -4.025556e+00
      vertex   -8.434365e+00 -1.785844e+01 -4.000000e+00
      vertex   -8.572736e+00 -1.757671e+01 -4.025556e+00
    endloop
  endfacet
  facet normal -1.557323e-01 -3.497806e-01 -9.237970e-01
    outer loop
      vertex   -7.325764e+00 -1.813190e+01 -4.025556e+00
      vertex   -8.572736e+00 -1.757671e+01 -4.025556e+00
      vertex   -8.493441e+00 -1.741413e+01 -4.100481e+00
    endloop
  endfacet
  facet normal -1.797524e-01 -3.380652e-01 -9.237970e-01
    outer loop
      vertex   -8.493441e+00 -1.741413e+01 -4.100481e+00
      vertex   -8.572736e+00 -1.757671e+01 -4.025556e+00
      vertex   -9.687500e+00 -1.677924e+01 -4.100481e+00
    endloop
  endfacet
  facet normal -2.859058e-01 -5.377106e-01 -7.931741e-01
    outer loop
      vertex   -8.493441e+00 -1.741413e+01 -4.100481e+00
      vertex   -9.687500e+00 -1.677924e+01 -4.100481e+00
      vertex   -9.609835e+00 -1.664472e+01 -4.219670e+00
    endloop
  endfacet
  facet normal -3.227181e-01 -5.164570e-01 -7.931741e-01
    outer loop
      vertex   -9.609835e+00 -1.664472e+01 -4.219670e+00
      vertex   -9.687500e+00 -1.677924e+01 -4.100481e+00
      vertex   -1.074750e+01 -1.593383e+01 -4.219670e+00
    endloop
  endfacet
  facet normal -4.205081e-01 -6.729537e-01 -6.085279e-01
    outer loop
      vertex   -9.609835e+00 -1.664472e+01 -4.219670e+00
      vertex   -1.074750e+01 -1.593383e+01 -4.219670e+00
      vertex   -1.068085e+01 -1.583502e+01 -4.375000e+00
    endloop
  endfacet
  facet normal -4.664267e-01 -6.419812e-01 -6.085279e-01
    outer loop
      vertex   -1.068085e+01 -1.583502e+01 -4.375000e+00
      vertex   -1.074750e+01 -1.593383e+01 -4.219670e+00
      vertex   -1.175943e+01 -1.505138e+01 -4.375000e+00
    endloop
  endfacet
  facet normal -5.430912e-01 -7.475009e-01 -3.824844e-01
    outer loop
      vertex   -1.068085e+01 -1.583502e+01 -4.375000e+00
      vertex   -1.175943e+01 -1.505138e+01 -4.375000e+00
      vertex   -1.171330e+01 -1.499234e+01 -4.555886e+00
    endloop
  endfacet
  facet normal -5.939113e-01 -7.077959e-01 -3.824844e-01
    outer loop
      vertex   -1.171330e+01 -1.499234e+01 -4.555886e+00
      vertex   -1.175943e+01 -1.505138e+01 -4.375000e+00
      vertex   -1.273058e+01 -1.413874e+01 -4.555886e+00
    endloop
  endfacet
  facet normal -6.215153e-02 -1.203990e-01 -9.907781e-01
    outer loop
      vertex   -8.434365e+00 -1.785844e+01 -4.000000e+00
      vertex   -9.673071e+00 -1.721901e+01 -4.000000e+00
      vertex   -8.572736e+00 -1.757671e+01 -4.025556e+00
    endloop
  endfacet
  facet normal -5.928866e-02 -1.115058e-01 -9.919936e-01
    outer loop
      vertex   -8.572736e+00 -1.757671e+01 -4.025556e+00
      vertex   -9.673071e+00 -1.721901e+01 -4.000000e+00
      vertex   -9.777943e+00 -1.693589e+01 -4.025556e+00
    endloop
  endfacet
  facet normal -1.797524e-01 -3.380652e-01 -9.237970e-01
    outer loop
      vertex   -8.572736e+00 -1.757671e+01 -4.025556e+00
      vertex   -9.777943e+00 -1.693589e+01 -4.025556e+00
      vertex   -9.687500e+00 -1.677924e+01 -4.100481e+00
    endloop
  endfacet
  facet normal -2.028968e-01 -3.247028e-01 -9.237970e-01
    outer loop
      vertex   -9.687500e+00 -1.677924e+01 -4.100481e+00
      vertex   -9.777943e+00 -1.693589e+01 -4.025556e+00
      vertex   -1.083436e+01 -1.606260e+01 -4.100481e+00
    endloop
  endfacet
  facet normal -3.227181e-01 -5.164570e-01 -7.931741e-01
    outer loop
      vertex   -9.687500e+00 -1.677924e+01 -4.100481e+00
      vertex   -1.083436e+01 -1.606260e+01 -4.100481e+00
      vertex   -1.074750e+01 -1.593383e+01 -4.219670e+00
    endloop
  endfacet
  facet normal -3.579582e-01 -4.926872e-01 -7.931741e-01
    outer loop
      vertex   -1.074750e+01 -1.593383e+01 -4.219670e+00
      vertex   -1.083436e+01 -1.606260e+01 -4.100481e+00
      vertex   -1.183281e+01 -1.514531e+01 -4.219670e+00
    endloop
  endfacet
  facet normal -4.664267e-01 -6.419812e-01 -6.085279e-01
    outer loop
      vertex   -1.074750e+01 -1.593383e+01 -4.219670e+00
      vertex   -1.183281e+01 -1.514531e+01 -4.219670e+00
      vertex   -1.175943e+01 -1.505138e+01 -4.375000e+00
    endloop
  endfacet
  facet normal -5.100728e-01 -6.078811e-01 -6.085279e-01
    outer loop
      vertex   -1.175943e+01 -1.505138e+01 -4.375000e+00
      vertex   -1.183281e+01 -1.514531e+01 -4.219670e+00
      vertex   -1.278072e+01 -1.419442e+01 -4.375000e+00
    endloop
  endfacet
  facet normal -5.939113e-01 -7.077959e-01 -3.824844e-01
    outer loop
      vertex   -1.175943e+01 -1.505138e+01 -4.375000e+00
      vertex   -1.278072e+01 -1.419442e+01 -4.375000e+00
      vertex   -1.273058e+01 -1.413874e+01 -4.555886e+00
    endloop
  endfacet
  facet normal -6.418379e-01 -6.646426e-01 -3.824844e-01
    outer loop
      vertex   -1.273058e+01 -1.413874e+01 -4.555886e+00
      vertex   -1.278072e+01 -1.419442e+01 -4.375000e+00
      vertex   -1.368584e+01 -1.321626e+01 -4.555886e+00
    endloop
  endfacet
  facet normal -7.035834e-02 -1.154996e-01 -9.908126e-01
    outer loop
      vertex   -9.673071e+00 -1.721901e+01 -4.000000e+00
      vertex   -1.086359e+01 -1.649379e+01 -4.000000e+00
      vertex   -9.777943e+00 -1.693589e+01 -4.025556e+00
    endloop
  endfacet
  facet normal -6.704229e-02 -1.072901e-01 -9.919648e-01
    outer loop
      vertex   -9.777943e+00 -1.693589e+01 -4.025556e+00
      vertex   -1.086359e+01 -1.649379e+01 -4.000000e+00
      vertex   -1.093551e+01 -1.621256e+01 -4.025556e+00
    endloop
  endfacet
  facet normal -2.028968e-01 -3.247028e-01 -9.237970e-01
    outer loop
      vertex   -9.777943e+00 -1.693589e+01 -4.025556e+00
      vertex   -1.093551e+01 -1.621256e+01 -4.025556e+00
      vertex   -1.083436e+01 -1.606260e+01 -4.100481e+00
    endloop
  endfacet
  facet normal -2.250527e-01 -3.097585e-01 -9.237970e-01
    outer loop
      vertex   -1.083436e+01 -1.606260e+01 -4.100481e+00
      vertex   -1.093551e+01 -1.621256e+01 -4.025556e+00
      vertex   -1.192844e+01 -1.526771e+01 -4.100481e+00
    endloop
  endfacet
  facet normal -3.579582e-01 -4.926872e-01 -7.931741e-01
    outer loop
      vertex   -1.083436e+01 -1.606260e+01 -4.100481e+00
      vertex   -1.192844e+01 -1.526771e+01 -4.100481e+00
      vertex   -1.183281e+01 -1.514531e+01 -4.219670e+00
    endloop
  endfacet
  facet normal -3.914544e-01 -4.665172e-01 -7.931741e-01
    outer loop
      vertex   -1.183281e+01 -1.514531e+01 -4.219670e+00
      vertex   -1.192844e+01 -1.526771e+01 -4.100481e+00
      vertex   -1.286047e+01 -1.428300e+01 -4.219670e+00
    endloop
  endfacet
  facet normal -5.100728e-01 -6.078811e-01 -6.085279e-01
    outer loop
      vertex   -1.183281e+01 -1.514531e+01 -4.219670e+00
      vertex   -1.286047e+01 -1.428300e+01 -4.219670e+00
      vertex   -1.278072e+01 -1.419442e+01 -4.375000e+00
    endloop
  endfacet
  facet normal -5.512340e-01 -5.708195e-01 -6.085279e-01
    outer loop
      vertex   -1.278072e+01 -1.419442e+01 -4.375000e+00
      vertex   -1.286047e+01 -1.428300e+01 -4.219670e+00
      vertex   -1.373974e+01 -1.326831e+01 -4.375000e+00
    endloop
  endfacet
  facet normal -6.418379e-01 -6.646426e-01 -3.824844e-01
    outer loop
      vertex   -1.278072e+01 -1.419442e+01 -4.375000e+00
      vertex   -1.373974e+01 -1.326831e+01 -4.375000e+00
      vertex   -1.368584e+01 -1.321626e+01 -4.555886e+00
    endloop
  endfacet
  facet normal -6.866375e-01 -6.182512e-01 -3.824844e-01
    outer loop
      vertex   -1.368584e+01 -1.321626e+01 -4.555886e+00
      vertex   -1.373974e+01 -1.326831e+01 -4.375000e+00
      vertex   -1.457442e+01 -1.222939e+01 -4.555886e+00
    endloop
  endfacet
  facet normal -7.817987e-02 -1.100372e-01 -9.908480e-01
    outer loop
      vertex   -1.086359e+01 -1.649379e+01 -4.000000e+00
      vertex   -1.199998e+01 -1.568640e+01 -4.000000e+00
      vertex   -1.093551e+01 -1.621256e+01 -4.025556e+00
    endloop
  endfacet
  facet normal -7.450097e-02 -1.025418e-01 -9.919349e-01
    outer loop
      vertex   -1.093551e+01 -1.621256e+01 -4.025556e+00
      vertex   -1.199998e+01 -1.568640e+01 -4.000000e+00
      vertex   -1.203981e+01 -1.541025e+01 -4.025556e+00
    endloop
  endfacet
  facet normal -2.250527e-01 -3.097585e-01 -9.237970e-01
    outer loop
      vertex   -1.093551e+01 -1.621256e+01 -4.025556e+00
      vertex   -1.203981e+01 -1.541025e+01 -4.025556e+00
      vertex   -1.192844e+01 -1.526771e+01 -4.100481e+00
    endloop
  endfacet
  facet normal -2.461121e-01 -2.933050e-01 -9.237970e-01
    outer loop
      vertex   -1.192844e+01 -1.526771e+01 -4.100481e+00
      vertex   -1.203981e+01 -1.541025e+01 -4.025556e+00
      vertex   -1.296441e+01 -1.439843e+01 -4.100481e+00
    endloop
  endfacet
  facet normal -3.914544e-01 -4.665172e-01 -7.931741e-01
    outer loop
      vertex   -1.192844e+01 -1.526771e+01 -4.100481e+00
      vertex   -1.296441e+01 -1.439843e+01 -4.100481e+00
      vertex   -1.286047e+01 -1.428300e+01 -4.219670e+00
    endloop
  endfacet
  facet normal -4.230434e-01 -4.380743e-01 -7.931741e-01
    outer loop
      vertex   -1.286047e+01 -1.428300e+01 -4.219670e+00
      vertex   -1.296441e+01 -1.439843e+01 -4.100481e+00
      vertex   -1.382547e+01 -1.335110e+01 -4.219670e+00
    endloop
  endfacet
  facet normal -5.512340e-01 -5.708195e-01 -6.085279e-01
    outer loop
      vertex   -1.286047e+01 -1.428300e+01 -4.219670e+00
      vertex   -1.382547e+01 -1.335110e+01 -4.219670e+00
      vertex   -1.373974e+01 -1.326831e+01 -4.375000e+00
    endloop
  endfacet
  facet normal -5.897095e-01 -5.309768e-01 -6.085279e-01
    outer loop
      vertex   -1.373974e+01 -1.326831e+01 -4.375000e+00
      vertex   -1.382547e+01 -1.335110e+01 -4.219670e+00
      vertex   -1.463182e+01 -1.227755e+01 -4.375000e+00
    endloop
  endfacet
  facet normal -6.866375e-01 -6.182512e-01 -3.824844e-01
    outer loop
      vertex   -1.373974e+01 -1.326831e+01 -4.375000e+00
      vertex   -1.463182e+01 -1.227755e+01 -4.375000e+00
      vertex   -1.457442e+01 -1.222939e+01 -4.555886e+00
    endloop
  endfacet
  facet normal -7.280919e-01 -5.688478e-01 -3.824844e-01
    outer loop
      vertex   -1.457442e+01 -1.222939e+01 -4.555886e+00
      vertex   -1.463182e+01 -1.227755e+01 -4.375000e+00
      vertex   -1.539200e+01 -1.118294e+01 -4.555886e+00
    endloop
  endfacet
  facet normal -8.557728e-02 -1.040420e-01 -9.908843e-01
    outer loop
      vertex   -1.199998e+01 -1.568640e+01 -4.000000e+00
      vertex   -1.307659e+01 -1.480085e+01 -4.000000e+00
      vertex   -1.203981e+01 -1.541025e+01 -4.025556e+00
    endloop
  endfacet
  facet normal -8.162859e-02 -9.728117e-02 -9.919038e-01
    outer loop
      vertex   -1.203981e+01 -1.541025e+01 -4.025556e+00
      vertex   -1.307659e+01 -1.480085e+01 -4.000000e+00
      vertex   -1.308544e+01 -1.453286e+01 -4.025556e+00
    endloop
  endfacet
  facet normal -2.461121e-01 -2.933050e-01 -9.237970e-01
    outer loop
      vertex   -1.203981e+01 -1.541025e+01 -4.025556e+00
      vertex   -1.308544e+01 -1.453286e+01 -4.025556e+00
      vertex   -1.296441e+01 -1.439843e+01 -4.100481e+00
    endloop
  endfacet
  facet normal -2.659725e-01 -2.754226e-01 -9.237970e-01
    outer loop
      vertex   -1.296441e+01 -1.439843e+01 -4.100481e+00
      vertex   -1.308544e+01 -1.453286e+01 -4.025556e+00
      vertex   -1.393721e+01 -1.345901e+01 -4.100481e+00
    endloop
  endfacet
  facet normal -4.230434e-01 -4.380743e-01 -7.931741e-01
    outer loop
      vertex   -1.296441e+01 -1.439843e+01 -4.100481e+00
      vertex   -1.393721e+01 -1.345901e+01 -4.100481e+00
      vertex   -1.382547e+01 -1.335110e+01 -4.219670e+00
    endloop
  endfacet
  facet normal -4.525714e-01 -4.074971e-01 -7.931741e-01
    outer loop
      vertex   -1.382547e+01 -1.335110e+01 -4.219670e+00
      vertex   -1.393721e+01 -1.345901e+01 -4.100481e+00
      vertex   -1.472312e+01 -1.235417e+01 -4.219670e+00
    endloop
  endfacet
  facet normal -5.897095e-01 -5.309768e-01 -6.085279e-01
    outer loop
      vertex   -1.382547e+01 -1.335110e+01 -4.219670e+00
      vertex   -1.472312e+01 -1.235417e+01 -4.219670e+00
      vertex   -1.463182e+01 -1.227755e+01 -4.375000e+00
    endloop
  endfacet
  facet normal -6.253121e-01 -4.885474e-01 -6.085279e-01
    outer loop
      vertex   -1.463182e+01 -1.227755e+01 -4.375000e+00
      vertex   -1.472312e+01 -1.235417e+01 -4.219670e+00
      vertex   -1.545261e+01 -1.122698e+01 -4.375000e+00
    endloop
  endfacet
  facet normal -7.280919e-01 -5.688478e-01 -3.824844e-01
    outer loop
      vertex   -1.463182e+01 -1.227755e+01 -4.375000e+00
      vertex   -1.545261e+01 -1.122698e+01 -4.375000e+00
      vertex   -1.539200e+01 -1.118294e+01 -4.555886e+00
    endloop
  endfacet
  facet normal -7.659992e-01 -5.166730e-01 -3.824844e-01
    outer loop
      vertex   -1.539200e+01 -1.118294e+01 -4.555886e+00
      vertex   -1.545261e+01 -1.122698e+01 -4.375000e+00
      vertex   -1.613459e+01 -1.008201e+01 -4.555886e+00
    endloop
  endfacet
  facet normal -9.251416e-02 -9.754704e-02 -9.909216e-01
    outer loop
      vertex   -1.307659e+01 -1.480085e+01 -4.000000e+00
      vertex   -1.408805e+01 -1.384158e+01 -4.000000e+00
      vertex   -1.308544e+01 -1.453286e+01 -4.025556e+00
    endloop
  endfacet
  facet normal -8.839043e-02 -9.153097e-02 -9.918716e-01
    outer loop
      vertex   -1.308544e+01 -1.453286e+01 -4.025556e+00
      vertex   -1.408805e+01 -1.384158e+01 -4.000000e+00
      vertex   -1.406733e+01 -1.358466e+01 -4.025556e+00
    endloop
  endfacet
  facet normal -2.659725e-01 -2.754226e-01 -9.237970e-01
    outer loop
      vertex   -1.308544e+01 -1.453286e+01 -4.025556e+00
      vertex   -1.406733e+01 -1.358466e+01 -4.025556e+00
      vertex   -1.393721e+01 -1.345901e+01 -4.100481e+00
    endloop
  endfacet
  facet normal -2.845372e-01 -2.561984e-01 -9.237970e-01
    outer loop
      vertex   -1.393721e+01 -1.345901e+01 -4.100481e+00
      vertex   -1.406733e+01 -1.358466e+01 -4.025556e+00
      vertex   -1.484211e+01 -1.245401e+01 -4.100481e+00
    endloop
  endfacet
  facet normal -4.525714e-01 -4.074971e-01 -7.931741e-01
    outer loop
      vertex   -1.393721e+01 -1.345901e+01 -4.100481e+00
      vertex   -1.484211e+01 -1.245401e+01 -4.100481e+00
      vertex   -1.472312e+01 -1.235417e+01 -4.219670e+00
    endloop
  endfacet
  facet normal -4.798945e-01 -3.749347e-01 -7.931741e-01
    outer loop
      vertex   -1.472312e+01 -1.235417e+01 -4.219670e+00
      vertex   -1.484211e+01 -1.245401e+01 -4.100481e+00
      vertex   -1.554904e+01 -1.129704e+01 -4.219670e+00
    endloop
  endfacet
  facet normal -6.253121e-01 -4.885474e-01 -6.085279e-01
    outer loop
      vertex   -1.472312e+01 -1.235417e+01 -4.219670e+00
      vertex   -1.554904e+01 -1.129704e+01 -4.219670e+00
      vertex   -1.545261e+01 -1.122698e+01 -4.375000e+00
    endloop
  endfacet
  facet normal -6.578682e-01 -4.437377e-01 -6.085279e-01
    outer loop
      vertex   -1.545261e+01 -1.122698e+01 -4.375000e+00
      vertex   -1.554904e+01 -1.129704e+01 -4.219670e+00
      vertex   -1.619813e+01 -1.012171e+01 -4.375000e+00
    endloop
  endfacet
  facet normal -7.659992e-01 -5.166730e-01 -3.824844e-01
    outer loop
      vertex   -1.545261e+01 -1.122698e+01 -4.375000e+00
      vertex   -1.619813e+01 -1.012171e+01 -4.375000e+00
      vertex   -1.613459e+01 -1.008201e+01 -4.555886e+00
    endloop
  endfacet
  facet normal -8.001745e-01 -4.619810e-01 -3.824844e-01
    outer loop
      vertex   -1.613459e+01 -1.008201e+01 -4.555886e+00
      vertex   -1.619813e+01 -1.012171e+01 -4.375000e+00
      vertex   -1.679857e+01 -8.931957e+00 -4.555886e+00
    endloop
  endfacet
  facet normal -9.895666e-02 -9.058786e-02 -9.909598e-01
    outer loop
      vertex   -1.408805e+01 -1.384158e+01 -4.000000e+00
      vertex   -1.502933e+01 -1.281334e+01 -4.000000e+00
      vertex   -1.406733e+01 -1.358466e+01 -4.025556e+00
    endloop
  endfacet
  facet normal -9.475332e-02 -8.531627e-02 -9.918382e-01
    outer loop
      vertex   -1.406733e+01 -1.358466e+01 -4.025556e+00
      vertex   -1.502933e+01 -1.281334e+01 -4.000000e+00
      vertex   -1.498068e+01 -1.257028e+01 -4.025556e+00
    endloop
  endfacet
  facet normal -2.845372e-01 -2.561984e-01 -9.237970e-01
    outer loop
      vertex   -1.406733e+01 -1.358466e+01 -4.025556e+00
      vertex   -1.498068e+01 -1.257028e+01 -4.025556e+00
      vertex   -1.484211e+01 -1.245401e+01 -4.100481e+00
    endloop
  endfacet
  facet normal -3.017155e-01 -2.357260e-01 -9.237970e-01
    outer loop
      vertex   -1.484211e+01 -1.245401e+01 -4.100481e+00
      vertex   -1.498068e+01 -1.257028e+01 -4.025556e+00
      vertex   -1.567470e+01 -1.138834e+01 -4.100481e+00
    endloop
  endfacet
  facet normal -4.798945e-01 -3.749347e-01 -7.931741e-01
    outer loop
      vertex   -1.484211e+01 -1.245401e+01 -4.100481e+00
      vertex   -1.567470e+01 -1.138834e+01 -4.100481e+00
      vertex   -1.554904e+01 -1.129704e+01 -4.219670e+00
    endloop
  endfacet
  facet normal -5.048797e-01 -3.405456e-01 -7.931741e-01
    outer loop
      vertex   -1.554904e+01 -1.129704e+01 -4.219670e+00
      vertex   -1.567470e+01 -1.138834e+01 -4.100481e+00
      vertex   -1.629920e+01 -1.018487e+01 -4.219670e+00
    endloop
  endfacet
  facet normal -6.578682e-01 -4.437377e-01 -6.085279e-01
    outer loop
      vertex   -1.554904e+01 -1.129704e+01 -4.219670e+00
      vertex   -1.629920e+01 -1.018487e+01 -4.219670e+00
      vertex   -1.619813e+01 -1.012171e+01 -4.375000e+00
    endloop
  endfacet
  facet normal -6.872193e-01 -3.967662e-01 -6.085279e-01
    outer loop
      vertex   -1.619813e+01 -1.012171e+01 -4.375000e+00
      vertex   -1.629920e+01 -1.018487e+01 -4.219670e+00
      vertex   -1.686472e+01 -8.967133e+00 -4.375000e+00
    endloop
  endfacet
  facet normal -8.001745e-01 -4.619810e-01 -3.824844e-01
    outer loop
      vertex   -1.619813e+01 -1.012171e+01 -4.375000e+00
      vertex   -1.686472e+01 -8.967133e+00 -4.375000e+00
      vertex   -1.679857e+01 -8.931957e+00 -4.555886e+00
    endloop
  endfacet
  facet normal -8.304515e-01 -4.050383e-01 -3.824844e-01
    outer loop
      vertex   -1.679857e+01 -8.931957e+00 -4.555886e+00
      vertex   -1.686472e+01 -8.967133e+00 -4.375000e+00
      vertex   -1.738071e+01 -7.738391e+00 -4.555886e+00
    endloop
  endfacet
  facet normal -1.048737e-01 -8.320224e-02 -9.909989e-01
    outer loop
      vertex   -1.502933e+01 -1.281334e+01 -4.000000e+00
      vertex   -1.589573e+01 -1.172127e+01 -4.000000e+00
      vertex   -1.498068e+01 -1.257028e+01 -4.025556e+00
    endloop
  endfacet
  facet normal -1.006858e-01 -7.866433e-02 -9.918036e-01
    outer loop
      vertex   -1.498068e+01 -1.257028e+01 -4.025556e+00
      vertex   -1.589573e+01 -1.172127e+01 -4.000000e+00
      vertex   -1.582104e+01 -1.149466e+01 -4.025556e+00
    endloop
  endfacet
  facet normal -3.017155e-01 -2.357260e-01 -9.237970e-01
    outer loop
      vertex   -1.498068e+01 -1.257028e+01 -4.025556e+00
      vertex   -1.582104e+01 -1.149466e+01 -4.025556e+00
      vertex   -1.567470e+01 -1.138834e+01 -4.100481e+00
    endloop
  endfacet
  facet normal -3.174240e-01 -2.141052e-01 -9.237970e-01
    outer loop
      vertex   -1.567470e+01 -1.138834e+01 -4.100481e+00
      vertex   -1.582104e+01 -1.149466e+01 -4.025556e+00
      vertex   -1.643093e+01 -1.026719e+01 -4.100481e+00
    endloop
  endfacet
  facet normal -5.048797e-01 -3.405456e-01 -7.931741e-01
    outer loop
      vertex   -1.567470e+01 -1.138834e+01 -4.100481e+00
      vertex   -1.643093e+01 -1.026719e+01 -4.100481e+00
      vertex   -1.629920e+01 -1.018487e+01 -4.219670e+00
    endloop
  endfacet
  facet normal -5.274051e-01 -3.044975e-01 -7.931741e-01
    outer loop
      vertex   -1.629920e+01 -1.018487e+01 -4.219670e+00
      vertex   -1.643093e+01 -1.026719e+01 -4.100481e+00
      vertex   -1.696996e+01 -9.023089e+00 -4.219670e+00
    endloop
  endfacet
  facet normal -6.872193e-01 -3.967662e-01 -6.085279e-01
    outer loop
      vertex   -1.629920e+01 -1.018487e+01 -4.219670e+00
      vertex   -1.696996e+01 -9.023089e+00 -4.219670e+00
      vertex   -1.686472e+01 -8.967133e+00 -4.375000e+00
    endloop
  endfacet
  facet normal -7.132222e-01 -3.478617e-01 -6.085279e-01
    outer loop
      vertex   -1.686472e+01 -8.967133e+00 -4.375000e+00
      vertex   -1.696996e+01 -9.023089e+00 -4.219670e+00
      vertex   -1.744916e+01 -7.768866e+00 -4.375000e+00
    endloop
  endfacet
  facet normal -8.304515e-01 -4.050383e-01 -3.824844e-01
    outer loop
      vertex   -1.686472e+01 -8.967133e+00 -4.375000e+00
      vertex   -1.744916e+01 -7.768866e+00 -4.375000e+00
      vertex   -1.738071e+01 -7.738391e+00 -4.555886e+00
    endloop
  endfacet
  facet normal -8.566826e-01 -3.461222e-01 -3.824844e-01
    outer loop
      vertex   -1.738071e+01 -7.738391e+00 -4.555886e+00
      vertex   -1.744916e+01 -7.768866e+00 -4.375000e+00
      vertex   -1.787817e+01 -6.507123e+00 -4.555886e+00
    endloop
  endfacet
  facet normal -1.102370e-01 -7.543005e-02 -9.910389e-01
    outer loop
      vertex   -1.589573e+01 -1.172127e+01 -4.000000e+00
      vertex   -1.668294e+01 -1.057080e+01 -4.000000e+00
      vertex   -1.582104e+01 -1.149466e+01 -4.025556e+00
    endloop
  endfacet
  facet normal -1.061581e-01 -7.160454e-02 -9.917677e-01
    outer loop
      vertex   -1.582104e+01 -1.149466e+01 -4.025556e+00
      vertex   -1.668294e+01 -1.057080e+01 -4.000000e+00
      vertex   -1.658433e+01 -1.036304e+01 -4.025556e+00
    endloop
  endfacet
  facet normal -3.174240e-01 -2.141052e-01 -9.237970e-01
    outer loop
      vertex   -1.582104e+01 -1.149466e+01 -4.025556e+00
      vertex   -1.658433e+01 -1.036304e+01 -4.025556e+00
      vertex   -1.643093e+01 -1.026719e+01 -4.100481e+00
    endloop
  endfacet
  facet normal -3.315860e-01 -1.914413e-01 -9.237970e-01
    outer loop
      vertex   -1.643093e+01 -1.026719e+01 -4.100481e+00
      vertex   -1.658433e+01 -1.036304e+01 -4.025556e+00
      vertex   -1.710711e+01 -9.096012e+00 -4.100481e+00
    endloop
  endfacet
  facet normal -5.274051e-01 -3.044975e-01 -7.931741e-01
    outer loop
      vertex   -1.643093e+01 -1.026719e+01 -4.100481e+00
      vertex   -1.710711e+01 -9.096012e+00 -4.100481e+00
      vertex   -1.696996e+01 -9.023089e+00 -4.219670e+00
    endloop
  endfacet
  facet normal -5.473610e-01 -2.669658e-01 -7.931741e-01
    outer loop
      vertex   -1.696996e+01 -9.023089e+00 -4.219670e+00
      vertex   -1.710711e+01 -9.096012e+00 -4.100481e+00
      vertex   -1.755804e+01 -7.817344e+00 -4.219670e+00
    endloop
  endfacet
  facet normal -7.132222e-01 -3.478617e-01 -6.085279e-01
    outer loop
      vertex   -1.696996e+01 -9.023089e+00 -4.219670e+00
      vertex   -1.755804e+01 -7.817344e+00 -4.219670e+00
      vertex   -1.744916e+01 -7.768866e+00 -4.375000e+00
    endloop
  endfacet
  facet normal -7.357505e-01 -2.972625e-01 -6.085279e-01
    outer loop
      vertex   -1.744916e+01 -7.768866e+00 -4.375000e+00
      vertex   -1.755804e+01 -7.817344e+00 -4.219670e+00
      vertex   -1.794858e+01 -6.532749e+00 -4.375000e+00
    endloop
  endfacet
  facet normal -8.566826e-01 -3.461222e-01 -3.824844e-01
    outer loop
      vertex   -1.744916e+01 -7.768866e+00 -4.375000e+00
      vertex   -1.794858e+01 -6.532749e+00 -4.375000e+00
      vertex   -1.787817e+01 -6.507123e+00 -4.555886e+00
    endloop
  endfacet
  facet normal -8.787400e-01 -2.855199e-01 -3.824844e-01
    outer loop
      vertex   -1.787817e+01 -6.507123e+00 -4.555886e+00
      vertex   -1.794858e+01 -6.532749e+00 -4.375000e+00
      vertex   -1.828854e+01 -5.244154e+00 -4.555886e+00
    endloop
  endfacet
  facet normal -1.150215e-01 -6.731303e-02 -9.910797e-01
    outer loop
      vertex   -1.668294e+01 -1.057080e+01 -4.000000e+00
      vertex   -1.738704e+01 -9.367675e+00 -4.000000e+00
      vertex   -1.658433e+01 -1.036304e+01 -4.025556e+00
    endloop
  endfacet
  facet normal -1.111427e-01 -6.416826e-02 -9.917307e-01
    outer loop
      vertex   -1.658433e+01 -1.036304e+01 -4.025556e+00
      vertex   -1.738704e+01 -9.367675e+00 -4.000000e+00
      vertex   -1.726682e+01 -9.180932e+00 -4.025556e+00
    endloop
  endfacet
  facet normal -3.315860e-01 -1.914413e-01 -9.237970e-01
    outer loop
      vertex   -1.658433e+01 -1.036304e+01 -4.025556e+00
      vertex   -1.726682e+01 -9.180932e+00 -4.025556e+00
      vertex   -1.710711e+01 -9.096012e+00 -4.100481e+00
    endloop
  endfacet
  facet normal -3.441325e-01 -1.678446e-01 -9.237970e-01
    outer loop
      vertex   -1.710711e+01 -9.096012e+00 -4.100481e+00
      vertex   -1.726682e+01 -9.180932e+00 -4.025556e+00
      vertex   -1.769994e+01 -7.880523e+00 -4.100481e+00
    endloop
  endfacet
  facet normal -5.473610e-01 -2.669658e-01 -7.931741e-01
    outer loop
      vertex   -1.710711e+01 -9.096012e+00 -4.100481e+00
      vertex   -1.769994e+01 -7.880523e+00 -4.100481e+00
      vertex   -1.755804e+01 -7.817344e+00 -4.219670e+00
    endloop
  endfacet
  facet normal -5.646502e-01 -2.281335e-01 -7.931741e-01
    outer loop
      vertex   -1.755804e+01 -7.817344e+00 -4.219670e+00
      vertex   -1.769994e+01 -7.880523e+00 -4.100481e+00
      vertex   -1.806058e+01 -6.573514e+00 -4.219670e+00
    endloop
  endfacet
  facet normal -7.357505e-01 -2.972625e-01 -6.085279e-01
    outer loop
      vertex   -1.755804e+01 -7.817344e+00 -4.219670e+00
      vertex   -1.806058e+01 -6.573514e+00 -4.219670e+00
      vertex   -1.794858e+01 -6.532749e+00 -4.375000e+00
    endloop
  endfacet
  facet normal -7.546942e-01 -2.452150e-01 -6.085279e-01
    outer loop
      vertex   -1.794858e+01 -6.532749e+00 -4.375000e+00
      vertex   -1.806058e+01 -6.573514e+00 -4.219670e+00
      vertex   -1.836056e+01 -5.264806e+00 -4.375000e+00
    endloop
  endfacet
  facet normal -8.787400e-01 -2.855199e-01 -3.824844e-01
    outer loop
      vertex   -1.794858e+01 -6.532749e+00 -4.375000e+00
      vertex   -1.836056e+01 -5.264806e+00 -4.375000e+00
      vertex   -1.828854e+01 -5.244154e+00 -4.555886e+00
    endloop
  endfacet
  facet normal -8.965163e-01 -2.235266e-01 -3.824844e-01
    outer loop
      vertex   -1.828854e+01 -5.244154e+00 -4.555886e+00
      vertex   -1.836056e+01 -5.264806e+00 -4.375000e+00
      vertex   -1.860980e+01 -3.955635e+00 -4.555886e+00
    endloop
  endfacet
  facet normal -1.192052e-01 -5.889453e-02 -9.911214e-01
    outer loop
      vertex   -1.738704e+01 -9.367675e+00 -4.000000e+00
      vertex   -1.800452e+01 -8.117877e+00 -4.000000e+00
      vertex   -1.726682e+01 -9.180932e+00 -4.025556e+00
    endloop
  endfacet
  facet normal -1.156140e-01 -5.638869e-02 -9.916924e-01
    outer loop
      vertex   -1.726682e+01 -9.180932e+00 -4.025556e+00
      vertex   -1.800452e+01 -8.117877e+00 -4.000000e+00
      vertex   -1.786519e+01 -7.954095e+00 -4.025556e+00
    endloop
  endfacet
  facet normal -3.441325e-01 -1.678446e-01 -9.237970e-01
    outer loop
      vertex   -1.726682e+01 -9.180932e+00 -4.025556e+00
      vertex   -1.786519e+01 -7.954095e+00 -4.025556e+00
      vertex   -1.769994e+01 -7.880523e+00 -4.100481e+00
    endloop
  endfacet
  facet normal -3.550025e-01 -1.434303e-01 -9.237970e-01
    outer loop
      vertex   -1.769994e+01 -7.880523e+00 -4.100481e+00
      vertex   -1.786519e+01 -7.954095e+00 -4.025556e+00
      vertex   -1.820654e+01 -6.626640e+00 -4.100481e+00
    endloop
  endfacet
  facet normal -5.646502e-01 -2.281335e-01 -7.931741e-01
    outer loop
      vertex   -1.769994e+01 -7.880523e+00 -4.100481e+00
      vertex   -1.820654e+01 -6.626640e+00 -4.100481e+00
      vertex   -1.806058e+01 -6.573514e+00 -4.219670e+00
    endloop
  endfacet
  facet normal -5.791886e-01 -1.881898e-01 -7.931741e-01
    outer loop
      vertex   -1.806058e+01 -6.573514e+00 -4.219670e+00
      vertex   -1.820654e+01 -6.626640e+00 -4.100481e+00
      vertex   -1.847513e+01 -5.297659e+00 -4.219670e+00
    endloop
  endfacet
  facet normal -7.546942e-01 -2.452150e-01 -6.085279e-01
    outer loop
      vertex   -1.806058e+01 -6.573514e+00 -4.219670e+00
      vertex   -1.847513e+01 -5.297659e+00 -4.219670e+00
      vertex   -1.836056e+01 -5.264806e+00 -4.375000e+00
    endloop
  endfacet
  facet normal -7.699611e-01 -1.919729e-01 -6.085279e-01
    outer loop
      vertex   -1.836056e+01 -5.264806e+00 -4.375000e+00
      vertex   -1.847513e+01 -5.297659e+00 -4.219670e+00
      vertex   -1.868309e+01 -3.971213e+00 -4.375000e+00
    endloop
  endfacet
  facet normal -8.965163e-01 -2.235266e-01 -3.824844e-01
    outer loop
      vertex   -1.836056e+01 -5.264806e+00 -4.375000e+00
      vertex   -1.868309e+01 -3.971213e+00 -4.375000e+00
      vertex   -1.860980e+01 -3.955635e+00 -4.555886e+00
    endloop
  endfacet
  facet normal -9.099249e-01 -1.604443e-01 -3.824844e-01
    outer loop
      vertex   -1.860980e+01 -3.955635e+00 -4.555886e+00
      vertex   -1.868309e+01 -3.971213e+00 -4.375000e+00
      vertex   -1.884040e+01 -2.647846e+00 -4.555886e+00
    endloop
  endfacet
  facet normal -1.227694e-01 -5.021926e-02 -9.911638e-01
    outer loop
      vertex   -1.800452e+01 -8.117877e+00 -4.000000e+00
      vertex   -1.853229e+01 -6.827636e+00 -4.000000e+00
      vertex   -1.786519e+01 -7.954095e+00 -4.025556e+00
    endloop
  endfacet
  facet normal -1.195486e-01 -4.830076e-02 -9.916527e-01
    outer loop
      vertex   -1.786519e+01 -7.954095e+00 -4.025556e+00
      vertex   -1.853229e+01 -6.827636e+00 -4.000000e+00
      vertex   -1.837652e+01 -6.688507e+00 -4.025556e+00
    endloop
  endfacet
  facet normal -3.550025e-01 -1.434303e-01 -9.237970e-01
    outer loop
      vertex   -1.786519e+01 -7.954095e+00 -4.025556e+00
      vertex   -1.837652e+01 -6.688507e+00 -4.025556e+00
      vertex   -1.820654e+01 -6.626640e+00 -4.100481e+00
    endloop
  endfacet
  facet normal -3.641429e-01 -1.183172e-01 -9.237970e-01
    outer loop
      vertex   -1.820654e+01 -6.626640e+00 -4.100481e+00
      vertex   -1.837652e+01 -6.688507e+00 -4.025556e+00
      vertex   -1.862445e+01 -5.340474e+00 -4.100481e+00
    endloop
  endfacet
  facet normal -5.791886e-01 -1.881898e-01 -7.931741e-01
    outer loop
      vertex   -1.820654e+01 -6.626640e+00 -4.100481e+00
      vertex   -1.862445e+01 -5.340474e+00 -4.100481e+00
      vertex   -1.847513e+01 -5.297659e+00 -4.219670e+00
    endloop
  endfacet
  facet normal -5.909052e-01 -1.473292e-01 -7.931741e-01
    outer loop
      vertex   -1.847513e+01 -5.297659e+00 -4.219670e+00
      vertex   -1.862445e+01 -5.340474e+00 -4.100481e+00
      vertex   -1.879967e+01 -3.995994e+00 -4.219670e+00
    endloop
  endfacet
  facet normal -7.699611e-01 -1.919729e-01 -6.085279e-01
    outer loop
      vertex   -1.847513e+01 -5.297659e+00 -4.219670e+00
      vertex   -1.879967e+01 -3.995994e+00 -4.219670e+00
      vertex   -1.868309e+01 -3.971213e+00 -4.375000e+00
    endloop
  endfacet
  facet normal -7.814769e-01 -1.377955e-01 -6.085279e-01
    outer loop
      vertex   -1.868309e+01 -3.971213e+00 -4.375000e+00
      vertex   -1.879967e+01 -3.995994e+00 -4.219670e+00
      vertex   -1.891460e+01 -2.658273e+00 -4.375000e+00
    endloop
  endfacet
  facet normal -9.099249e-01 -1.604443e-01 -3.824844e-01
    outer loop
      vertex   -1.868309e+01 -3.971213e+00 -4.375000e+00
      vertex   -1.891460e+01 -2.658273e+00 -4.375000e+00
      vertex   -1.884040e+01 -2.647846e+00 -4.555886e+00
    endloop
  endfacet
  facet normal -9.189004e-01 -9.658032e-02 -3.824844e-01
    outer loop
      vertex   -1.884040e+01 -2.647846e+00 -4.555886e+00
      vertex   -1.891460e+01 -2.658273e+00 -4.375000e+00
      vertex   -1.897921e+01 -1.327156e+00 -4.555886e+00
    endloop
  endfacet
  facet normal -1.256987e-01 -4.133308e-02 -9.912071e-01
    outer loop
      vertex   -1.853229e+01 -6.827636e+00 -4.000000e+00
      vertex   -1.896774e+01 -5.503379e+00 -4.000000e+00
      vertex   -1.837652e+01 -6.688507e+00 -4.025556e+00
    endloop
  endfacet
  facet normal -1.229256e-01 -3.994093e-02 -9.916118e-01
    outer loop
      vertex   -1.837652e+01 -6.688507e+00 -4.025556e+00
      vertex   -1.896774e+01 -5.503379e+00 -4.000000e+00
      vertex   -1.879832e+01 -5.390333e+00 -4.025556e+00
    endloop
  endfacet
  facet normal -3.641429e-01 -1.183172e-01 -9.237970e-01
    outer loop
      vertex   -1.837652e+01 -6.688507e+00 -4.025556e+00
      vertex   -1.879832e+01 -5.390333e+00 -4.025556e+00
      vertex   -1.862445e+01 -5.340474e+00 -4.100481e+00
    endloop
  endfacet
  facet normal -3.715093e-01 -9.262766e-02 -9.237970e-01
    outer loop
      vertex   -1.862445e+01 -5.340474e+00 -4.100481e+00
      vertex   -1.879832e+01 -5.390333e+00 -4.025556e+00
      vertex   -1.895161e+01 -4.028289e+00 -4.100481e+00
    endloop
  endfacet
  facet normal -5.909052e-01 -1.473292e-01 -7.931741e-01
    outer loop
      vertex   -1.862445e+01 -5.340474e+00 -4.100481e+00
      vertex   -1.895161e+01 -4.028289e+00 -4.100481e+00
      vertex   -1.879967e+01 -3.995994e+00 -4.219670e+00
    endloop
  endfacet
  facet normal -5.997429e-01 -1.057509e-01 -7.931741e-01
    outer loop
      vertex   -1.879967e+01 -3.995994e+00 -4.219670e+00
      vertex   -1.895161e+01 -4.028289e+00 -4.100481e+00
      vertex   -1.903263e+01 -2.674861e+00 -4.219670e+00
    endloop
  endfacet
  facet normal -7.814769e-01 -1.377955e-01 -6.085279e-01
    outer loop
      vertex   -1.879967e+01 -3.995994e+00 -4.219670e+00
      vertex   -1.903263e+01 -2.674861e+00 -4.219670e+00
      vertex   -1.891460e+01 -2.658273e+00 -4.375000e+00
    endloop
  endfacet
  facet normal -7.891854e-01 -8.294673e-02 -6.085279e-01
    outer loop
      vertex   -1.891460e+01 -2.658273e+00 -4.375000e+00
      vertex   -1.903263e+01 -2.674861e+00 -4.219670e+00
      vertex   -1.905395e+01 -1.332382e+00 -4.375000e+00
    endloop
  endfacet
  facet normal -9.189004e-01 -9.658032e-02 -3.824844e-01
    outer loop
      vertex   -1.891460e+01 -2.658273e+00 -4.375000e+00
      vertex   -1.905395e+01 -1.332382e+00 -4.375000e+00
      vertex   -1.897921e+01 -1.327156e+00 -4.555886e+00
    endloop
  endfacet
  facet normal -9.233991e-01 -3.224581e-02 -3.824844e-01
    outer loop
      vertex   -1.897921e+01 -1.327156e+00 -4.555886e+00
      vertex   -1.905395e+01 -1.332382e+00 -4.375000e+00
      vertex   -1.902556e+01 -4.056777e-16 -4.555886e+00
    endloop
  endfacet
  facet normal -1.279811e-01 -3.228274e-02 -9.912511e-01
    outer loop
      vertex   -1.896774e+01 -5.503379e+00 -4.000000e+00
      vertex   -1.930870e+01 -4.151706e+00 -4.000000e+00
      vertex   -1.879832e+01 -5.390333e+00 -4.025556e+00
    endloop
  endfacet
  facet normal -1.257264e-01 -3.134710e-02 -9.915696e-01
    outer loop
      vertex   -1.879832e+01 -5.390333e+00 -4.025556e+00
      vertex   -1.930870e+01 -4.151706e+00 -4.000000e+00
      vertex   -1.912854e+01 -4.065897e+00 -4.025556e+00
    endloop
  endfacet
  facet normal -3.715093e-01 -9.262766e-02 -9.237970e-01
    outer loop
      vertex   -1.879832e+01 -5.390333e+00 -4.025556e+00
      vertex   -1.912854e+01 -4.065897e+00 -4.025556e+00
      vertex   -1.895161e+01 -4.028289e+00 -4.100481e+00
    endloop
  endfacet
  facet normal -3.770657e-01 -6.648685e-02 -9.237970e-01
    outer loop
      vertex   -1.895161e+01 -4.028289e+00 -4.100481e+00
      vertex   -1.912854e+01 -4.065897e+00 -4.025556e+00
      vertex   -1.918644e+01 -2.696479e+00 -4.100481e+00
    endloop
  endfacet
  facet normal -5.997429e-01 -1.057509e-01 -7.931741e-01
    outer loop
      vertex   -1.895161e+01 -4.028289e+00 -4.100481e+00
      vertex   -1.918644e+01 -2.696479e+00 -4.100481e+00
      vertex   -1.903263e+01 -2.674861e+00 -4.219670e+00
    endloop
  endfacet
  facet normal -6.056588e-01 -6.365730e-02 -7.931741e-01
    outer loop
      vertex   -1.903263e+01 -2.674861e+00 -4.219670e+00
      vertex   -1.918644e+01 -2.696479e+00 -4.100481e+00
      vertex   -1.917285e+01 -1.340696e+00 -4.219670e+00
    endloop
  endfacet
  facet normal -7.891854e-01 -8.294673e-02 -6.085279e-01
    outer loop
      vertex   -1.903263e+01 -2.674861e+00 -4.219670e+00
      vertex   -1.917285e+01 -1.340696e+00 -4.219670e+00
      vertex   -1.905395e+01 -1.332382e+00 -4.375000e+00
    endloop
  endfacet
  facet normal -7.930491e-01 -2.769388e-02 -6.085279e-01
    outer loop
      vertex   -1.905395e+01 -1.332382e+00 -4.375000e+00
      vertex   -1.917285e+01 -1.340696e+00 -4.219670e+00
      vertex   -1.910048e+01 -5.144858e-16 -4.375000e+00
    endloop
  endfacet
  facet normal -9.233991e-01 -3.224581e-02 -3.824844e-01
    outer loop
      vertex   -1.905395e+01 -1.332382e+00 -4.375000e+00
      vertex   -1.910048e+01 -5.144858e-16 -4.375000e+00
      vertex   -1.902556e+01 -4.056777e-16 -4.555886e+00
    endloop
  endfacet
  facet normal -1.296082e-01 -2.311558e-02 -9.912958e-01
    outer loop
      vertex   -1.930870e+01 -4.151706e+00 -4.000000e+00
      vertex   -1.955346e+01 -2.779348e+00 -4.000000e+00
      vertex   -1.912854e+01 -4.065897e+00 -4.025556e+00
    endloop
  endfacet
  facet normal -1.279350e-01 -2.255839e-02 -9.915260e-01
    outer loop
      vertex   -1.912854e+01 -4.065897e+00 -4.025556e+00
      vertex   -1.955346e+01 -2.779348e+00 -4.000000e+00
      vertex   -1.936557e+01 -2.721653e+00 -4.025556e+00
    endloop
  endfacet
  facet normal -3.770657e-01 -6.648685e-02 -9.237970e-01
    outer loop
      vertex   -1.912854e+01 -4.065897e+00 -4.025556e+00
      vertex   -1.936557e+01 -2.721653e+00 -4.025556e+00
      vertex   -1.918644e+01 -2.696479e+00 -4.100481e+00
    endloop
  endfacet
  facet normal -3.807850e-01 -4.002212e-02 -9.237970e-01
    outer loop
      vertex   -1.918644e+01 -2.696479e+00 -4.100481e+00
      vertex   -1.936557e+01 -2.721653e+00 -4.025556e+00
      vertex   -1.932780e+01 -1.351532e+00 -4.100481e+00
    endloop
  endfacet
  facet normal -6.056588e-01 -6.365730e-02 -7.931741e-01
    outer loop
      vertex   -1.918644e+01 -2.696479e+00 -4.100481e+00
      vertex   -1.932780e+01 -1.351532e+00 -4.100481e+00
      vertex   -1.917285e+01 -1.340696e+00 -4.219670e+00
    endloop
  endfacet
  facet normal -6.086239e-01 -2.125362e-02 -7.931741e-01
    outer loop
      vertex   -1.917285e+01 -1.340696e+00 -4.219670e+00
      vertex   -1.932780e+01 -1.351532e+00 -4.100481e+00
      vertex   -1.921967e+01 -6.012043e-16 -4.219670e+00
    endloop
  endfacet
  facet normal -7.930491e-01 -2.769388e-02 -6.085279e-01
    outer loop
      vertex   -1.917285e+01 -1.340696e+00 -4.219670e+00
      vertex   -1.921967e+01 -6.012043e-16 -4.219670e+00
      vertex   -1.910048e+01 -5.144858e-16 -4.375000e+00
    endloop
  endfacet
  facet normal -1.305749e-01 -1.387933e-02 -9.913413e-01
    outer loop
      vertex   -1.955346e+01 -2.779348e+00 -4.000000e+00
      vertex   -1.970080e+01 -1.393144e+00 -4.000000e+00
      vertex   -1.936557e+01 -2.721653e+00 -4.025556e+00
    endloop
  endfacet
  facet normal -1.295380e-01 -1.361500e-02 -9.914810e-01
    outer loop
      vertex   -1.936557e+01 -2.721653e+00 -4.025556e+00
      vertex   -1.970080e+01 -1.393144e+00 -4.000000e+00
      vertex   -1.950825e+01 -1.364150e+00 -4.025556e+00
    endloop
  endfacet
  facet normal -3.807850e-01 -4.002212e-02 -9.237970e-01
    outer loop
      vertex   -1.936557e+01 -2.721653e+00 -4.025556e+00
      vertex   -1.950825e+01 -1.364150e+00 -4.025556e+00
      vertex   -1.932780e+01 -1.351532e+00 -4.100481e+00
    endloop
  endfacet
  facet normal -3.826493e-01 -1.336241e-02 -9.237970e-01
    outer loop
      vertex   -1.932780e+01 -1.351532e+00 -4.100481e+00
      vertex   -1.950825e+01 -1.364150e+00 -4.025556e+00
      vertex   -1.937500e+01 -6.599236e-16 -4.100481e+00
    endloop
  endfacet
  facet normal -6.086239e-01 -2.125362e-02 -7.931741e-01
    outer loop
      vertex   -1.932780e+01 -1.351532e+00 -4.100481e+00
      vertex   -1.937500e+01 -6.599236e-16 -4.100481e+00
      vertex   -1.921967e+01 -6.012043e-16 -4.219670e+00
    endloop
  endfacet
  facet normal -1.308798e-01 -4.621820e-03 -9.913875e-01
    outer loop
      vertex   -1.970080e+01 -1.393144e+00 -4.000000e+00
      vertex   -1.975000e+01 -1.188041e-15 -4.000000e+00
      vertex   -1.950825e+01 -1.364150e+00 -4.025556e+00
    endloop
  endfacet
  facet normal -1.305248e-01 -4.558028e-03 -9.914346e-01
    outer loop
      vertex   -1.950825e+01 -1.364150e+00 -4.025556e+00
      vertex   -1.975000e+01 -1.188041e-15 -4.000000e+00
      vertex   -1.955589e+01 -6.866420e-16 -4.025556e+00
    endloop
  endfacet
  facet normal -3.826493e-01 -1.336241e-02 -9.237970e-01
    outer loop
      vertex   -1.950825e+01 -1.364150e+00 -4.025556e+00
      vertex   -1.955589e+01 -6.866420e-16 -4.025556e+00
      vertex   -1.937500e+01 -6.599236e-16 -4.100481e+00
    endloop
  endfacet
  facet normal 4.337739e-01 8.158100e-01 -3.824844e-01
    outer loop
      vertex   9.512778e+00 1.647661e+01 -4.555886e+00
      vertex   8.340255e+00 1.710006e+01 -4.555886e+00
      vertex   8.373100e+00 1.716740e+01 -4.375000e+00
    endloop
  endfacet
  facet normal 3.758092e-01 8.440812e-01 -3.824844e-01
    outer loop
      vertex   8.373100e+00 1.716740e+01 -4.375000e+00
      vertex   8.340255e+00 1.710006e+01 -4.555886e+00
      vertex   7.155166e+00 1.770966e+01 -4.375000e+00
    endloop
  endfacet
  facet normal 3.227587e-01 7.249280e-01 -6.085279e-01
    outer loop
      vertex   8.373100e+00 1.716740e+01 -4.375000e+00
      vertex   7.155166e+00 1.770966e+01 -4.375000e+00
      vertex   7.199815e+00 1.782017e+01 -4.219670e+00
    endloop
  endfacet
  facet normal 2.714041e-01 7.456766e-01 -6.085279e-01
    outer loop
      vertex   7.199815e+00 1.782017e+01 -4.219670e+00
      vertex   7.155166e+00 1.770966e+01 -4.375000e+00
      vertex   5.939205e+00 1.827899e+01 -4.219670e+00
    endloop
  endfacet
  facet normal 2.082885e-01 5.722680e-01 -7.931741e-01
    outer loop
      vertex   7.199815e+00 1.782017e+01 -4.219670e+00
      vertex   5.939205e+00 1.827899e+01 -4.219670e+00
      vertex   5.987204e+00 1.842672e+01 -4.100481e+00
    endloop
  endfacet
  facet normal 1.678617e-01 5.854035e-01 -7.931741e-01
    outer loop
      vertex   5.987204e+00 1.842672e+01 -4.100481e+00
      vertex   5.939205e+00 1.827899e+01 -4.219670e+00
      vertex   4.687237e+00 1.879948e+01 -4.100481e+00
    endloop
  endfacet
  facet normal 1.055367e-01 3.680503e-01 -9.237970e-01
    outer loop
      vertex   5.987204e+00 1.842672e+01 -4.100481e+00
      vertex   4.687237e+00 1.879948e+01 -4.100481e+00
      vertex   4.730997e+00 1.897499e+01 -4.025556e+00
    endloop
  endfacet
  facet normal 7.960575e-02 3.745156e-01 -9.237970e-01
    outer loop
      vertex   4.730997e+00 1.897499e+01 -4.025556e+00
      vertex   4.687237e+00 1.879948e+01 -4.100481e+00
      vertex   3.395844e+00 1.925879e+01 -4.025556e+00
    endloop
  endfacet
  facet normal 3.758092e-01 8.440812e-01 -3.824844e-01
    outer loop
      vertex   8.340255e+00 1.710006e+01 -4.555886e+00
      vertex   7.127099e+00 1.764019e+01 -4.555886e+00
      vertex   7.155166e+00 1.770966e+01 -4.375000e+00
    endloop
  endfacet
  facet normal 3.160136e-01 8.682402e-01 -3.824844e-01
    outer loop
      vertex   7.155166e+00 1.770966e+01 -4.375000e+00
      vertex   7.127099e+00 1.764019e+01 -4.555886e+00
      vertex   5.902373e+00 1.816564e+01 -4.375000e+00
    endloop
  endfacet
  facet normal 2.714041e-01 7.456766e-01 -6.085279e-01
    outer loop
      vertex   7.155166e+00 1.770966e+01 -4.375000e+00
      vertex   5.902373e+00 1.816564e+01 -4.375000e+00
      vertex   5.939205e+00 1.827899e+01 -4.219670e+00
    endloop
  endfacet
  facet normal 2.187272e-01 7.627923e-01 -6.085279e-01
    outer loop
      vertex   5.939205e+00 1.827899e+01 -4.219670e+00
      vertex   5.902373e+00 1.816564e+01 -4.375000e+00
      vertex   4.649659e+00 1.864876e+01 -4.219670e+00
    endloop
  endfacet
  facet normal 1.678617e-01 5.854035e-01 -7.931741e-01
    outer loop
      vertex   5.939205e+00 1.827899e+01 -4.219670e+00
      vertex   4.649659e+00 1.864876e+01 -4.219670e+00
      vertex   4.687237e+00 1.879948e+01 -4.100481e+00
    endloop
  endfacet
  facet normal 1.266172e-01 5.956869e-01 -7.931741e-01
    outer loop
      vertex   4.687237e+00 1.879948e+01 -4.100481e+00
      vertex   4.649659e+00 1.864876e+01 -4.219670e+00
      vertex   3.364433e+00 1.908065e+01 -4.100481e+00
    endloop
  endfacet
  facet normal 7.960575e-02 3.745156e-01 -9.237970e-01
    outer loop
      vertex   4.687237e+00 1.879948e+01 -4.100481e+00
      vertex   3.364433e+00 1.908065e+01 -4.100481e+00
      vertex   3.395844e+00 1.925879e+01 -4.025556e+00
    endloop
  endfacet
  facet normal 5.328695e-02 3.791563e-01 -9.237970e-01
    outer loop
      vertex   3.395844e+00 1.925879e+01 -4.025556e+00
      vertex   3.364433e+00 1.908065e+01 -4.100481e+00
      vertex   2.044147e+00 1.944876e+01 -4.025556e+00
    endloop
  endfacet
  facet normal 3.160136e-01 8.682402e-01 -3.824844e-01
    outer loop
      vertex   7.127099e+00 1.764019e+01 -4.555886e+00
      vertex   5.879220e+00 1.809438e+01 -4.555886e+00
      vertex   5.902373e+00 1.816564e+01 -4.375000e+00
    endloop
  endfacet
  facet normal 2.546784e-01 8.881692e-01 -3.824844e-01
    outer loop
      vertex   5.902373e+00 1.816564e+01 -4.375000e+00
      vertex   5.879220e+00 1.809438e+01 -4.555886e+00
      vertex   4.620825e+00 1.853312e+01 -4.375000e+00
    endloop
  endfacet
  facet normal 2.187272e-01 7.627923e-01 -6.085279e-01
    outer loop
      vertex   5.902373e+00 1.816564e+01 -4.375000e+00
      vertex   4.620825e+00 1.853312e+01 -4.375000e+00
      vertex   4.649659e+00 1.864876e+01 -4.219670e+00
    endloop
  endfacet
  facet normal 1.649847e-01 7.761919e-01 -6.085279e-01
    outer loop
      vertex   4.649659e+00 1.864876e+01 -4.219670e+00
      vertex   4.620825e+00 1.853312e+01 -4.375000e+00
      vertex   3.337461e+00 1.892768e+01 -4.219670e+00
    endloop
  endfacet
  facet normal 1.266172e-01 5.956869e-01 -7.931741e-01
    outer loop
      vertex   4.649659e+00 1.864876e+01 -4.219670e+00
      vertex   3.337461e+00 1.892768e+01 -4.219670e+00
      vertex   3.364433e+00 1.908065e+01 -4.100481e+00
    endloop
  endfacet
  facet normal 8.475571e-02 6.030682e-01 -7.931741e-01
    outer loop
      vertex   3.364433e+00 1.908065e+01 -4.100481e+00
      vertex   3.337461e+00 1.892768e+01 -4.219670e+00
      vertex   2.025239e+00 1.926886e+01 -4.100481e+00
    endloop
  endfacet
  facet normal 5.328695e-02 3.791563e-01 -9.237970e-01
    outer loop
      vertex   3.364433e+00 1.908065e+01 -4.100481e+00
      vertex   2.025239e+00 1.926886e+01 -4.100481e+00
      vertex   2.044147e+00 1.944876e+01 -4.025556e+00
    endloop
  endfacet
  facet normal 2.670853e-02 3.819498e-01 -9.237970e-01
    outer loop
      vertex   2.044147e+00 1.944876e+01 -4.025556e+00
      vertex   2.025239e+00 1.926886e+01 -4.100481e+00
      vertex   6.824906e-01 1.954397e+01 -4.025556e+00
    endloop
  endfacet
  facet normal 2.546784e-01 8.881692e-01 -3.824844e-01
    outer loop
      vertex   5.879220e+00 1.809438e+01 -4.555886e+00
      vertex   4.602699e+00 1.846042e+01 -4.555886e+00
      vertex   4.620825e+00 1.853312e+01 -4.375000e+00
    endloop
  endfacet
  facet normal 1.921025e-01 9.037712e-01 -3.824844e-01
    outer loop
      vertex   4.620825e+00 1.853312e+01 -4.375000e+00
      vertex   4.602699e+00 1.846042e+01 -4.555886e+00
      vertex   3.316764e+00 1.881030e+01 -4.375000e+00
    endloop
  endfacet
  facet normal 1.649847e-01 7.761919e-01 -6.085279e-01
    outer loop
      vertex   4.620825e+00 1.853312e+01 -4.375000e+00
      vertex   3.316764e+00 1.881030e+01 -4.375000e+00
      vertex   3.337461e+00 1.892768e+01 -4.219670e+00
    endloop
  endfacet
  facet normal 1.104384e-01 7.858098e-01 -6.085279e-01
    outer loop
      vertex   3.337461e+00 1.892768e+01 -4.219670e+00
      vertex   3.316764e+00 1.881030e+01 -4.375000e+00
      vertex   2.009003e+00 1.911438e+01 -4.219670e+00
    endloop
  endfacet
  facet normal 8.475571e-02 6.030682e-01 -7.931741e-01
    outer loop
      vertex   3.337461e+00 1.892768e+01 -4.219670e+00
      vertex   2.009003e+00 1.911438e+01 -4.219670e+00
      vertex   2.025239e+00 1.926886e+01 -4.100481e+00
    endloop
  endfacet
  facet normal 4.248134e-02 6.075114e-01 -7.931741e-01
    outer loop
      vertex   2.025239e+00 1.926886e+01 -4.100481e+00
      vertex   2.009003e+00 1.911438e+01 -4.219670e+00
      vertex   6.761778e-01 1.936320e+01 -4.100481e+00
    endloop
  endfacet
  facet normal 2.670853e-02 3.819498e-01 -9.237970e-01
    outer loop
      vertex   2.025239e+00 1.926886e+01 -4.100481e+00
      vertex   6.761778e-01 1.936320e+01 -4.100481e+00
      vertex   6.824906e-01 1.954397e+01 -4.025556e+00
    endloop
  endfacet
  facet normal 0.000000e+00 3.828825e-01 -9.237970e-01
    outer loop
      vertex   6.824906e-01 1.954397e+01 -4.025556e+00
      vertex   6.761778e-01 1.936320e+01 -4.100481e+00
      vertex   -6.824906e-01 1.954397e+01 -4.025556e+00
    endloop
  endfacet
  facet normal 1.921025e-01 9.037712e-01 -3.824844e-01
    outer loop
      vertex   4.602699e+00 1.846042e+01 -4.555886e+00
      vertex   3.303753e+00 1.873651e+01 -4.555886e+00
      vertex   3.316764e+00 1.881030e+01 -4.375000e+00
    endloop
  endfacet
  facet normal 1.285906e-01 9.149700e-01 -3.824844e-01
    outer loop
      vertex   3.316764e+00 1.881030e+01 -4.375000e+00
      vertex   3.303753e+00 1.873651e+01 -4.555886e+00
      vertex   1.996544e+00 1.899585e+01 -4.375000e+00
    endloop
  endfacet
  facet normal 1.104384e-01 7.858098e-01 -6.085279e-01
    outer loop
      vertex   3.316764e+00 1.881030e+01 -4.375000e+00
      vertex   1.996544e+00 1.899585e+01 -4.375000e+00
      vertex   2.009003e+00 1.911438e+01 -4.219670e+00
    endloop
  endfacet
  facet normal 5.535403e-02 7.915994e-01 -6.085279e-01
    outer loop
      vertex   2.009003e+00 1.911438e+01 -4.219670e+00
      vertex   1.996544e+00 1.899585e+01 -4.375000e+00
      vertex   6.707568e-01 1.920796e+01 -4.219670e+00
    endloop
  endfacet
  facet normal 4.248134e-02 6.075114e-01 -7.931741e-01
    outer loop
      vertex   2.009003e+00 1.911438e+01 -4.219670e+00
      vertex   6.707568e-01 1.920796e+01 -4.219670e+00
      vertex   6.761778e-01 1.936320e+01 -4.100481e+00
    endloop
  endfacet
  facet normal 0.000000e+00 6.089949e-01 -7.931741e-01
    outer loop
      vertex   6.761778e-01 1.936320e+01 -4.100481e+00
      vertex   6.707568e-01 1.920796e+01 -4.219670e+00
      vertex   -6.761778e-01 1.936320e+01 -4.100481e+00
    endloop
  endfacet
  facet normal 0.000000e+00 3.828825e-01 -9.237970e-01
    outer loop
      vertex   6.761778e-01 1.936320e+01 -4.100481e+00
      vertex   -6.761778e-01 1.936320e+01 -4.100481e+00
      vertex   -6.824906e-01 1.954397e+01 -4.025556e+00
    endloop
  endfacet
  facet normal -2.670853e-02 3.819498e-01 -9.237970e-01
    outer loop
      vertex   -6.824906e-01 1.954397e+01 -4.025556e+00
      vertex   -6.761778e-01 1.936320e+01 -4.100481e+00
      vertex   -2.044147e+00 1.944876e+01 -4.025556e+00
    endloop
  endfacet
  facet normal 1.285906e-01 9.149700e-01 -3.824844e-01
    outer loop
      vertex   3.303753e+00 1.873651e+01 -4.555886e+00
      vertex   1.988712e+00 1.892133e+01 -4.555886e+00
      vertex   1.996544e+00 1.899585e+01 -4.375000e+00
    endloop
  endfacet
  facet normal 6.445233e-02 9.217112e-01 -3.824844e-01
    outer loop
      vertex   1.996544e+00 1.899585e+01 -4.375000e+00
      vertex   1.988712e+00 1.892133e+01 -4.555886e+00
      vertex   6.665972e-01 1.908885e+01 -4.375000e+00
    endloop
  endfacet
  facet normal 5.535403e-02 7.915994e-01 -6.085279e-01
    outer loop
      vertex   1.996544e+00 1.899585e+01 -4.375000e+00
      vertex   6.665972e-01 1.908885e+01 -4.375000e+00
      vertex   6.707568e-01 1.920796e+01 -4.219670e+00
    endloop
  endfacet
  facet normal 0.000000e+00 7.935324e-01 -6.085279e-01
    outer loop
      vertex   6.707568e-01 1.920796e+01 -4.219670e+00
      vertex   6.665972e-01 1.908885e+01 -4.375000e+00
      vertex   -6.707568e-01 1.920796e+01 -4.219670e+00
    endloop
  endfacet
  facet normal 0.000000e+00 6.089949e-01 -7.931741e-01
    outer loop
      vertex   6.707568e-01 1.920796e+01 -4.219670e+00
      vertex   -6.707568e-01 1.920796e+01 -4.219670e+00
      vertex   -6.761778e-01 1.936320e+01 -4.100481e+00
    endloop
  endfacet
  facet normal -4.248134e-02 6.075114e-01 -7.931741e-01
    outer loop
      vertex   -6.761778e-01 1.936320e+01 -4.100481e+00
      vertex   -6.707568e-01 1.920796e+01 -4.219670e+00
      vertex   -2.025239e+00 1.926886e+01 -4.100481e+00
    endloop
  endfacet
  facet normal -2.670853e-02 3.819498e-01 -9.237970e-01
    outer loop
      vertex   -6.761778e-01 1.936320e+01 -4.100481e+00
      vertex   -2.025239e+00 1.926886e+01 -4.100481e+00
      vertex   -2.044147e+00 1.944876e+01 -4.025556e+00
    endloop
  endfacet
  facet normal -5.328695e-02 3.791563e-01 -9.237970e-01
    outer loop
      vertex   -2.044147e+00 1.944876e+01 -4.025556e+00
      vertex   -2.025239e+00 1.926886e+01 -4.100481e+00
      vertex   -3.395844e+00 1.925879e+01 -4.025556e+00
    endloop
  endfacet
  facet normal 6.445233e-02 9.217112e-01 -3.824844e-01
    outer loop
      vertex   1.988712e+00 1.892133e+01 -4.555886e+00
      vertex   6.639823e-01 1.901397e+01 -4.555886e+00
      vertex   6.665972e-01 1.908885e+01 -4.375000e+00
    endloop
  endfacet
  facet normal 0.000000e+00 9.239619e-01 -3.824844e-01
    outer loop
      vertex   6.665972e-01 1.908885e+01 -4.375000e+00
      vertex   6.639823e-01 1.901397e+01 -4.555886e+00
      vertex   -6.665972e-01 1.908885e+01 -4.375000e+00
    endloop
  endfacet
  facet normal 0.000000e+00 7.935324e-01 -6.085279e-01
    outer loop
      vertex   6.665972e-01 1.908885e+01 -4.375000e+00
      vertex   -6.665972e-01 1.908885e+01 -4.375000e+00
      vertex   -6.707568e-01 1.920796e+01 -4.219670e+00
    endloop
  endfacet
  facet normal -5.535403e-02 7.915994e-01 -6.085279e-01
    outer loop
      vertex   -6.707568e-01 1.920796e+01 -4.219670e+00
      vertex   -6.665972e-01 1.908885e+01 -4.375000e+00
      vertex   -2.009003e+00 1.911438e+01 -4.219670e+00
    endloop
  endfacet
  facet normal -4.248134e-02 6.075114e-01 -7.931741e-01
    outer loop
      vertex   -6.707568e-01 1.920796e+01 -4.219670e+00
      vertex   -2.009003e+00 1.911438e+01 -4.219670e+00
      vertex   -2.025239e+00 1.926886e+01 -4.100481e+00
    endloop
  endfacet
  facet normal -8.475571e-02 6.030682e-01 -7.931741e-01
    outer loop
      vertex   -2.025239e+00 1.926886e+01 -4.100481e+00
      vertex   -2.009003e+00 1.911438e+01 -4.219670e+00
      vertex   -3.364433e+00 1.908065e+01 -4.100481e+00
    endloop
  endfacet
  facet normal -5.328695e-02 3.791563e-01 -9.237970e-01
    outer loop
      vertex   -2.025239e+00 1.926886e+01 -4.100481e+00
      vertex   -3.364433e+00 1.908065e+01 -4.100481e+00
      vertex   -3.395844e+00 1.925879e+01 -4.025556e+00
    endloop
  endfacet
  facet normal -7.960575e-02 3.745156e-01 -9.237970e-01
    outer loop
      vertex   -3.395844e+00 1.925879e+01 -4.025556e+00
      vertex   -3.364433e+00 1.908065e+01 -4.100481e+00
      vertex   -4.730997e+00 1.897499e+01 -4.025556e+00
    endloop
  endfacet
  facet normal 0.000000e+00 9.239619e-01 -3.824844e-01
    outer loop
      vertex   6.639823e-01 1.901397e+01 -4.555886e+00
      vertex   -6.639823e-01 1.901397e+01 -4.555886e+00
      vertex   -6.665972e-01 1.908885e+01 -4.375000e+00
    endloop
  endfacet
  facet normal -6.445233e-02 9.217112e-01 -3.824844e-01
    outer loop
      vertex   -6.665972e-01 1.908885e+01 -4.375000e+00
      vertex   -6.639823e-01 1.901397e+01 -4.555886e+00
      vertex   -1.996544e+00 1.899585e+01 -4.375000e+00
    endloop
  endfacet
  facet normal -5.535403e-02 7.915994e-01 -6.085279e-01
    outer loop
      vertex   -6.665972e-01 1.908885e+01 -4.375000e+00
      vertex   -1.996544e+00 1.899585e+01 -4.375000e+00
      vertex   -2.009003e+00 1.911438e+01 -4.219670e+00
    endloop
  endfacet
  facet normal -1.104384e-01 7.858098e-01 -6.085279e-01
    outer loop
      vertex   -2.009003e+00 1.911438e+01 -4.219670e+00
      vertex   -1.996544e+00 1.899585e+01 -4.375000e+00
      vertex   -3.337461e+00 1.892768e+01 -4.219670e+00
    endloop
  endfacet
  facet normal -8.475571e-02 6.030682e-01 -7.931741e-01
    outer loop
      vertex   -2.009003e+00 1.911438e+01 -4.219670e+00
      vertex   -3.337461e+00 1.892768e+01 -4.219670e+00
      vertex   -3.364433e+00 1.908065e+01 -4.100481e+00
    endloop
  endfacet
  facet normal -1.266172e-01 5.956869e-01 -7.931741e-01
    outer loop
      vertex   -3.364433e+00 1.908065e+01 -4.100481e+00
      vertex   -3.337461e+00 1.892768e+01 -4.219670e+00
      vertex   -4.687237e+00 1.879948e+01 -4.100481e+00
    endloop
  endfacet
  facet normal -7.960575e-02 3.745156e-01 -9.237970e-01
    outer loop
      vertex   -3.364433e+00 1.908065e+01 -4.100481e+00
      vertex   -4.687237e+00 1.879948e+01 -4.100481e+00
      vertex   -4.730997e+00 1.897499e+01 -4.025556e+00
    endloop
  endfacet
  facet normal -1.055367e-01 3.680503e-01 -9.237970e-01
    outer loop
      vertex   -4.730997e+00 1.897499e+01 -4.025556e+00
      vertex   -4.687237e+00 1.879948e+01 -4.100481e+00
      vertex   -6.043101e+00 1.859875e+01 -4.025556e+00
    endloop
  endfacet
  facet normal -6.445233e-02 9.217112e-01 -3.824844e-01
    outer loop
      vertex   -6.639823e-01 1.901397e+01 -4.555886e+00
      vertex   -1.988712e+00 1.892133e+01 -4.555886e+00
      vertex   -1.996544e+00 1.899585e+01 -4.375000e+00
    endloop
  endfacet
  facet normal -1.285906e-01 9.149700e-01 -3.824844e-01
    outer loop
      vertex   -1.996544e+00 1.899585e+01 -4.375000e+00
      vertex   -1.988712e+00 1.892133e+01 -4.555886e+00
      vertex   -3.316764e+00 1.881030e+01 -4.375000e+00
    endloop
  endfacet
  facet normal -1.104384e-01 7.858098e-01 -6.085279e-01
    outer loop
      vertex   -1.996544e+00 1.899585e+01 -4.375000e+00
      vertex   -3.316764e+00 1.881030e+01 -4.375000e+00
      vertex   -3.337461e+00 1.892768e+01 -4.219670e+00
    endloop
  endfacet
  facet normal -1.649847e-01 7.761919e-01 -6.085279e-01
    outer loop
      vertex   -3.337461e+00 1.892768e+01 -4.219670e+00
      vertex   -3.316764e+00 1.881030e+01 -4.375000e+00
      vertex   -4.649659e+00 1.864876e+01 -4.219670e+00
    endloop
  endfacet
  facet normal -1.266172e-01 5.956869e-01 -7.931741e-01
    outer loop
      vertex   -3.337461e+00 1.892768e+01 -4.219670e+00
      vertex   -4.649659e+00 1.864876e+01 -4.219670e+00
      vertex   -4.687237e+00 1.879948e+01 -4.100481e+00
    endloop
  endfacet
  facet normal -1.678617e-01 5.854035e-01 -7.931741e-01
    outer loop
      vertex   -4.687237e+00 1.879948e+01 -4.100481e+00
      vertex   -4.649659e+00 1.864876e+01 -4.219670e+00
      vertex   -5.987204e+00 1.842672e+01 -4.100481e+00
    endloop
  endfacet
  facet normal -1.055367e-01 3.680503e-01 -9.237970e-01
    outer loop
      vertex   -4.687237e+00 1.879948e+01 -4.100481e+00
      vertex   -5.987204e+00 1.842672e+01 -4.100481e+00
      vertex   -6.043101e+00 1.859875e+01 -4.025556e+00
    endloop
  endfacet
  facet normal -1.309535e-01 3.597919e-01 -9.237970e-01
    outer loop
      vertex   -6.043101e+00 1.859875e+01 -4.025556e+00
      vertex   -5.987204e+00 1.842672e+01 -4.100481e+00
      vertex   -7.325764e+00 1.813190e+01 -4.025556e+00
    endloop
  endfacet
  facet normal -1.285906e-01 9.149700e-01 -3.824844e-01
    outer loop
      vertex   -1.988712e+00 1.892133e+01 -4.555886e+00
      vertex   -3.303753e+00 1.873651e+01 -4.555886e+00
      vertex   -3.316764e+00 1.881030e+01 -4.375000e+00
    endloop
  endfacet
  facet normal -1.921025e-01 9.037712e-01 -3.824844e-01
    outer loop
      vertex   -3.316764e+00 1.881030e+01 -4.375000e+00
      vertex   -3.303753e+00 1.873651e+01 -4.555886e+00
      vertex   -4.620825e+00 1.853312e+01 -4.375000e+00
    endloop
  endfacet
  facet normal -1.649847e-01 7.761919e-01 -6.085279e-01
    outer loop
      vertex   -3.316764e+00 1.881030e+01 -4.375000e+00
      vertex   -4.620825e+00 1.853312e+01 -4.375000e+00
      vertex   -4.649659e+00 1.864876e+01 -4.219670e+00
    endloop
  endfacet
  facet normal -2.187272e-01 7.627923e-01 -6.085279e-01
    outer loop
      vertex   -4.649659e+00 1.864876e+01 -4.219670e+00
      vertex   -4.620825e+00 1.853312e+01 -4.375000e+00
      vertex   -5.939205e+00 1.827899e+01 -4.219670e+00
    endloop
  endfacet
  facet normal -1.678617e-01 5.854035e-01 -7.931741e-01
    outer loop
      vertex   -4.649659e+00 1.864876e+01 -4.219670e+00
      vertex   -5.939205e+00 1.827899e+01 -4.219670e+00
      vertex   -5.987204e+00 1.842672e+01 -4.100481e+00
    endloop
  endfacet
  facet normal -2.082885e-01 5.722680e-01 -7.931741e-01
    outer loop
      vertex   -5.987204e+00 1.842672e+01 -4.100481e+00
      vertex   -5.939205e+00 1.827899e+01 -4.219670e+00
      vertex   -7.258003e+00 1.796419e+01 -4.100481e+00
    endloop
  endfacet
  facet normal -1.309535e-01 3.597919e-01 -9.237970e-01
    outer loop
      vertex   -5.987204e+00 1.842672e+01 -4.100481e+00
      vertex   -7.258003e+00 1.796419e+01 -4.100481e+00
      vertex   -7.325764e+00 1.813190e+01 -4.025556e+00
    endloop
  endfacet
  facet normal -1.557323e-01 3.497806e-01 -9.237970e-01
    outer loop
      vertex   -7.325764e+00 1.813190e+01 -4.025556e+00
      vertex   -7.258003e+00 1.796419e+01 -4.100481e+00
      vertex   -8.572736e+00 1.757671e+01 -4.025556e+00
    endloop
  endfacet
  facet normal -1.921025e-01 9.037712e-01 -3.824844e-01
    outer loop
      vertex   -3.303753e+00 1.873651e+01 -4.555886e+00
      vertex   -4.602699e+00 1.846042e+01 -4.555886e+00
      vertex   -4.620825e+00 1.853312e+01 -4.375000e+00
    endloop
  endfacet
  facet normal -2.546784e-01 8.881692e-01 -3.824844e-01
    outer loop
      vertex   -4.620825e+00 1.853312e+01 -4.375000e+00
      vertex   -4.602699e+00 1.846042e+01 -4.555886e+00
      vertex   -5.902373e+00 1.816564e+01 -4.375000e+00
    endloop
  endfacet
  facet normal -2.187272e-01 7.627923e-01 -6.085279e-01
    outer loop
      vertex   -4.620825e+00 1.853312e+01 -4.375000e+00
      vertex   -5.902373e+00 1.816564e+01 -4.375000e+00
      vertex   -5.939205e+00 1.827899e+01 -4.219670e+00
    endloop
  endfacet
  facet normal -2.714041e-01 7.456766e-01 -6.085279e-01
    outer loop
      vertex   -5.939205e+00 1.827899e+01 -4.219670e+00
      vertex   -5.902373e+00 1.816564e+01 -4.375000e+00
      vertex   -7.199815e+00 1.782017e+01 -4.219670e+00
    endloop
  endfacet
  facet normal -2.082885e-01 5.722680e-01 -7.931741e-01
    outer loop
      vertex   -5.939205e+00 1.827899e+01 -4.219670e+00
      vertex   -7.199815e+00 1.782017e+01 -4.219670e+00
      vertex   -7.258003e+00 1.796419e+01 -4.100481e+00
    endloop
  endfacet
  facet normal -2.477005e-01 5.563445e-01 -7.931741e-01
    outer loop
      vertex   -7.258003e+00 1.796419e+01 -4.100481e+00
      vertex   -7.199815e+00 1.782017e+01 -4.219670e+00
      vertex   -8.493441e+00 1.741413e+01 -4.100481e+00
    endloop
  endfacet
  facet normal -1.557323e-01 3.497806e-01 -9.237970e-01
    outer loop
      vertex   -7.258003e+00 1.796419e+01 -4.100481e+00
      vertex   -8.493441e+00 1.741413e+01 -4.100481e+00
      vertex   -8.572736e+00 1.757671e+01 -4.025556e+00
    endloop
  endfacet
  facet normal -1.797524e-01 3.380652e-01 -9.237970e-01
    outer loop
      vertex   -8.572736e+00 1.757671e+01 -4.025556e+00
      vertex   -8.493441e+00 1.741413e+01 -4.100481e+00
      vertex   -9.777943e+00 1.693589e+01 -4.025556e+00
    endloop
  endfacet
  facet normal -2.546784e-01 8.881692e-01 -3.824844e-01
    outer loop
      vertex   -4.602699e+00 1.846042e+01 -4.555886e+00
      vertex   -5.879220e+00 1.809438e+01 -4.555886e+00
      vertex   -5.902373e+00 1.816564e+01 -4.375000e+00
    endloop
  endfacet
  facet normal -3.160136e-01 8.682402e-01 -3.824844e-01
    outer loop
      vertex   -5.902373e+00 1.816564e+01 -4.375000e+00
      vertex   -5.879220e+00 1.809438e+01 -4.555886e+00
      vertex   -7.155166e+00 1.770966e+01 -4.375000e+00
    endloop
  endfacet
  facet normal -2.714041e-01 7.456766e-01 -6.085279e-01
    outer loop
      vertex   -5.902373e+00 1.816564e+01 -4.375000e+00
      vertex   -7.155166e+00 1.770966e+01 -4.375000e+00
      vertex   -7.199815e+00 1.782017e+01 -4.219670e+00
    endloop
  endfacet
  facet normal -3.227587e-01 7.249280e-01 -6.085279e-01
    outer loop
      vertex   -7.199815e+00 1.782017e+01 -4.219670e+00
      vertex   -7.155166e+00 1.770966e+01 -4.375000e+00
      vertex   -8.425349e+00 1.727453e+01 -4.219670e+00
    endloop
  endfacet
  facet normal -2.477005e-01 5.563445e-01 -7.931741e-01
    outer loop
      vertex   -7.199815e+00 1.782017e+01 -4.219670e+00
      vertex   -8.425349e+00 1.727453e+01 -4.219670e+00
      vertex   -8.493441e+00 1.741413e+01 -4.100481e+00
    endloop
  endfacet
  facet normal -2.859058e-01 5.377106e-01 -7.931741e-01
    outer loop
      vertex   -8.493441e+00 1.741413e+01 -4.100481e+00
      vertex   -8.425349e+00 1.727453e+01 -4.219670e+00
      vertex   -9.687500e+00 1.677924e+01 -4.100481e+00
    endloop
  endfacet
  facet normal -1.797524e-01 3.380652e-01 -9.237970e-01
    outer loop
      vertex   -8.493441e+00 1.741413e+01 -4.100481e+00
      vertex   -9.687500e+00 1.677924e+01 -4.100481e+00
      vertex   -9.777943e+00 1.693589e+01 -4.025556e+00
    endloop
  endfacet
  facet normal -2.028968e-01 3.247028e-01 -9.237970e-01
    outer loop
      vertex   -9.777943e+00 1.693589e+01 -4.025556e+00
      vertex   -9.687500e+00 1.677924e+01 -4.100481e+00
      vertex   -1.093551e+01 1.621256e+01 -4.025556e+00
    endloop
  endfacet
  facet normal -3.160136e-01 8.682402e-01 -3.824844e-01
    outer loop
      vertex   -5.879220e+00 1.809438e+01 -4.555886e+00
      vertex   -7.127099e+00 1.764019e+01 -4.555886e+00
      vertex   -7.155166e+00 1.770966e+01 -4.375000e+00
    endloop
  endfacet
  facet normal -3.758092e-01 8.440812e-01 -3.824844e-01
    outer loop
      vertex   -7.155166e+00 1.770966e+01 -4.375000e+00
      vertex   -7.127099e+00 1.764019e+01 -4.555886e+00
      vertex   -8.373100e+00 1.716740e+01 -4.375000e+00
    endloop
  endfacet
  facet normal -3.227587e-01 7.249280e-01 -6.085279e-01
    outer loop
      vertex   -7.155166e+00 1.770966e+01 -4.375000e+00
      vertex   -8.373100e+00 1.716740e+01 -4.375000e+00
      vertex   -8.425349e+00 1.727453e+01 -4.219670e+00
    endloop
  endfacet
  facet normal -3.725409e-01 7.006476e-01 -6.085279e-01
    outer loop
      vertex   -8.425349e+00 1.727453e+01 -4.219670e+00
      vertex   -8.373100e+00 1.716740e+01 -4.375000e+00
      vertex   -9.609835e+00 1.664472e+01 -4.219670e+00
    endloop
  endfacet
  facet normal -2.859058e-01 5.377106e-01 -7.931741e-01
    outer loop
      vertex   -8.425349e+00 1.727453e+01 -4.219670e+00
      vertex   -9.609835e+00 1.664472e+01 -4.219670e+00
      vertex   -9.687500e+00 1.677924e+01 -4.100481e+00
    endloop
  endfacet
  facet normal -3.227181e-01 5.164570e-01 -7.931741e-01
    outer loop
      vertex   -9.687500e+00 1.677924e+01 -4.100481e+00
      vertex   -9.609835e+00 1.664472e+01 -4.219670e+00
      vertex   -1.083436e+01 1.606260e+01 -4.100481e+00
    endloop
  endfacet
  facet normal -2.028968e-01 3.247028e-01 -9.237970e-01
    outer loop
      vertex   -9.687500e+00 1.677924e+01 -4.100481e+00
      vertex   -1.083436e+01 1.606260e+01 -4.100481e+00
      vertex   -1.093551e+01 1.621256e+01 -4.025556e+00
    endloop
  endfacet
  facet normal -2.250527e-01 3.097585e-01 -9.237970e-01
    outer loop
      vertex   -1.093551e+01 1.621256e+01 -4.025556e+00
      vertex   -1.083436e+01 1.606260e+01 -4.100481e+00
      vertex   -1.203981e+01 1.541025e+01 -4.025556e+00
    endloop
  endfacet
  facet normal -3.758092e-01 8.440812e-01 -3.824844e-01
    outer loop
      vertex   -7.127099e+00 1.764019e+01 -4.555886e+00
      vertex   -8.340255e+00 1.710006e+01 -4.555886e+00
      vertex   -8.373100e+00 1.716740e+01 -4.375000e+00
    endloop
  endfacet
  facet normal -4.337739e-01 8.158100e-01 -3.824844e-01
    outer loop
      vertex   -8.373100e+00 1.716740e+01 -4.375000e+00
      vertex   -8.340255e+00 1.710006e+01 -4.555886e+00
      vertex   -9.550241e+00 1.654150e+01 -4.375000e+00
    endloop
  endfacet
  facet normal -3.725409e-01 7.006476e-01 -6.085279e-01
    outer loop
      vertex   -8.373100e+00 1.716740e+01 -4.375000e+00
      vertex   -9.550241e+00 1.654150e+01 -4.375000e+00
      vertex   -9.609835e+00 1.664472e+01 -4.219670e+00
    endloop
  endfacet
  facet normal -4.205081e-01 6.729537e-01 -6.085279e-01
    outer loop
      vertex   -9.609835e+00 1.664472e+01 -4.219670e+00
      vertex   -9.550241e+00 1.654150e+01 -4.375000e+00
      vertex   -1.074750e+01 1.593383e+01 -4.219670e+00
    endloop
  endfacet
  facet normal -3.227181e-01 5.164570e-01 -7.931741e-01
    outer loop
      vertex   -9.609835e+00 1.664472e+01 -4.219670e+00
      vertex   -1.074750e+01 1.593383e+01 -4.219670e+00
      vertex   -1.083436e+01 1.606260e+01 -4.100481e+00
    endloop
  endfacet
  facet normal -3.579582e-01 4.926872e-01 -7.931741e-01
    outer loop
      vertex   -1.083436e+01 1.606260e+01 -4.100481e+00
      vertex   -1.074750e+01 1.593383e+01 -4.219670e+00
      vertex   -1.192844e+01 1.526771e+01 -4.100481e+00
    endloop
  endfacet
  facet normal -2.250527e-01 3.097585e-01 -9.237970e-01
    outer loop
      vertex   -1.083436e+01 1.606260e+01 -4.100481e+00
      vertex   -1.192844e+01 1.526771e+01 -4.100481e+00
      vertex   -1.203981e+01 1.541025e+01 -4.025556e+00
    endloop
  endfacet
  facet normal -2.461121e-01 2.933050e-01 -9.237970e-01
    outer loop
      vertex   -1.203981e+01 1.541025e+01 -4.025556e+00
      vertex   -1.192844e+01 1.526771e+01 -4.100481e+00
      vertex   -1.308544e+01 1.453286e+01 -4.025556e+00
    endloop
  endfacet
  facet normal -4.337739e-01 8.158100e-01 -3.824844e-01
    outer loop
      vertex   -8.340255e+00 1.710006e+01 -4.555886e+00
      vertex   -9.512778e+00 1.647661e+01 -4.555886e+00
      vertex   -9.550241e+00 1.654150e+01 -4.375000e+00
    endloop
  endfacet
  facet normal -4.896252e-01 7.835642e-01 -3.824844e-01
    outer loop
      vertex   -9.550241e+00 1.654150e+01 -4.375000e+00
      vertex   -9.512778e+00 1.647661e+01 -4.555886e+00
      vertex   -1.068085e+01 1.583502e+01 -4.375000e+00
    endloop
  endfacet
  facet normal -4.205081e-01 6.729537e-01 -6.085279e-01
    outer loop
      vertex   -9.550241e+00 1.654150e+01 -4.375000e+00
      vertex   -1.068085e+01 1.583502e+01 -4.375000e+00
      vertex   -1.074750e+01 1.593383e+01 -4.219670e+00
    endloop
  endfacet
  facet normal -4.664267e-01 6.419812e-01 -6.085279e-01
    outer loop
      vertex   -1.074750e+01 1.593383e+01 -4.219670e+00
      vertex   -1.068085e+01 1.583502e+01 -4.375000e+00
      vertex   -1.183281e+01 1.514531e+01 -4.219670e+00
    endloop
  endfacet
  facet normal -3.579582e-01 4.926872e-01 -7.931741e-01
    outer loop
      vertex   -1.074750e+01 1.593383e+01 -4.219670e+00
      vertex   -1.183281e+01 1.514531e+01 -4.219670e+00
      vertex   -1.192844e+01 1.526771e+01 -4.100481e+00
    endloop
  endfacet
  facet normal -3.914544e-01 4.665172e-01 -7.931741e-01
    outer loop
      vertex   -1.192844e+01 1.526771e+01 -4.100481e+00
      vertex   -1.183281e+01 1.514531e+01 -4.219670e+00
      vertex   -1.296441e+01 1.439843e+01 -4.100481e+00
    endloop
  endfacet
  facet normal -2.461121e-01 2.933050e-01 -9.237970e-01
    outer loop
      vertex   -1.192844e+01 1.526771e+01 -4.100481e+00
      vertex   -1.296441e+01 1.439843e+01 -4.100481e+00
      vertex   -1.308544e+01 1.453286e+01 -4.025556e+00
    endloop
  endfacet
  facet normal -2.659725e-01 2.754226e-01 -9.237970e-01
    outer loop
      vertex   -1.308544e+01 1.453286e+01 -4.025556e+00
      vertex   -1.296441e+01 1.439843e+01 -4.100481e+00
      vertex   -1.406733e+01 1.358466e+01 -4.025556e+00
    endloop
  endfacet
  facet normal -4.896252e-01 7.835642e-01 -3.824844e-01
    outer loop
      vertex   -9.512778e+00 1.647661e+01 -4.555886e+00
      vertex   -1.063896e+01 1.577290e+01 -4.555886e+00
      vertex   -1.068085e+01 1.583502e+01 -4.375000e+00
    endloop
  endfacet
  facet normal -5.430912e-01 7.475009e-01 -3.824844e-01
    outer loop
      vertex   -1.068085e+01 1.583502e+01 -4.375000e+00
      vertex   -1.063896e+01 1.577290e+01 -4.555886e+00
      vertex   -1.175943e+01 1.505138e+01 -4.375000e+00
    endloop
  endfacet
  facet normal -4.664267e-01 6.419812e-01 -6.085279e-01
    outer loop
      vertex   -1.068085e+01 1.583502e+01 -4.375000e+00
      vertex   -1.175943e+01 1.505138e+01 -4.375000e+00
      vertex   -1.183281e+01 1.514531e+01 -4.219670e+00
    endloop
  endfacet
  facet normal -5.100728e-01 6.078811e-01 -6.085279e-01
    outer loop
      vertex   -1.183281e+01 1.514531e+01 -4.219670e+00
      vertex   -1.175943e+01 1.505138e+01 -4.375000e+00
      vertex   -1.286047e+01 1.428300e+01 -4.219670e+00
    endloop
  endfacet
  facet normal -3.914544e-01 4.665172e-01 -7.931741e-01
    outer loop
      vertex   -1.183281e+01 1.514531e+01 -4.219670e+00
      vertex   -1.286047e+01 1.428300e+01 -4.219670e+00
      vertex   -1.296441e+01 1.439843e+01 -4.100481e+00
    endloop
  endfacet
  facet normal -4.230434e-01 4.380743e-01 -7.931741e-01
    outer loop
      vertex   -1.296441e+01 1.439843e+01 -4.100481e+00
      vertex   -1.286047e+01 1.428300e+01 -4.219670e+00
      vertex   -1.393721e+01 1.345901e+01 -4.100481e+00
    endloop
  endfacet
  facet normal -2.659725e-01 2.754226e-01 -9.237970e-01
    outer loop
      vertex   -1.296441e+01 1.439843e+01 -4.100481e+00
      vertex   -1.393721e+01 1.345901e+01 -4.100481e+00
      vertex   -1.406733e+01 1.358466e+01 -4.025556e+00
    endloop
  endfacet
  facet normal -2.845372e-01 2.561984e-01 -9.237970e-01
    outer loop
      vertex   -1.406733e+01 1.358466e+01 -4.025556e+00
      vertex   -1.393721e+01 1.345901e+01 -4.100481e+00
      vertex   -1.498068e+01 1.257028e+01 -4.025556e+00
    endloop
  endfacet
  facet normal -5.430912e-01 7.475009e-01 -3.824844e-01
    outer loop
      vertex   -1.063896e+01 1.577290e+01 -4.555886e+00
      vertex   -1.171330e+01 1.499234e+01 -4.555886e+00
      vertex   -1.175943e+01 1.505138e+01 -4.375000e+00
    endloop
  endfacet
  facet normal -5.939113e-01 7.077959e-01 -3.824844e-01
    outer loop
      vertex   -1.175943e+01 1.505138e+01 -4.375000e+00
      vertex   -1.171330e+01 1.499234e+01 -4.555886e+00
      vertex   -1.278072e+01 1.419442e+01 -4.375000e+00
    endloop
  endfacet
  facet normal -5.100728e-01 6.078811e-01 -6.085279e-01
    outer loop
      vertex   -1.175943e+01 1.505138e+01 -4.375000e+00
      vertex   -1.278072e+01 1.419442e+01 -4.375000e+00
      vertex   -1.286047e+01 1.428300e+01 -4.219670e+00
    endloop
  endfacet
  facet normal -5.512340e-01 5.708195e-01 -6.085279e-01
    outer loop
      vertex   -1.286047e+01 1.428300e+01 -4.219670e+00
      vertex   -1.278072e+01 1.419442e+01 -4.375000e+00
      vertex   -1.382547e+01 1.335110e+01 -4.219670e+00
    endloop
  endfacet
  facet normal -4.230434e-01 4.380743e-01 -7.931741e-01
    outer loop
      vertex   -1.286047e+01 1.428300e+01 -4.219670e+00
      vertex   -1.382547e+01 1.335110e+01 -4.219670e+00
      vertex   -1.393721e+01 1.345901e+01 -4.100481e+00
    endloop
  endfacet
  facet normal -4.525714e-01 4.074971e-01 -7.931741e-01
    outer loop
      vertex   -1.393721e+01 1.345901e+01 -4.100481e+00
      vertex   -1.382547e+01 1.335110e+01 -4.219670e+00
      vertex   -1.484211e+01 1.245401e+01 -4.100481e+00
    endloop
  endfacet
  facet normal -2.845372e-01 2.561984e-01 -9.237970e-01
    outer loop
      vertex   -1.393721e+01 1.345901e+01 -4.100481e+00
      vertex   -1.484211e+01 1.245401e+01 -4.100481e+00
      vertex   -1.498068e+01 1.257028e+01 -4.025556e+00
    endloop
  endfacet
  facet normal -3.017155e-01 2.357260e-01 -9.237970e-01
    outer loop
      vertex   -1.498068e+01 1.257028e+01 -4.025556e+00
      vertex   -1.484211e+01 1.245401e+01 -4.100481e+00
      vertex   -1.582104e+01 1.149466e+01 -4.025556e+00
    endloop
  endfacet
  facet normal -5.939113e-01 7.077959e-01 -3.824844e-01
    outer loop
      vertex   -1.171330e+01 1.499234e+01 -4.555886e+00
      vertex   -1.273058e+01 1.413874e+01 -4.555886e+00
      vertex   -1.278072e+01 1.419442e+01 -4.375000e+00
    endloop
  endfacet
  facet normal -6.418379e-01 6.646426e-01 -3.824844e-01
    outer loop
      vertex   -1.278072e+01 1.419442e+01 -4.375000e+00
      vertex   -1.273058e+01 1.413874e+01 -4.555886e+00
      vertex   -1.373974e+01 1.326831e+01 -4.375000e+00
    endloop
  endfacet
  facet normal -5.512340e-01 5.708195e-01 -6.085279e-01
    outer loop
      vertex   -1.278072e+01 1.419442e+01 -4.375000e+00
      vertex   -1.373974e+01 1.326831e+01 -4.375000e+00
      vertex   -1.382547e+01 1.335110e+01 -4.219670e+00
    endloop
  endfacet
  facet normal -5.897095e-01 5.309768e-01 -6.085279e-01
    outer loop
      vertex   -1.382547e+01 1.335110e+01 -4.219670e+00
      vertex   -1.373974e+01 1.326831e+01 -4.375000e+00
      vertex   -1.472312e+01 1.235417e+01 -4.219670e+00
    endloop
  endfacet
  facet normal -4.525714e-01 4.074971e-01 -7.931741e-01
    outer loop
      vertex   -1.382547e+01 1.335110e+01 -4.219670e+00
      vertex   -1.472312e+01 1.235417e+01 -4.219670e+00
      vertex   -1.484211e+01 1.245401e+01 -4.100481e+00
    endloop
  endfacet
  facet normal -4.798945e-01 3.749347e-01 -7.931741e-01
    outer loop
      vertex   -1.484211e+01 1.245401e+01 -4.100481e+00
      vertex   -1.472312e+01 1.235417e+01 -4.219670e+00
      vertex   -1.567470e+01 1.138834e+01 -4.100481e+00
    endloop
  endfacet
  facet normal -3.017155e-01 2.357260e-01 -9.237970e-01
    outer loop
      vertex   -1.484211e+01 1.245401e+01 -4.100481e+00
      vertex   -1.567470e+01 1.138834e+01 -4.100481e+00
      vertex   -1.582104e+01 1.149466e+01 -4.025556e+00
    endloop
  endfacet
  facet normal -3.174240e-01 2.141052e-01 -9.237970e-01
    outer loop
      vertex   -1.582104e+01 1.149466e+01 -4.025556e+00
      vertex   -1.567470e+01 1.138834e+01 -4.100481e+00
      vertex   -1.658433e+01 1.036304e+01 -4.025556e+00
    endloop
  endfacet
  facet normal -6.418379e-01 6.646426e-01 -3.824844e-01
    outer loop
      vertex   -1.273058e+01 1.413874e+01 -4.555886e+00
      vertex   -1.368584e+01 1.321626e+01 -4.555886e+00
      vertex   -1.373974e+01 1.326831e+01 -4.375000e+00
    endloop
  endfacet
  facet normal -6.866375e-01 6.182512e-01 -3.824844e-01
    outer loop
      vertex   -1.373974e+01 1.326831e+01 -4.375000e+00
      vertex   -1.368584e+01 1.321626e+01 -4.555886e+00
      vertex   -1.463182e+01 1.227755e+01 -4.375000e+00
    endloop
  endfacet
  facet normal -5.897095e-01 5.309768e-01 -6.085279e-01
    outer loop
      vertex   -1.373974e+01 1.326831e+01 -4.375000e+00
      vertex   -1.463182e+01 1.227755e+01 -4.375000e+00
      vertex   -1.472312e+01 1.235417e+01 -4.219670e+00
    endloop
  endfacet
  facet normal -6.253121e-01 4.885474e-01 -6.085279e-01
    outer loop
      vertex   -1.472312e+01 1.235417e+01 -4.219670e+00
      vertex   -1.463182e+01 1.227755e+01 -4.375000e+00
      vertex   -1.554904e+01 1.129704e+01 -4.219670e+00
    endloop
  endfacet
  facet normal -4.798945e-01 3.749347e-01 -7.931741e-01
    outer loop
      vertex   -1.472312e+01 1.235417e+01 -4.219670e+00
      vertex   -1.554904e+01 1.129704e+01 -4.219670e+00
      vertex   -1.567470e+01 1.138834e+01 -4.100481e+00
    endloop
  endfacet
  facet normal -5.048797e-01 3.405456e-01 -7.931741e-01
    outer loop
      vertex   -1.567470e+01 1.138834e+01 -4.100481e+00
      vertex   -1.554904e+01 1.129704e+01 -4.219670e+00
      vertex   -1.643093e+01 1.026719e+01 -4.100481e+00
    endloop
  endfacet
  facet normal -3.174240e-01 2.141052e-01 -9.237970e-01
    outer loop
      vertex   -1.567470e+01 1.138834e+01 -4.100481e+00
      vertex   -1.643093e+01 1.026719e+01 -4.100481e+00
      vertex   -1.658433e+01 1.036304e+01 -4.025556e+00
    endloop
  endfacet
  facet normal -3.315860e-01 1.914413e-01 -9.237970e-01
    outer loop
      vertex   -1.658433e+01 1.036304e+01 -4.025556e+00
      vertex   -1.643093e+01 1.026719e+01 -4.100481e+00
      vertex   -1.726682e+01 9.180932e+00 -4.025556e+00
    endloop
  endfacet
  facet normal -6.866375e-01 6.182512e-01 -3.824844e-01
    outer loop
      vertex   -1.368584e+01 1.321626e+01 -4.555886e+00
      vertex   -1.457442e+01 1.222939e+01 -4.555886e+00
      vertex   -1.463182e+01 1.227755e+01 -4.375000e+00
    endloop
  endfacet
  facet normal -7.280919e-01 5.688478e-01 -3.824844e-01
    outer loop
      vertex   -1.463182e+01 1.227755e+01 -4.375000e+00
      vertex   -1.457442e+01 1.222939e+01 -4.555886e+00
      vertex   -1.545261e+01 1.122698e+01 -4.375000e+00
    endloop
  endfacet
  facet normal -6.253121e-01 4.885474e-01 -6.085279e-01
    outer loop
      vertex   -1.463182e+01 1.227755e+01 -4.375000e+00
      vertex   -1.545261e+01 1.122698e+01 -4.375000e+00
      vertex   -1.554904e+01 1.129704e+01 -4.219670e+00
    endloop
  endfacet
  facet normal -6.578682e-01 4.437377e-01 -6.085279e-01
    outer loop
      vertex   -1.554904e+01 1.129704e+01 -4.219670e+00
      vertex   -1.545261e+01 1.122698e+01 -4.375000e+00
      vertex   -1.629920e+01 1.018487e+01 -4.219670e+00
    endloop
  endfacet
  facet normal -5.048797e-01 3.405456e-01 -7.931741e-01
    outer loop
      vertex   -1.554904e+01 1.129704e+01 -4.219670e+00
      vertex   -1.629920e+01 1.018487e+01 -4.219670e+00
      vertex   -1.643093e+01 1.026719e+01 -4.100481e+00
    endloop
  endfacet
  facet normal -5.274051e-01 3.044975e-01 -7.931741e-01
    outer loop
      vertex   -1.643093e+01 1.026719e+01 -4.100481e+00
      vertex   -1.629920e+01 1.018487e+01 -4.219670e+00
      vertex   -1.710711e+01 9.096012e+00 -4.100481e+00
    endloop
  endfacet
  facet normal -3.315860e-01 1.914413e-01 -9.237970e-01
    outer loop
      vertex   -1.643093e+01 1.026719e+01 -4.100481e+00
      vertex   -1.710711e+01 9.096012e+00 -4.100481e+00
      vertex   -1.726682e+01 9.180932e+00 -4.025556e+00
    endloop
  endfacet
  facet normal -3.441325e-01 1.678446e-01 -9.237970e-01
    outer loop
      vertex   -1.726682e+01 9.180932e+00 -4.025556e+00
      vertex   -1.710711e+01 9.096012e+00 -4.100481e+00
      vertex   -1.786519e+01 7.954095e+00 -4.025556e+00
    endloop
  endfacet
  facet normal -7.280919e-01 5.688478e-01 -3.824844e-01
    outer loop
      vertex   -1.457442e+01 1.222939e+01 -4.555886e+00
      vertex   -1.539200e+01 1.118294e+01 -4.555886e+00
      vertex   -1.545261e+01 1.122698e+01 -4.375000e+00
    endloop
  endfacet
  facet normal -7.659992e-01 5.166730e-01 -3.824844e-01
    outer loop
      vertex   -1.545261e+01 1.122698e+01 -4.375000e+00
      vertex   -1.539200e+01 1.118294e+01 -4.555886e+00
      vertex   -1.619813e+01 1.012171e+01 -4.375000e+00
    endloop
  endfacet
  facet normal -6.578682e-01 4.437377e-01 -6.085279e-01
    outer loop
      vertex   -1.545261e+01 1.122698e+01 -4.375000e+00
      vertex   -1.619813e+01 1.012171e+01 -4.375000e+00
      vertex   -1.629920e+01 1.018487e+01 -4.219670e+00
    endloop
  endfacet
  facet normal -6.872193e-01 3.967662e-01 -6.085279e-01
    outer loop
      vertex   -1.629920e+01 1.018487e+01 -4.219670e+00
      vertex   -1.619813e+01 1.012171e+01 -4.375000e+00
      vertex   -1.696996e+01 9.023089e+00 -4.219670e+00
    endloop
  endfacet
  facet normal -5.274051e-01 3.044975e-01 -7.931741e-01
    outer loop
      vertex   -1.629920e+01 1.018487e+01 -4.219670e+00
      vertex   -1.696996e+01 9.023089e+00 -4.219670e+00
      vertex   -1.710711e+01 9.096012e+00 -4.100481e+00
    endloop
  endfacet
  facet normal -5.473610e-01 2.669658e-01 -7.931741e-01
    outer loop
      vertex   -1.710711e+01 9.096012e+00 -4.100481e+00
      vertex   -1.696996e+01 9.023089e+00 -4.219670e+00
      vertex   -1.769994e+01 7.880523e+00 -4.100481e+00
    endloop
  endfacet
  facet normal -3.441325e-01 1.678446e-01 -9.237970e-01
    outer loop
      vertex   -1.710711e+01 9.096012e+00 -4.100481e+00
      vertex   -1.769994e+01 7.880523e+00 -4.100481e+00
      vertex   -1.786519e+01 7.954095e+00 -4.025556e+00
    endloop
  endfacet
  facet normal -3.550025e-01 1.434303e-01 -9.237970e-01
    outer loop
      vertex   -1.786519e+01 7.954095e+00 -4.025556e+00
      vertex   -1.769994e+01 7.880523e+00 -4.100481e+00
      vertex   -1.837652e+01 6.688507e+00 -4.025556e+00
    endloop
  endfacet
  facet normal -7.659992e-01 5.166730e-01 -3.824844e-01
    outer loop
      vertex   -1.539200e+01 1.118294e+01 -4.555886e+00
      vertex   -1.613459e+01 1.008201e+01 -4.555886e+00
      vertex   -1.619813e+01 1.012171e+01 -4.375000e+00
    endloop
  endfacet
  facet normal -8.001745e-01 4.619810e-01 -3.824844e-01
    outer loop
      vertex   -1.619813e+01 1.012171e+01 -4.375000e+00
      vertex   -1.613459e+01 1.008201e+01 -4.555886e+00
      vertex   -1.686472e+01 8.967133e+00 -4.375000e+00
    endloop
  endfacet
  facet normal -6.872193e-01 3.967662e-01 -6.085279e-01
    outer loop
      vertex   -1.619813e+01 1.012171e+01 -4.375000e+00
      vertex   -1.686472e+01 8.967133e+00 -4.375000e+00
      vertex   -1.696996e+01 9.023089e+00 -4.219670e+00
    endloop
  endfacet
  facet normal -7.132222e-01 3.478617e-01 -6.085279e-01
    outer loop
      vertex   -1.696996e+01 9.023089e+00 -4.219670e+00
      vertex   -1.686472e+01 8.967133e+00 -4.375000e+00
      vertex   -1.755804e+01 7.817344e+00 -4.219670e+00
    endloop
  endfacet
  facet normal -5.473610e-01 2.669658e-01 -7.931741e-01
    outer loop
      vertex   -1.696996e+01 9.023089e+00 -4.219670e+00
      vertex   -1.755804e+01 7.817344e+00 -4.219670e+00
      vertex   -1.769994e+01 7.880523e+00 -4.100481e+00
    endloop
  endfacet
  facet normal -5.646502e-01 2.281335e-01 -7.931741e-01
    outer loop
      vertex   -1.769994e+01 7.880523e+00 -4.100481e+00
      vertex   -1.755804e+01 7.817344e+00 -4.219670e+00
      vertex   -1.820654e+01 6.626640e+00 -4.100481e+00
    endloop
  endfacet
  facet normal -3.550025e-01 1.434303e-01 -9.237970e-01
    outer loop
      vertex   -1.769994e+01 7.880523e+00 -4.100481e+00
      vertex   -1.820654e+01 6.626640e+00 -4.100481e+00
      vertex   -1.837652e+01 6.688507e+00 -4.025556e+00
    endloop
  endfacet
  facet normal -3.641429e-01 1.183172e-01 -9.237970e-01
    outer loop
      vertex   -1.837652e+01 6.688507e+00 -4.025556e+00
      vertex   -1.820654e+01 6.626640e+00 -4.100481e+00
      vertex   -1.879832e+01 5.390333e+00 -4.025556e+00
    endloop
  endfacet
  facet normal -8.001745e-01 4.619810e-01 -3.824844e-01
    outer loop
      vertex   -1.613459e+01 1.008201e+01 -4.555886e+00
      vertex   -1.679857e+01 8.931957e+00 -4.555886e+00
      vertex   -1.686472e+01 8.967133e+00 -4.375000e+00
    endloop
  endfacet
  facet normal -8.304515e-01 4.050383e-01 -3.824844e-01
    outer loop
      vertex   -1.686472e+01 8.967133e+00 -4.375000e+00
      vertex   -1.679857e+01 8.931957e+00 -4.555886e+00
      vertex   -1.744916e+01 7.768866e+00 -4.375000e+00
    endloop
  endfacet
  facet normal -7.132222e-01 3.478617e-01 -6.085279e-01
    outer loop
      vertex   -1.686472e+01 8.967133e+00 -4.375000e+00
      vertex   -1.744916e+01 7.768866e+00 -4.375000e+00
      vertex   -1.755804e+01 7.817344e+00 -4.219670e+00
    endloop
  endfacet
  facet normal -7.357505e-01 2.972625e-01 -6.085279e-01
    outer loop
      vertex   -1.755804e+01 7.817344e+00 -4.219670e+00
      vertex   -1.744916e+01 7.768866e+00 -4.375000e+00
      vertex   -1.806058e+01 6.573514e+00 -4.219670e+00
    endloop
  endfacet
  facet normal -5.646502e-01 2.281335e-01 -7.931741e-01
    outer loop
      vertex   -1.755804e+01 7.817344e+00 -4.219670e+00
      vertex   -1.806058e+01 6.573514e+00 -4.219670e+00
      vertex   -1.820654e+01 6.626640e+00 -4.100481e+00
    endloop
  endfacet
  facet normal -5.791886e-01 1.881898e-01 -7.931741e-01
    outer loop
      vertex   -1.820654e+01 6.626640e+00 -4.100481e+00
      vertex   -1.806058e+01 6.573514e+00 -4.219670e+00
      vertex   -1.862445e+01 5.340474e+00 -4.100481e+00
    endloop
  endfacet
  facet normal -3.641429e-01 1.183172e-01 -9.237970e-01
    outer loop
      vertex   -1.820654e+01 6.626640e+00 -4.100481e+00
      vertex   -1.862445e+01 5.340474e+00 -4.100481e+00
      vertex   -1.879832e+01 5.390333e+00 -4.025556e+00
    endloop
  endfacet
  facet normal -3.715093e-01 9.262766e-02 -9.237970e-01
    outer loop
      vertex   -1.879832e+01 5.390333e+00 -4.025556e+00
      vertex   -1.862445e+01 5.340474e+00 -4.100481e+00
      vertex   -1.912854e+01 4.065897e+00 -4.025556e+00
    endloop
  endfacet
  facet normal -8.304515e-01 4.050383e-01 -3.824844e-01
    outer loop
      vertex   -1.679857e+01 8.931957e+00 -4.555886e+00
      vertex   -1.738071e+01 7.738391e+00 -4.555886e+00
      vertex   -1.744916e+01 7.768866e+00 -4.375000e+00
    endloop
  endfacet
  facet normal -8.566826e-01 3.461222e-01 -3.824844e-01
    outer loop
      vertex   -1.744916e+01 7.768866e+00 -4.375000e+00
      vertex   -1.738071e+01 7.738391e+00 -4.555886e+00
      vertex   -1.794858e+01 6.532749e+00 -4.375000e+00
    endloop
  endfacet
  facet normal -7.357505e-01 2.972625e-01 -6.085279e-01
    outer loop
      vertex   -1.744916e+01 7.768866e+00 -4.375000e+00
      vertex   -1.794858e+01 6.532749e+00 -4.375000e+00
      vertex   -1.806058e+01 6.573514e+00 -4.219670e+00
    endloop
  endfacet
  facet normal -7.546942e-01 2.452150e-01 -6.085279e-01
    outer loop
      vertex   -1.806058e+01 6.573514e+00 -4.219670e+00
      vertex   -1.794858e+01 6.532749e+00 -4.375000e+00
      vertex   -1.847513e+01 5.297659e+00 -4.219670e+00
    endloop
  endfacet
  facet normal -5.791886e-01 1.881898e-01 -7.931741e-01
    outer loop
      vertex   -1.806058e+01 6.573514e+00 -4.219670e+00
      vertex   -1.847513e+01 5.297659e+00 -4.219670e+00
      vertex   -1.862445e+01 5.340474e+00 -4.100481e+00
    endloop
  endfacet
  facet normal -5.909052e-01 1.473292e-01 -7.931741e-01
    outer loop
      vertex   -1.862445e+01 5.340474e+00 -4.100481e+00
      vertex   -1.847513e+01 5.297659e+00 -4.219670e+00
      vertex   -1.895161e+01 4.028289e+00 -4.100481e+00
    endloop
  endfacet
  facet normal -3.715093e-01 9.262766e-02 -9.237970e-01
    outer loop
      vertex   -1.862445e+01 5.340474e+00 -4.100481e+00
      vertex   -1.895161e+01 4.028289e+00 -4.100481e+00
      vertex   -1.912854e+01 4.065897e+00 -4.025556e+00
    endloop
  endfacet
  facet normal -3.770657e-01 6.648685e-02 -9.237970e-01
    outer loop
      vertex   -1.912854e+01 4.065897e+00 -4.025556e+00
      vertex   -1.895161e+01 4.028289e+00 -4.100481e+00
      vertex   -1.936557e+01 2.721653e+00 -4.025556e+00
    endloop
  endfacet
  facet normal -8.566826e-01 3.461222e-01 -3.824844e-01
    outer loop
      vertex   -1.738071e+01 7.738391e+00 -4.555886e+00
      vertex   -1.787817e+01 6.507123e+00 -4.555886e+00
      vertex   -1.794858e+01 6.532749e+00 -4.375000e+00
    endloop
  endfacet
  facet normal -8.787400e-01 2.855199e-01 -3.824844e-01
    outer loop
      vertex   -1.794858e+01 6.532749e+00 -4.375000e+00
      vertex   -1.787817e+01 6.507123e+00 -4.555886e+00
      vertex   -1.836056e+01 5.264806e+00 -4.375000e+00
    endloop
  endfacet
  facet normal -7.546942e-01 2.452150e-01 -6.085279e-01
    outer loop
      vertex   -1.794858e+01 6.532749e+00 -4.375000e+00
      vertex   -1.836056e+01 5.264806e+00 -4.375000e+00
      vertex   -1.847513e+01 5.297659e+00 -4.219670e+00
    endloop
  endfacet
  facet normal -7.699611e-01 1.919729e-01 -6.085279e-01
    outer loop
      vertex   -1.847513e+01 5.297659e+00 -4.219670e+00
      vertex   -1.836056e+01 5.264806e+00 -4.375000e+00
      vertex   -1.879967e+01 3.995994e+00 -4.219670e+00
    endloop
  endfacet
  facet normal -5.909052e-01 1.473292e-01 -7.931741e-01
    outer loop
      vertex   -1.847513e+01 5.297659e+00 -4.219670e+00
      vertex   -1.879967e+01 3.995994e+00 -4.219670e+00
      vertex   -1.895161e+01 4.028289e+00 -4.100481e+00
    endloop
  endfacet
  facet normal -5.997429e-01 1.057509e-01 -7.931741e-01
    outer loop
      vertex   -1.895161e+01 4.028289e+00 -4.100481e+00
      vertex   -1.879967e+01 3.995994e+00 -4.219670e+00
      vertex   -1.918644e+01 2.696479e+00 -4.100481e+00
    endloop
  endfacet
  facet normal -3.770657e-01 6.648685e-02 -9.237970e-01
    outer loop
      vertex   -1.895161e+01 4.028289e+00 -4.100481e+00
      vertex   -1.918644e+01 2.696479e+00 -4.100481e+00
      vertex   -1.936557e+01 2.721653e+00 -4.025556e+00
    endloop
  endfacet
  facet normal -3.807850e-01 4.002212e-02 -9.237970e-01
    outer loop
      vertex   -1.936557e+01 2.721653e+00 -4.025556e+00
      vertex   -1.918644e+01 2.696479e+00 -4.100481e+00
      vertex   -1.950825e+01 1.364150e+00 -4.025556e+00
    endloop
  endfacet
  facet normal -8.787400e-01 2.855199e-01 -3.824844e-01
    outer loop
      vertex   -1.787817e+01 6.507123e+00 -4.555886e+00
      vertex   -1.828854e+01 5.244154e+00 -4.555886e+00
      vertex   -1.836056e+01 5.264806e+00 -4.375000e+00
    endloop
  endfacet
  facet normal -8.965163e-01 2.235266e-01 -3.824844e-01
    outer loop
      vertex   -1.836056e+01 5.264806e+00 -4.375000e+00
      vertex   -1.828854e+01 5.244154e+00 -4.555886e+00
      vertex   -1.868309e+01 3.971213e+00 -4.375000e+00
    endloop
  endfacet
  facet normal -7.699611e-01 1.919729e-01 -6.085279e-01
    outer loop
      vertex   -1.836056e+01 5.264806e+00 -4.375000e+00
      vertex   -1.868309e+01 3.971213e+00 -4.375000e+00
      vertex   -1.879967e+01 3.995994e+00 -4.219670e+00
    endloop
  endfacet
  facet normal -7.814769e-01 1.377955e-01 -6.085279e-01
    outer loop
      vertex   -1.879967e+01 3.995994e+00 -4.219670e+00
      vertex   -1.868309e+01 3.971213e+00 -4.375000e+00
      vertex   -1.903263e+01 2.674861e+00 -4.219670e+00
    endloop
  endfacet
  facet normal -5.997429e-01 1.057509e-01 -7.931741e-01
    outer loop
      vertex   -1.879967e+01 3.995994e+00 -4.219670e+00
      vertex   -1.903263e+01 2.674861e+00 -4.219670e+00
      vertex   -1.918644e+01 2.696479e+00 -4.100481e+00
    endloop
  endfacet
  facet normal -6.056588e-01 6.365730e-02 -7.931741e-01
    outer loop
      vertex   -1.918644e+01 2.696479e+00 -4.100481e+00
      vertex   -1.903263e+01 2.674861e+00 -4.219670e+00
      vertex   -1.932780e+01 1.351532e+00 -4.100481e+00
    endloop
  endfacet
  facet normal -3.807850e-01 4.002212e-02 -9.237970e-01
    outer loop
      vertex   -1.918644e+01 2.696479e+00 -4.100481e+00
      vertex   -1.932780e+01 1.351532e+00 -4.100481e+00
      vertex   -1.950825e+01 1.364150e+00 -4.025556e+00
    endloop
  endfacet
  facet normal -8.965163e-01 2.235266e-01 -3.824844e-01
    outer loop
      vertex   -1.828854e+01 5.244154e+00 -4.555886e+00
      vertex   -1.860980e+01 3.955635e+00 -4.555886e+00
      vertex   -1.868309e+01 3.971213e+00 -4.375000e+00
    endloop
  endfacet
  facet normal -9.099249e-01 1.604443e-01 -3.824844e-01
    outer loop
      vertex   -1.868309e+01 3.971213e+00 -4.375000e+00
      vertex   -1.860980e+01 3.955635e+00 -4.555886e+00
      vertex   -1.891460e+01 2.658273e+00 -4.375000e+00
    endloop
  endfacet
  facet normal -7.814769e-01 1.377955e-01 -6.085279e-01
    outer loop
      vertex   -1.868309e+01 3.971213e+00 -4.375000e+00
      vertex   -1.891460e+01 2.658273e+00 -4.375000e+00
      vertex   -1.903263e+01 2.674861e+00 -4.219670e+00
    endloop
  endfacet
  facet normal -7.891854e-01 8.294673e-02 -6.085279e-01
    outer loop
      vertex   -1.903263e+01 2.674861e+00 -4.219670e+00
      vertex   -1.891460e+01 2.658273e+00 -4.375000e+00
      vertex   -1.917285e+01 1.340696e+00 -4.219670e+00
    endloop
  endfacet
  facet normal -6.056588e-01 6.365730e-02 -7.931741e-01
    outer loop
      vertex   -1.903263e+01 2.674861e+00 -4.219670e+00
      vertex   -1.917285e+01 1.340696e+00 -4.219670e+00
      vertex   -1.932780e+01 1.351532e+00 -4.100481e+00
    endloop
  endfacet
  facet normal -9.099249e-01 1.604443e-01 -3.824844e-01
    outer loop
      vertex   -1.860980e+01 3.955635e+00 -4.555886e+00
      vertex   -1.884040e+01 2.647846e+00 -4.555886e+00
      vertex   -1.891460e+01 2.658273e+00 -4.375000e+00
    endloop
  endfacet
  facet normal -9.189004e-01 9.658032e-02 -3.824844e-01
    outer loop
      vertex   -1.891460e+01 2.658273e+00 -4.375000e+00
      vertex   -1.884040e+01 2.647846e+00 -4.555886e+00
      vertex   -1.905395e+01 1.332382e+00 -4.375000e+00
    endloop
  endfacet
  facet normal -7.891854e-01 8.294673e-02 -6.085279e-01
    outer loop
      vertex   -1.891460e+01 2.658273e+00 -4.375000e+00
      vertex   -1.905395e+01 1.332382e+00 -4.375000e+00
      vertex   -1.917285e+01 1.340696e+00 -4.219670e+00
    endloop
  endfacet
  facet normal -9.189004e-01 9.658032e-02 -3.824844e-01
    outer loop
      vertex   -1.897921e+01 1.327156e+00 -4.555886e+00
      vertex   -1.905395e+01 1.332382e+00 -4.375000e+00
      vertex   -1.884040e+01 2.647846e+00 -4.555886e+00
    endloop
  endfacet
  facet normal -9.993481e-01 -3.610241e-02 -6.573404e-16
    outer loop
      vertex   -1.895047e+01 -1.370997e+00 -5.250000e+00
      vertex   -1.895047e+01 -1.370997e+00 -4.750000e+00
      vertex   -1.900000e+01 -2.821952e-16 -5.250000e+00
    endloop
  endfacet
  facet normal -9.993481e-01 -3.610241e-02 -3.713386e-16
    outer loop
      vertex   -1.900000e+01 -2.821952e-16 -5.250000e+00
      vertex   -1.895047e+01 -1.370997e+00 -4.750000e+00
      vertex   -1.900000e+01 -5.425045e-15 -4.750000e+00
    endloop
  endfacet
  facet normal -9.993481e-01 3.610241e-02 3.713386e-16
    outer loop
      vertex   -1.900000e+01 -2.821952e-16 -5.250000e+00
      vertex   -1.900000e+01 -5.425045e-15 -4.750000e+00
      vertex   -1.895047e+01 1.370997e+00 -5.250000e+00
    endloop
  endfacet
  facet normal -9.993481e-01 3.610241e-02 6.573404e-16
    outer loop
      vertex   -1.895047e+01 1.370997e+00 -5.250000e+00
      vertex   -1.900000e+01 -5.425045e-15 -4.750000e+00
      vertex   -1.895047e+01 1.370997e+00 -4.750000e+00
    endloop
  endfacet
  facet normal -9.941380e-01 1.081190e-01 1.968594e-15
    outer loop
      vertex   -1.895047e+01 1.370997e+00 -5.250000e+00
      vertex   -1.895047e+01 1.370997e+00 -4.750000e+00
      vertex   -1.880214e+01 2.734847e+00 -5.250000e+00
    endloop
  endfacet
  facet normal -9.941380e-01 1.081190e-01 -1.824551e-15
    outer loop
      vertex   -1.880214e+01 2.734847e+00 -5.250000e+00
      vertex   -1.895047e+01 1.370997e+00 -4.750000e+00
      vertex   -1.880214e+01 2.734847e+00 -4.750000e+00
    endloop
  endfacet
  facet normal -9.837448e-01 1.795719e-01 -3.030347e-15
    outer loop
      vertex   -1.880214e+01 2.734847e+00 -5.250000e+00
      vertex   -1.880214e+01 2.734847e+00 -4.750000e+00
      vertex   -1.855579e+01 4.084438e+00 -5.250000e+00
    endloop
  endfacet
  facet normal -9.837448e-01 1.795719e-01 3.189838e-16
    outer loop
      vertex   -1.855579e+01 4.084438e+00 -5.250000e+00
      vertex   -1.880214e+01 2.734847e+00 -4.750000e+00
      vertex   -1.855579e+01 4.084438e+00 -4.750000e+00
    endloop
  endfacet
  facet normal -9.682229e-01 2.500887e-01 4.442467e-16
    outer loop
      vertex   -1.855579e+01 4.084438e+00 -5.250000e+00
      vertex   -1.855579e+01 4.084438e+00 -4.750000e+00
      vertex   -1.821270e+01 5.412735e+00 -5.250000e+00
    endloop
  endfacet
  facet normal -9.682229e-01 2.500887e-01 8.884934e-16
    outer loop
      vertex   -1.821270e+01 5.412735e+00 -5.250000e+00
      vertex   -1.855579e+01 4.084438e+00 -4.750000e+00
      vertex   -1.821270e+01 5.412735e+00 -4.750000e+00
    endloop
  endfacet
  facet normal -9.476532e-01 3.193015e-01 1.134387e-15
    outer loop
      vertex   -1.821270e+01 5.412735e+00 -5.250000e+00
      vertex   -1.821270e+01 5.412735e+00 -4.750000e+00
      vertex   -1.777465e+01 6.712813e+00 -5.250000e+00
    endloop
  endfacet
  facet normal -9.476532e-01 3.193015e-01 3.330320e-15
    outer loop
      vertex   -1.777465e+01 6.712813e+00 -5.250000e+00
      vertex   -1.821270e+01 5.412735e+00 -4.750000e+00
      vertex   -1.777465e+01 6.712813e+00 -4.750000e+00
    endloop
  endfacet
  facet normal -9.221428e-01 3.868497e-01 2.429120e-15
    outer loop
      vertex   -1.777465e+01 6.712813e+00 -5.250000e+00
      vertex   -1.777465e+01 6.712813e+00 -4.750000e+00
      vertex   -1.724393e+01 7.977893e+00 -5.250000e+00
    endloop
  endfacet
  facet normal -9.221428e-01 3.868497e-01 6.871831e-16
    outer loop
      vertex   -1.724393e+01 7.977893e+00 -5.250000e+00
      vertex   -1.777465e+01 6.712813e+00 -4.750000e+00
      vertex   -1.724393e+01 7.977893e+00 -4.750000e+00
    endloop
  endfacet
  facet normal -8.918248e-01 4.523810e-01 8.035901e-16
    outer loop
      vertex   -1.724393e+01 7.977893e+00 -5.250000e+00
      vertex   -1.724393e+01 7.977893e+00 -4.750000e+00
      vertex   -1.662332e+01 9.201380e+00 -5.250000e+00
    endloop
  endfacet
  facet normal -8.918248e-01 4.523810e-01 0.000000e+00
    outer loop
      vertex   -1.662332e+01 9.201380e+00 -5.250000e+00
      vertex   -1.724393e+01 7.977893e+00 -4.750000e+00
      vertex   -1.662332e+01 9.201380e+00 -4.750000e+00
    endloop
  endfacet
  facet normal -8.568572e-01 5.155539e-01 0.000000e+00
    outer loop
      vertex   -1.662332e+01 9.201380e+00 -5.250000e+00
      vertex   -1.662332e+01 9.201380e+00 -4.750000e+00
      vertex   -1.591603e+01 1.037690e+01 -5.250000e+00
    endloop
  endfacet
  facet normal -8.568572e-01 5.155539e-01 -1.238125e-15
    outer loop
      vertex   -1.591603e+01 1.037690e+01 -5.250000e+00
      vertex   -1.662332e+01 9.201380e+00 -4.750000e+00
      vertex   -1.591603e+01 1.037690e+01 -4.750000e+00
    endloop
  endfacet
  facet normal -8.174223e-01 5.760388e-01 -2.377869e-15
    outer loop
      vertex   -1.591603e+01 1.037690e+01 -5.250000e+00
      vertex   -1.591603e+01 1.037690e+01 -4.750000e+00
      vertex   -1.512577e+01 1.149831e+01 -5.250000e+00
    endloop
  endfacet
  facet normal -8.174223e-01 5.760388e-01 -3.313679e-16
    outer loop
      vertex   -1.512577e+01 1.149831e+01 -5.250000e+00
      vertex   -1.591603e+01 1.037690e+01 -4.750000e+00
      vertex   -1.512577e+01 1.149831e+01 -4.750000e+00
    endloop
  endfacet
  facet normal -7.737258e-01 6.335206e-01 -1.254499e-15
    outer loop
      vertex   -1.512577e+01 1.149831e+01 -5.250000e+00
      vertex   -1.512577e+01 1.149831e+01 -4.750000e+00
      vertex   -1.425665e+01 1.255978e+01 -5.250000e+00
    endloop
  endfacet
  facet normal -7.737258e-01 6.335206e-01 0.000000e+00
    outer loop
      vertex   -1.425665e+01 1.255978e+01 -5.250000e+00
      vertex   -1.512577e+01 1.149831e+01 -4.750000e+00
      vertex   -1.425665e+01 1.255978e+01 -4.750000e+00
    endloop
  endfacet
  facet normal -7.259955e-01 6.876995e-01 0.000000e+00
    outer loop
      vertex   -1.425665e+01 1.255978e+01 -5.250000e+00
      vertex   -1.425665e+01 1.255978e+01 -4.750000e+00
      vertex   -1.331320e+01 1.355577e+01 -5.250000e+00
    endloop
  endfacet
  facet normal -7.259955e-01 6.876995e-01 0.000000e+00
    outer loop
      vertex   -1.331320e+01 1.355577e+01 -5.250000e+00
      vertex   -1.425665e+01 1.255978e+01 -4.750000e+00
      vertex   -1.331320e+01 1.355577e+01 -4.750000e+00
    endloop
  endfacet
  facet normal -6.744801e-01 7.382930e-01 0.000000e+00
    outer loop
      vertex   -1.331320e+01 1.355577e+01 -5.250000e+00
      vertex   -1.331320e+01 1.355577e+01 -4.750000e+00
      vertex   -1.230034e+01 1.448108e+01 -5.250000e+00
    endloop
  endfacet
  facet normal -6.744801e-01 7.382930e-01 -6.801264e-16
    outer loop
      vertex   -1.230034e+01 1.448108e+01 -5.250000e+00
      vertex   -1.331320e+01 1.355577e+01 -4.750000e+00
      vertex   -1.230034e+01 1.448108e+01 -4.750000e+00
    endloop
  endfacet
  facet normal -6.194484e-01 7.850374e-01 -1.764871e-15
    outer loop
      vertex   -1.230034e+01 1.448108e+01 -5.250000e+00
      vertex   -1.230034e+01 1.448108e+01 -4.750000e+00
      vertex   -1.122335e+01 1.533090e+01 -5.250000e+00
    endloop
  endfacet
  facet normal -6.194484e-01 7.850374e-01 0.000000e+00
    outer loop
      vertex   -1.122335e+01 1.533090e+01 -5.250000e+00
      vertex   -1.230034e+01 1.448108e+01 -4.750000e+00
      vertex   -1.122335e+01 1.533090e+01 -4.750000e+00
    endloop
  endfacet
  facet normal -5.611871e-01 8.276890e-01 0.000000e+00
    outer loop
      vertex   -1.122335e+01 1.533090e+01 -5.250000e+00
      vertex   -1.122335e+01 1.533090e+01 -4.750000e+00
      vertex   -1.008785e+01 1.610078e+01 -5.250000e+00
    endloop
  endfacet
  facet normal -5.611871e-01 8.276890e-01 0.000000e+00
    outer loop
      vertex   -1.008785e+01 1.610078e+01 -5.250000e+00
      vertex   -1.122335e+01 1.533090e+01 -4.750000e+00
      vertex   -1.008785e+01 1.610078e+01 -4.750000e+00
    endloop
  endfacet
  facet normal -5.000000e-01 8.660254e-01 0.000000e+00
    outer loop
      vertex   -1.008785e+01 1.610078e+01 -5.250000e+00
      vertex   -1.008785e+01 1.610078e+01 -4.750000e+00
      vertex   -8.899761e+00 1.678673e+01 -5.250000e+00
    endloop
  endfacet
  facet normal -5.000000e-01 8.660254e-01 -3.425177e-15
    outer loop
      vertex   -8.899761e+00 1.678673e+01 -5.250000e+00
      vertex   -1.008785e+01 1.610078e+01 -4.750000e+00
      vertex   -8.899761e+00 1.678673e+01 -4.750000e+00
    endloop
  endfacet
  facet normal -4.362062e-01 8.998468e-01 -5.039013e-15
    outer loop
      vertex   -8.899761e+00 1.678673e+01 -5.250000e+00
      vertex   -8.899761e+00 1.678673e+01 -4.750000e+00
      vertex   -7.665268e+00 1.738516e+01 -5.250000e+00
    endloop
  endfacet
  facet normal -4.362062e-01 8.998468e-01 -2.519507e-15
    outer loop
      vertex   -7.665268e+00 1.738516e+01 -5.250000e+00
      vertex   -8.899761e+00 1.678673e+01 -4.750000e+00
      vertex   -7.665268e+00 1.738516e+01 -4.750000e+00
    endloop
  endfacet
  facet normal -3.701382e-01 9.289767e-01 -3.313289e-15
    outer loop
      vertex   -7.665268e+00 1.738516e+01 -5.250000e+00
      vertex   -7.665268e+00 1.738516e+01 -4.750000e+00
      vertex   -6.390813e+00 1.789295e+01 -5.250000e+00
    endloop
  endfacet
  facet normal -3.701382e-01 9.289767e-01 0.000000e+00
    outer loop
      vertex   -6.390813e+00 1.789295e+01 -5.250000e+00
      vertex   -7.665268e+00 1.738516e+01 -4.750000e+00
      vertex   -6.390813e+00 1.789295e+01 -4.750000e+00
    endloop
  endfacet
  facet normal -3.021404e-01 9.532634e-01 0.000000e+00
    outer loop
      vertex   -6.390813e+00 1.789295e+01 -5.250000e+00
      vertex   -6.390813e+00 1.789295e+01 -4.750000e+00
      vertex   -5.083039e+00 1.830745e+01 -5.250000e+00
    endloop
  endfacet
  facet normal -3.021404e-01 9.532634e-01 -4.959341e-15
    outer loop
      vertex   -5.083039e+00 1.830745e+01 -5.250000e+00
      vertex   -6.390813e+00 1.789295e+01 -4.750000e+00
      vertex   -5.083039e+00 1.830745e+01 -4.750000e+00
    endloop
  endfacet
  facet normal -2.325675e-01 9.725803e-01 -7.211232e-15
    outer loop
      vertex   -5.083039e+00 1.830745e+01 -5.250000e+00
      vertex   -5.083039e+00 1.830745e+01 -4.750000e+00
      vertex   -3.748764e+00 1.862651e+01 -5.250000e+00
    endloop
  endfacet
  facet normal -2.325675e-01 9.725803e-01 -5.258107e-15
    outer loop
      vertex   -3.748764e+00 1.862651e+01 -5.250000e+00
      vertex   -5.083039e+00 1.830745e+01 -4.750000e+00
      vertex   -3.748764e+00 1.862651e+01 -4.750000e+00
    endloop
  endfacet
  facet normal -1.617820e-01 9.868265e-01 -5.862294e-15
    outer loop
      vertex   -3.748764e+00 1.862651e+01 -5.250000e+00
      vertex   -3.748764e+00 1.862651e+01 -4.750000e+00
      vertex   -2.394945e+00 1.884845e+01 -5.250000e+00
    endloop
  endfacet
  facet normal -1.617820e-01 9.868265e-01 -2.873826e-16
    outer loop
      vertex   -2.394945e+00 1.884845e+01 -5.250000e+00
      vertex   -3.748764e+00 1.862651e+01 -4.750000e+00
      vertex   -2.394945e+00 1.884845e+01 -4.750000e+00
    endloop
  endfacet
  facet normal -9.015308e-02 9.959279e-01 -1.601440e-16
    outer loop
      vertex   -2.394945e+00 1.884845e+01 -5.250000e+00
      vertex   -2.394945e+00 1.884845e+01 -4.750000e+00
      vertex   -1.028639e+00 1.897214e+01 -5.250000e+00
    endloop
  endfacet
  facet normal -9.015308e-02 9.959279e-01 -8.807922e-16
    outer loop
      vertex   -1.028639e+00 1.897214e+01 -5.250000e+00
      vertex   -2.394945e+00 1.884845e+01 -4.750000e+00
      vertex   -1.028639e+00 1.897214e+01 -4.750000e+00
    endloop
  endfacet
  facet normal -1.805415e-02 9.998370e-01 -1.763884e-16
    outer loop
      vertex   -1.028639e+00 1.897214e+01 -5.250000e+00
      vertex   -1.028639e+00 1.897214e+01 -4.750000e+00
      vertex   3.430288e-01 1.899690e+01 -5.250000e+00
    endloop
  endfacet
  facet normal -1.805415e-02 9.998370e-01 2.846267e-16
    outer loop
      vertex   3.430288e-01 1.899690e+01 -5.250000e+00
      vertex   -1.028639e+00 1.897214e+01 -4.750000e+00
      vertex   3.430288e-01 1.899690e+01 -4.750000e+00
    endloop
  endfacet
  facet normal 5.413891e-02 9.985334e-01 -8.535089e-16
    outer loop
      vertex   3.430288e-01 1.899690e+01 -5.250000e+00
      vertex   3.430288e-01 1.899690e+01 -4.750000e+00
      vertex   1.712909e+00 1.892263e+01 -5.250000e+00
    endloop
  endfacet
  facet normal 5.413891e-02 9.985334e-01 -4.087226e-16
    outer loop
      vertex   1.712909e+00 1.892263e+01 -5.250000e+00
      vertex   3.430288e-01 1.899690e+01 -4.750000e+00
      vertex   1.712909e+00 1.892263e+01 -4.750000e+00
    endloop
  endfacet
  facet normal 1.260497e-01 9.920239e-01 -9.516144e-16
    outer loop
      vertex   1.712909e+00 1.892263e+01 -5.250000e+00
      vertex   1.712909e+00 1.892263e+01 -4.750000e+00
      vertex   3.073858e+00 1.874970e+01 -5.250000e+00
    endloop
  endfacet
  facet normal 1.260497e-01 9.920239e-01 1.119546e-16
    outer loop
      vertex   3.073858e+00 1.874970e+01 -5.250000e+00
      vertex   1.712909e+00 1.892263e+01 -4.750000e+00
      vertex   3.073858e+00 1.874970e+01 -4.750000e+00
    endloop
  endfacet
  facet normal 1.973033e-01 9.803425e-01 1.752406e-16
    outer loop
      vertex   3.073858e+00 1.874970e+01 -5.250000e+00
      vertex   3.073858e+00 1.874970e+01 -4.750000e+00
      vertex   4.418782e+00 1.847903e+01 -5.250000e+00
    endloop
  endfacet
  facet normal 1.973033e-01 9.803425e-01 3.811422e-15
    outer loop
      vertex   4.418782e+00 1.847903e+01 -5.250000e+00
      vertex   3.073858e+00 1.874970e+01 -4.750000e+00
      vertex   4.418782e+00 1.847903e+01 -4.750000e+00
    endloop
  endfacet
  facet normal 2.675283e-01 9.635500e-01 2.569402e-15
    outer loop
      vertex   4.418782e+00 1.847903e+01 -5.250000e+00
      vertex   4.418782e+00 1.847903e+01 -4.750000e+00
      vertex   5.740668e+00 1.811201e+01 -5.250000e+00
    endloop
  endfacet
  facet normal 2.675283e-01 9.635500e-01 4.470306e-15
    outer loop
      vertex   5.740668e+00 1.811201e+01 -5.250000e+00
      vertex   4.418782e+00 1.847903e+01 -4.750000e+00
      vertex   5.740668e+00 1.811201e+01 -4.750000e+00
    endloop
  endfacet
  facet normal 3.363586e-01 9.417340e-01 3.703958e-15
    outer loop
      vertex   5.740668e+00 1.811201e+01 -5.250000e+00
      vertex   5.740668e+00 1.811201e+01 -4.750000e+00
      vertex   7.032625e+00 1.765056e+01 -5.250000e+00
    endloop
  endfacet
  facet normal 3.363586e-01 9.417340e-01 -0.000000e+00
    outer loop
      vertex   7.032625e+00 1.765056e+01 -5.250000e+00
      vertex   5.740668e+00 1.811201e+01 -4.750000e+00
      vertex   7.032625e+00 1.765056e+01 -4.750000e+00
    endloop
  endfacet
  facet normal 4.034352e-01 9.150082e-01 -0.000000e+00
    outer loop
      vertex   7.032625e+00 1.765056e+01 -5.250000e+00
      vertex   7.032625e+00 1.765056e+01 -4.750000e+00
      vertex   8.287917e+00 1.709709e+01 -5.250000e+00
    endloop
  endfacet
  facet normal 4.034352e-01 9.150082e-01 6.649235e-16
    outer loop
      vertex   8.287917e+00 1.709709e+01 -5.250000e+00
      vertex   7.032625e+00 1.765056e+01 -4.750000e+00
      vertex   8.287917e+00 1.709709e+01 -4.750000e+00
    endloop
  endfacet
  facet normal 4.684084e-01 8.835120e-01 2.042875e-15
    outer loop
      vertex   8.287917e+00 1.709709e+01 -5.250000e+00
      vertex   8.287917e+00 1.709709e+01 -4.750000e+00
      vertex   9.500000e+00 1.645448e+01 -5.250000e+00
    endloop
  endfacet
  facet normal 4.684084e-01 8.835120e-01 4.234856e-15
    outer loop
      vertex   9.500000e+00 1.645448e+01 -5.250000e+00
      vertex   8.287917e+00 1.709709e+01 -4.750000e+00
      vertex   9.500000e+00 1.645448e+01 -4.750000e+00
    endloop
  endfacet
  facet normal 5.309397e-01 8.474096e-01 2.611032e-15
    outer loop
      vertex   9.500000e+00 1.645448e+01 -5.250000e+00
      vertex   9.500000e+00 1.645448e+01 -4.750000e+00
      vertex   1.066255e+01 1.572609e+01 -5.250000e+00
    endloop
  endfacet
  facet normal 5.309397e-01 8.474096e-01 -0.000000e+00
    outer loop
      vertex   1.066255e+01 1.572609e+01 -5.250000e+00
      vertex   9.500000e+00 1.645448e+01 -4.750000e+00
      vertex   1.066255e+01 1.572609e+01 -4.750000e+00
    endloop
  endfacet
  facet normal 5.907028e-01 8.068892e-01 -0.000000e+00
    outer loop
      vertex   1.066255e+01 1.572609e+01 -5.250000e+00
      vertex   1.066255e+01 1.572609e+01 -4.750000e+00
      vertex   1.176952e+01 1.491571e+01 -5.250000e+00
    endloop
  endfacet
  facet normal 5.907028e-01 8.068892e-01 -0.000000e+00
    outer loop
      vertex   1.176952e+01 1.491571e+01 -5.250000e+00
      vertex   1.066255e+01 1.572609e+01 -4.750000e+00
      vertex   1.176952e+01 1.491571e+01 -4.750000e+00
    endloop
  endfacet
  facet normal 6.473863e-01 7.621621e-01 -0.000000e+00
    outer loop
      vertex   1.176952e+01 1.491571e+01 -5.250000e+00
      vertex   1.176952e+01 1.491571e+01 -4.750000e+00
      vertex   1.281512e+01 1.402757e+01 -5.250000e+00
    endloop
  endfacet
  facet normal 6.473863e-01 7.621621e-01 -0.000000e+00
    outer loop
      vertex   1.281512e+01 1.402757e+01 -5.250000e+00
      vertex   1.176952e+01 1.491571e+01 -4.750000e+00
      vertex   1.281512e+01 1.402757e+01 -4.750000e+00
    endloop
  endfacet
  facet normal 7.006946e-01 7.134613e-01 -0.000000e+00
    outer loop
      vertex   1.281512e+01 1.402757e+01 -5.250000e+00
      vertex   1.281512e+01 1.402757e+01 -4.750000e+00
      vertex   1.379391e+01 1.306629e+01 -5.250000e+00
    endloop
  endfacet
  facet normal 7.006946e-01 7.134613e-01 -0.000000e+00
    outer loop
      vertex   1.379391e+01 1.306629e+01 -5.250000e+00
      vertex   1.281512e+01 1.402757e+01 -4.750000e+00
      vertex   1.379391e+01 1.306629e+01 -4.750000e+00
    endloop
  endfacet
  facet normal 7.503498e-01 6.610410e-01 -0.000000e+00
    outer loop
      vertex   1.379391e+01 1.306629e+01 -5.250000e+00
      vertex   1.379391e+01 1.306629e+01 -4.750000e+00
      vertex   1.470079e+01 1.203689e+01 -5.250000e+00
    endloop
  endfacet
  facet normal 7.503498e-01 6.610410e-01 1.396623e-15
    outer loop
      vertex   1.470079e+01 1.203689e+01 -5.250000e+00
      vertex   1.379391e+01 1.306629e+01 -4.750000e+00
      vertex   1.470079e+01 1.203689e+01 -4.750000e+00
    endloop
  endfacet
  facet normal 7.960931e-01 6.051742e-01 1.151707e-16
    outer loop
      vertex   1.470079e+01 1.203689e+01 -5.250000e+00
      vertex   1.470079e+01 1.203689e+01 -4.750000e+00
      vertex   1.553102e+01 1.094474e+01 -5.250000e+00
    endloop
  endfacet
  facet normal 7.960931e-01 6.051742e-01 -0.000000e+00
    outer loop
      vertex   1.553102e+01 1.094474e+01 -5.250000e+00
      vertex   1.470079e+01 1.203689e+01 -4.750000e+00
      vertex   1.553102e+01 1.094474e+01 -4.750000e+00
    endloop
  endfacet
  facet normal 8.376858e-01 5.461524e-01 -0.000000e+00
    outer loop
      vertex   1.553102e+01 1.094474e+01 -5.250000e+00
      vertex   1.553102e+01 1.094474e+01 -4.750000e+00
      vertex   1.628029e+01 9.795523e+00 -5.250000e+00
    endloop
  endfacet
  facet normal 8.376858e-01 5.461524e-01 1.809176e-15
    outer loop
      vertex   1.628029e+01 9.795523e+00 -5.250000e+00
      vertex   1.553102e+01 1.094474e+01 -4.750000e+00
      vertex   1.628029e+01 9.795523e+00 -4.750000e+00
    endloop
  endfacet
  facet normal 8.749113e-01 4.842832e-01 6.654587e-16
    outer loop
      vertex   1.628029e+01 9.795523e+00 -5.250000e+00
      vertex   1.628029e+01 9.795523e+00 -4.750000e+00
      vertex   1.694467e+01 8.595240e+00 -5.250000e+00
    endloop
  endfacet
  facet normal 8.749113e-01 4.842832e-01 -0.000000e+00
    outer loop
      vertex   1.694467e+01 8.595240e+00 -5.250000e+00
      vertex   1.628029e+01 9.795523e+00 -4.750000e+00
      vertex   1.694467e+01 8.595240e+00 -4.750000e+00
    endloop
  endfacet
  facet normal 9.075754e-01 4.198891e-01 -0.000000e+00
    outer loop
      vertex   1.694467e+01 8.595240e+00 -5.250000e+00
      vertex   1.694467e+01 8.595240e+00 -4.750000e+00
      vertex   1.752071e+01 7.350145e+00 -5.250000e+00
    endloop
  endfacet
  facet normal 9.075754e-01 4.198891e-01 -0.000000e+00
    outer loop
      vertex   1.752071e+01 7.350145e+00 -5.250000e+00
      vertex   1.694467e+01 8.595240e+00 -4.750000e+00
      vertex   1.752071e+01 7.350145e+00 -4.750000e+00
    endloop
  endfacet
  facet normal 9.355078e-01 3.533059e-01 -0.000000e+00
    outer loop
      vertex   1.752071e+01 7.350145e+00 -5.250000e+00
      vertex   1.752071e+01 7.350145e+00 -4.750000e+00
      vertex   1.800541e+01 6.066729e+00 -5.250000e+00
    endloop
  endfacet
  facet normal 9.355078e-01 3.533059e-01 -9.988061e-16
    outer loop
      vertex   1.800541e+01 6.066729e+00 -5.250000e+00
      vertex   1.752071e+01 7.350145e+00 -4.750000e+00
      vertex   1.800541e+01 6.066729e+00 -4.750000e+00
    endloop
  endfacet
  facet normal 9.585629e-01 2.848808e-01 -2.256550e-15
    outer loop
      vertex   1.800541e+01 6.066729e+00 -5.250000e+00
      vertex   1.800541e+01 6.066729e+00 -4.750000e+00
      vertex   1.839624e+01 4.751685e+00 -5.250000e+00
    endloop
  endfacet
  facet normal 9.585629e-01 2.848808e-01 -5.060500e-16
    outer loop
      vertex   1.839624e+01 4.751685e+00 -5.250000e+00
      vertex   1.800541e+01 6.066729e+00 -4.750000e+00
      vertex   1.839624e+01 4.751685e+00 -4.750000e+00
    endloop
  endfacet
  facet normal 9.766206e-01 2.149704e-01 -3.818642e-16
    outer loop
      vertex   1.839624e+01 4.751685e+00 -5.250000e+00
      vertex   1.839624e+01 4.751685e+00 -4.750000e+00
      vertex   1.869115e+01 3.411867e+00 -5.250000e+00
    endloop
  endfacet
  facet normal 9.766206e-01 2.149704e-01 3.054914e-15
    outer loop
      vertex   1.869115e+01 3.411867e+00 -5.250000e+00
      vertex   1.839624e+01 4.751685e+00 -4.750000e+00
      vertex   1.869115e+01 3.411867e+00 -4.750000e+00
    endloop
  endfacet
  facet normal 9.895865e-01 1.439393e-01 2.045501e-15
    outer loop
      vertex   1.869115e+01 3.411867e+00 -5.250000e+00
      vertex   1.869115e+01 3.411867e+00 -4.750000e+00
      vertex   1.888862e+01 2.054261e+00 -5.250000e+00
    endloop
  endfacet
  facet normal 9.895865e-01 1.439393e-01 -1.278438e-16
    outer loop
      vertex   1.888862e+01 2.054261e+00 -5.250000e+00
      vertex   1.869115e+01 3.411867e+00 -4.750000e+00
      vertex   1.888862e+01 2.054261e+00 -4.750000e+00
    endloop
  endfacet
  facet normal 9.973932e-01 7.215776e-02 -6.408896e-17
    outer loop
      vertex   1.888862e+01 2.054261e+00 -5.250000e+00
      vertex   1.888862e+01 2.054261e+00 -4.750000e+00
      vertex   1.898761e+01 6.859459e-01 -5.250000e+00
    endloop
  endfacet
  facet normal 9.973932e-01 7.215776e-02 -8.011120e-17
    outer loop
      vertex   1.898761e+01 6.859459e-01 -5.250000e+00
      vertex   1.888862e+01 2.054261e+00 -4.750000e+00
      vertex   1.898761e+01 6.859459e-01 -4.750000e+00
    endloop
  endfacet
  facet normal 1.000000e+00 0.000000e+00 -0.000000e+00
    outer loop
      vertex   1.898761e+01 6.859459e-01 -5.250000e+00
      vertex   1.898761e+01 6.859459e-01 -4.750000e+00
      vertex   1.898761e+01 -6.859459e-01 -5.250000e+00
    endloop
  endfacet
  facet normal 1.000000e+00 0.000000e+00 0.000000e+00
    outer loop
      vertex   1.898761e+01 -6.859459e-01 -5.250000e+00
      vertex   1.898761e+01 6.859459e-01 -4.750000e+00
      vertex   1.898761e+01 -6.859459e-01 -4.750000e+00
    endloop
  endfacet
  facet normal 9.973932e-01 -7.215776e-02 6.408896e-17
    outer loop
      vertex   1.898761e+01 -6.859459e-01 -5.250000e+00
      vertex   1.898761e+01 -6.859459e-01 -4.750000e+00
      vertex   1.888862e+01 -2.054261e+00 -5.250000e+00
    endloop
  endfacet
  facet normal 9.973932e-01 -7.215776e-02 6.408896e-17
    outer loop
      vertex   1.888862e+01 -2.054261e+00 -5.250000e+00
      vertex   1.898761e+01 -6.859459e-01 -4.750000e+00
      vertex   1.888862e+01 -2.054261e+00 -4.750000e+00
    endloop
  endfacet
  facet normal 9.895865e-01 -1.439393e-01 1.278438e-16
    outer loop
      vertex   1.888862e+01 -2.054261e+00 -5.250000e+00
      vertex   1.888862e+01 -2.054261e+00 -4.750000e+00
      vertex   1.869115e+01 -3.411867e+00 -5.250000e+00
    endloop
  endfacet
  facet normal 9.895865e-01 -1.439393e-01 -2.045501e-15
    outer loop
      vertex   1.869115e+01 -3.411867e+00 -5.250000e+00
      vertex   1.888862e+01 -2.054261e+00 -4.750000e+00
      vertex   1.869115e+01 -3.411867e+00 -4.750000e+00
    endloop
  endfacet
  facet normal 9.766206e-01 -2.149704e-01 -3.054914e-15
    outer loop
      vertex   1.869115e+01 -3.411867e+00 -5.250000e+00
      vertex   1.869115e+01 -3.411867e+00 -4.750000e+00
      vertex   1.839624e+01 -4.751685e+00 -5.250000e+00
    endloop
  endfacet
  facet normal 9.766206e-01 -2.149704e-01 0.000000e+00
    outer loop
      vertex   1.839624e+01 -4.751685e+00 -5.250000e+00
      vertex   1.869115e+01 -3.411867e+00 -4.750000e+00
      vertex   1.839624e+01 -4.751685e+00 -4.750000e+00
    endloop
  endfacet
  facet normal 9.585629e-01 -2.848808e-01 0.000000e+00
    outer loop
      vertex   1.839624e+01 -4.751685e+00 -5.250000e+00
      vertex   1.839624e+01 -4.751685e+00 -4.750000e+00
      vertex   1.800541e+01 -6.066729e+00 -5.250000e+00
    endloop
  endfacet
  facet normal 9.585629e-01 -2.848808e-01 2.256550e-15
    outer loop
      vertex   1.800541e+01 -6.066729e+00 -5.250000e+00
      vertex   1.839624e+01 -4.751685e+00 -4.750000e+00
      vertex   1.800541e+01 -6.066729e+00 -4.750000e+00
    endloop
  endfacet
  facet normal 9.355078e-01 -3.533059e-01 9.988061e-16
    outer loop
      vertex   1.800541e+01 -6.066729e+00 -5.250000e+00
      vertex   1.800541e+01 -6.066729e+00 -4.750000e+00
      vertex   1.752071e+01 -7.350145e+00 -5.250000e+00
    endloop
  endfacet
  facet normal 9.355078e-01 -3.533059e-01 0.000000e+00
    outer loop
      vertex   1.752071e+01 -7.350145e+00 -5.250000e+00
      vertex   1.800541e+01 -6.066729e+00 -4.750000e+00
      vertex   1.752071e+01 -7.350145e+00 -4.750000e+00
    endloop
  endfacet
  facet normal 9.075754e-01 -4.198891e-01 0.000000e+00
    outer loop
      vertex   1.752071e+01 -7.350145e+00 -5.250000e+00
      vertex   1.752071e+01 -7.350145e+00 -4.750000e+00
      vertex   1.694467e+01 -8.595240e+00 -5.250000e+00
    endloop
  endfacet
  facet normal 9.075754e-01 -4.198891e-01 0.000000e+00
    outer loop
      vertex   1.694467e+01 -8.595240e+00 -5.250000e+00
      vertex   1.752071e+01 -7.350145e+00 -4.750000e+00
      vertex   1.694467e+01 -8.595240e+00 -4.750000e+00
    endloop
  endfacet
  facet normal 8.749113e-01 -4.842832e-01 0.000000e+00
    outer loop
      vertex   1.694467e+01 -8.595240e+00 -5.250000e+00
      vertex   1.694467e+01 -8.595240e+00 -4.750000e+00
      vertex   1.628029e+01 -9.795523e+00 -5.250000e+00
    endloop
  endfacet
  facet normal 8.749113e-01 -4.842832e-01 -2.385978e-15
    outer loop
      vertex   1.628029e+01 -9.795523e+00 -5.250000e+00
      vertex   1.694467e+01 -8.595240e+00 -4.750000e+00
      vertex   1.628029e+01 -9.795523e+00 -4.750000e+00
    endloop
  endfacet
  facet normal 8.376858e-01 -5.461524e-01 -3.749499e-15
    outer loop
      vertex   1.628029e+01 -9.795523e+00 -5.250000e+00
      vertex   1.628029e+01 -9.795523e+00 -4.750000e+00
      vertex   1.553102e+01 -1.094474e+01 -5.250000e+00
    endloop
  endfacet
  facet normal 8.376858e-01 -5.461524e-01 0.000000e+00
    outer loop
      vertex   1.553102e+01 -1.094474e+01 -5.250000e+00
      vertex   1.628029e+01 -9.795523e+00 -4.750000e+00
      vertex   1.553102e+01 -1.094474e+01 -4.750000e+00
    endloop
  endfacet
  facet normal 7.960931e-01 -6.051742e-01 0.000000e+00
    outer loop
      vertex   1.553102e+01 -1.094474e+01 -5.250000e+00
      vertex   1.553102e+01 -1.094474e+01 -4.750000e+00
      vertex   1.470079e+01 -1.203689e+01 -5.250000e+00
    endloop
  endfacet
  facet normal 7.960931e-01 -6.051742e-01 2.034840e-15
    outer loop
      vertex   1.470079e+01 -1.203689e+01 -5.250000e+00
      vertex   1.553102e+01 -1.094474e+01 -4.750000e+00
      vertex   1.470079e+01 -1.203689e+01 -4.750000e+00
    endloop
  endfacet
  facet normal 7.503498e-01 -6.610410e-01 9.518665e-16
    outer loop
      vertex   1.470079e+01 -1.203689e+01 -5.250000e+00
      vertex   1.470079e+01 -1.203689e+01 -4.750000e+00
      vertex   1.379391e+01 -1.306629e+01 -5.250000e+00
    endloop
  endfacet
  facet normal 7.503498e-01 -6.610410e-01 0.000000e+00
    outer loop
      vertex   1.379391e+01 -1.306629e+01 -5.250000e+00
      vertex   1.470079e+01 -1.203689e+01 -4.750000e+00
      vertex   1.379391e+01 -1.306629e+01 -4.750000e+00
    endloop
  endfacet
  facet normal 7.006946e-01 -7.134613e-01 0.000000e+00
    outer loop
      vertex   1.379391e+01 -1.306629e+01 -5.250000e+00
      vertex   1.379391e+01 -1.306629e+01 -4.750000e+00
      vertex   1.281512e+01 -1.402757e+01 -5.250000e+00
    endloop
  endfacet
  facet normal 7.006946e-01 -7.134613e-01 0.000000e+00
    outer loop
      vertex   1.281512e+01 -1.402757e+01 -5.250000e+00
      vertex   1.379391e+01 -1.306629e+01 -4.750000e+00
      vertex   1.281512e+01 -1.402757e+01 -4.750000e+00
    endloop
  endfacet
  facet normal 6.473863e-01 -7.621621e-01 0.000000e+00
    outer loop
      vertex   1.281512e+01 -1.402757e+01 -5.250000e+00
      vertex   1.281512e+01 -1.402757e+01 -4.750000e+00
      vertex   1.176952e+01 -1.491571e+01 -5.250000e+00
    endloop
  endfacet
  facet normal 6.473863e-01 -7.621621e-01 0.000000e+00
    outer loop
      vertex   1.176952e+01 -1.491571e+01 -5.250000e+00
      vertex   1.281512e+01 -1.402757e+01 -4.750000e+00
      vertex   1.176952e+01 -1.491571e+01 -4.750000e+00
    endloop
  endfacet
  facet normal 5.907028e-01 -8.068892e-01 0.000000e+00
    outer loop
      vertex   1.176952e+01 -1.491571e+01 -5.250000e+00
      vertex   1.176952e+01 -1.491571e+01 -4.750000e+00
      vertex   1.066255e+01 -1.572609e+01 -5.250000e+00
    endloop
  endfacet
  facet normal 5.907028e-01 -8.068892e-01 0.000000e+00
    outer loop
      vertex   1.066255e+01 -1.572609e+01 -5.250000e+00
      vertex   1.176952e+01 -1.491571e+01 -4.750000e+00
      vertex   1.066255e+01 -1.572609e+01 -4.750000e+00
    endloop
  endfacet
  facet normal 5.309397e-01 -8.474096e-01 0.000000e+00
    outer loop
      vertex   1.066255e+01 -1.572609e+01 -5.250000e+00
      vertex   1.066255e+01 -1.572609e+01 -4.750000e+00
      vertex   9.500000e+00 -1.645448e+01 -5.250000e+00
    endloop
  endfacet
  facet normal 5.309397e-01 -8.474096e-01 3.410175e-15
    outer loop
      vertex   9.500000e+00 -1.645448e+01 -5.250000e+00
      vertex   1.066255e+01 -1.572609e+01 -4.750000e+00
      vertex   9.500000e+00 -1.645448e+01 -4.750000e+00
    endloop
  endfacet
  facet normal 4.684084e-01 -8.835120e-01 2.042875e-15
    outer loop
      vertex   9.500000e+00 -1.645448e+01 -5.250000e+00
      vertex   9.500000e+00 -1.645448e+01 -4.750000e+00
      vertex   8.287917e+00 -1.709709e+01 -5.250000e+00
    endloop
  endfacet
  facet normal 4.684084e-01 -8.835120e-01 4.234856e-15
    outer loop
      vertex   8.287917e+00 -1.709709e+01 -5.250000e+00
      vertex   9.500000e+00 -1.645448e+01 -4.750000e+00
      vertex   8.287917e+00 -1.709709e+01 -4.750000e+00
    endloop
  endfacet
  facet normal 4.034352e-01 -9.150082e-01 5.836601e-15
    outer loop
      vertex   8.287917e+00 -1.709709e+01 -5.250000e+00
      vertex   8.287917e+00 -1.709709e+01 -4.750000e+00
      vertex   7.032625e+00 -1.765056e+01 -5.250000e+00
    endloop
  endfacet
  facet normal 4.034352e-01 -9.150082e-01 0.000000e+00
    outer loop
      vertex   7.032625e+00 -1.765056e+01 -5.250000e+00
      vertex   8.287917e+00 -1.709709e+01 -4.750000e+00
      vertex   7.032625e+00 -1.765056e+01 -4.750000e+00
    endloop
  endfacet
  facet normal 3.363586e-01 -9.417340e-01 0.000000e+00
    outer loop
      vertex   7.032625e+00 -1.765056e+01 -5.250000e+00
      vertex   7.032625e+00 -1.765056e+01 -4.750000e+00
      vertex   5.740668e+00 -1.811201e+01 -5.250000e+00
    endloop
  endfacet
  facet normal 3.363586e-01 -9.417340e-01 -3.703958e-15
    outer loop
      vertex   5.740668e+00 -1.811201e+01 -5.250000e+00
      vertex   7.032625e+00 -1.765056e+01 -4.750000e+00
      vertex   5.740668e+00 -1.811201e+01 -4.750000e+00
    endloop
  endfacet
  facet normal 2.675283e-01 -9.635500e-01 -4.470306e-15
    outer loop
      vertex   5.740668e+00 -1.811201e+01 -5.250000e+00
      vertex   5.740668e+00 -1.811201e+01 -4.750000e+00
      vertex   4.418782e+00 -1.847903e+01 -5.250000e+00
    endloop
  endfacet
  facet normal 2.675283e-01 -9.635500e-01 3.801806e-15
    outer loop
      vertex   4.418782e+00 -1.847903e+01 -5.250000e+00
      vertex   5.740668e+00 -1.811201e+01 -4.750000e+00
      vertex   4.418782e+00 -1.847903e+01 -4.750000e+00
    endloop
  endfacet
  facet normal 1.973033e-01 -9.803425e-01 2.803849e-15
    outer loop
      vertex   4.418782e+00 -1.847903e+01 -5.250000e+00
      vertex   4.418782e+00 -1.847903e+01 -4.750000e+00
      vertex   3.073858e+00 -1.874970e+01 -5.250000e+00
    endloop
  endfacet
  facet normal 1.973033e-01 -9.803425e-01 -1.752406e-16
    outer loop
      vertex   3.073858e+00 -1.874970e+01 -5.250000e+00
      vertex   4.418782e+00 -1.847903e+01 -4.750000e+00
      vertex   3.073858e+00 -1.874970e+01 -4.750000e+00
    endloop
  endfacet
  facet normal 1.260497e-01 -9.920239e-01 -1.119546e-16
    outer loop
      vertex   3.073858e+00 -1.874970e+01 -5.250000e+00
      vertex   3.073858e+00 -1.874970e+01 -4.750000e+00
      vertex   1.712909e+00 -1.892263e+01 -5.250000e+00
    endloop
  endfacet
  facet normal 1.260497e-01 -9.920239e-01 8.956371e-16
    outer loop
      vertex   1.712909e+00 -1.892263e+01 -5.250000e+00
      vertex   3.073858e+00 -1.874970e+01 -4.750000e+00
      vertex   1.712909e+00 -1.892263e+01 -4.750000e+00
    endloop
  endfacet
  facet normal 5.413891e-02 -9.985334e-01 3.846801e-16
    outer loop
      vertex   1.712909e+00 -1.892263e+01 -5.250000e+00
      vertex   1.712909e+00 -1.892263e+01 -4.750000e+00
      vertex   3.430288e-01 -1.899690e+01 -5.250000e+00
    endloop
  endfacet
  facet normal 5.413891e-02 -9.985334e-01 8.595196e-16
    outer loop
      vertex   3.430288e-01 -1.899690e+01 -5.250000e+00
      vertex   1.712909e+00 -1.892263e+01 -4.750000e+00
      vertex   3.430288e-01 -1.899690e+01 -4.750000e+00
    endloop
  endfacet
  facet normal -1.805415e-02 -9.998370e-01 -2.866311e-16
    outer loop
      vertex   3.430288e-01 -1.899690e+01 -5.250000e+00
      vertex   3.430288e-01 -1.899690e+01 -4.750000e+00
      vertex   -1.028639e+00 -1.897214e+01 -5.250000e+00
    endloop
  endfacet
  facet normal -1.805415e-02 -9.998370e-01 1.683707e-16
    outer loop
      vertex   -1.028639e+00 -1.897214e+01 -5.250000e+00
      vertex   3.430288e-01 -1.899690e+01 -4.750000e+00
      vertex   -1.028639e+00 -1.897214e+01 -4.750000e+00
    endloop
  endfacet
  facet normal -9.015308e-02 -9.959279e-01 8.407562e-16
    outer loop
      vertex   -1.028639e+00 -1.897214e+01 -5.250000e+00
      vertex   -1.028639e+00 -1.897214e+01 -4.750000e+00
      vertex   -2.394945e+00 -1.884845e+01 -5.250000e+00
    endloop
  endfacet
  facet normal -9.015308e-02 -9.959279e-01 8.007202e-17
    outer loop
      vertex   -2.394945e+00 -1.884845e+01 -5.250000e+00
      vertex   -1.028639e+00 -1.897214e+01 -4.750000e+00
      vertex   -2.394945e+00 -1.884845e+01 -4.750000e+00
    endloop
  endfacet
  facet normal -1.617820e-01 -9.868265e-01 1.436913e-16
    outer loop
      vertex   -2.394945e+00 -1.884845e+01 -5.250000e+00
      vertex   -2.394945e+00 -1.884845e+01 -4.750000e+00
      vertex   -3.748764e+00 -1.862651e+01 -5.250000e+00
    endloop
  endfacet
  facet normal -1.617820e-01 -9.868265e-01 5.862294e-15
    outer loop
      vertex   -3.748764e+00 -1.862651e+01 -5.250000e+00
      vertex   -2.394945e+00 -1.884845e+01 -4.750000e+00
      vertex   -3.748764e+00 -1.862651e+01 -4.750000e+00
    endloop
  endfacet
  facet normal -2.325675e-01 -9.725803e-01 5.258107e-15
    outer loop
      vertex   -3.748764e+00 -1.862651e+01 -5.250000e+00
      vertex   -3.748764e+00 -1.862651e+01 -4.750000e+00
      vertex   -5.083039e+00 -1.830745e+01 -5.250000e+00
    endloop
  endfacet
  facet normal -2.325675e-01 -9.725803e-01 3.006338e-16
    outer loop
      vertex   -5.083039e+00 -1.830745e+01 -5.250000e+00
      vertex   -3.748764e+00 -1.862651e+01 -4.750000e+00
      vertex   -5.083039e+00 -1.830745e+01 -4.750000e+00
    endloop
  endfacet
  facet normal -3.021404e-01 -9.532634e-01 -1.814003e-15
    outer loop
      vertex   -5.083039e+00 -1.830745e+01 -5.250000e+00
      vertex   -5.083039e+00 -1.830745e+01 -4.750000e+00
      vertex   -6.390813e+00 -1.789295e+01 -5.250000e+00
    endloop
  endfacet
  facet normal -3.021404e-01 -9.532634e-01 0.000000e+00
    outer loop
      vertex   -6.390813e+00 -1.789295e+01 -5.250000e+00
      vertex   -5.083039e+00 -1.830745e+01 -4.750000e+00
      vertex   -6.390813e+00 -1.789295e+01 -4.750000e+00
    endloop
  endfacet
  facet normal -3.701382e-01 -9.289767e-01 0.000000e+00
    outer loop
      vertex   -6.390813e+00 -1.789295e+01 -5.250000e+00
      vertex   -6.390813e+00 -1.789295e+01 -4.750000e+00
      vertex   -7.665268e+00 -1.738516e+01 -5.250000e+00
    endloop
  endfacet
  facet normal -3.701382e-01 -9.289767e-01 -3.287487e-15
    outer loop
      vertex   -7.665268e+00 -1.738516e+01 -5.250000e+00
      vertex   -6.390813e+00 -1.789295e+01 -4.750000e+00
      vertex   -7.665268e+00 -1.738516e+01 -4.750000e+00
    endloop
  endfacet
  facet normal -4.362062e-01 -8.998468e-01 -3.874289e-15
    outer loop
      vertex   -7.665268e+00 -1.738516e+01 -5.250000e+00
      vertex   -7.665268e+00 -1.738516e+01 -4.750000e+00
      vertex   -8.899761e+00 -1.678673e+01 -5.250000e+00
    endloop
  endfacet
  facet normal -4.362062e-01 -8.998468e-01 -1.354782e-15
    outer loop
      vertex   -8.899761e+00 -1.678673e+01 -5.250000e+00
      vertex   -7.665268e+00 -1.738516e+01 -4.750000e+00
      vertex   -8.899761e+00 -1.678673e+01 -4.750000e+00
    endloop
  endfacet
  facet normal -5.000000e-01 -8.660254e-01 -2.728304e-15
    outer loop
      vertex   -8.899761e+00 -1.678673e+01 -5.250000e+00
      vertex   -8.899761e+00 -1.678673e+01 -4.750000e+00
      vertex   -1.008785e+01 -1.610078e+01 -5.250000e+00
    endloop
  endfacet
  facet normal -5.000000e-01 -8.660254e-01 0.000000e+00
    outer loop
      vertex   -1.008785e+01 -1.610078e+01 -5.250000e+00
      vertex   -8.899761e+00 -1.678673e+01 -4.750000e+00
      vertex   -1.008785e+01 -1.610078e+01 -4.750000e+00
    endloop
  endfacet
  facet normal -5.611871e-01 -8.276890e-01 0.000000e+00
    outer loop
      vertex   -1.008785e+01 -1.610078e+01 -5.250000e+00
      vertex   -1.008785e+01 -1.610078e+01 -4.750000e+00
      vertex   -1.122335e+01 -1.533090e+01 -5.250000e+00
    endloop
  endfacet
  facet normal -5.611871e-01 -8.276890e-01 0.000000e+00
    outer loop
      vertex   -1.122335e+01 -1.533090e+01 -5.250000e+00
      vertex   -1.008785e+01 -1.610078e+01 -4.750000e+00
      vertex   -1.122335e+01 -1.533090e+01 -4.750000e+00
    endloop
  endfacet
  facet normal -6.194484e-01 -7.850374e-01 0.000000e+00
    outer loop
      vertex   -1.122335e+01 -1.533090e+01 -5.250000e+00
      vertex   -1.122335e+01 -1.533090e+01 -4.750000e+00
      vertex   -1.230034e+01 -1.448108e+01 -5.250000e+00
    endloop
  endfacet
  facet normal -6.194484e-01 -7.850374e-01 4.553885e-15
    outer loop
      vertex   -1.230034e+01 -1.448108e+01 -5.250000e+00
      vertex   -1.122335e+01 -1.533090e+01 -4.750000e+00
      vertex   -1.230034e+01 -1.448108e+01 -4.750000e+00
    endloop
  endfacet
  facet normal -6.744801e-01 -7.382930e-01 3.303070e-15
    outer loop
      vertex   -1.230034e+01 -1.448108e+01 -5.250000e+00
      vertex   -1.230034e+01 -1.448108e+01 -4.750000e+00
      vertex   -1.331320e+01 -1.355577e+01 -5.250000e+00
    endloop
  endfacet
  facet normal -6.744801e-01 -7.382930e-01 0.000000e+00
    outer loop
      vertex   -1.331320e+01 -1.355577e+01 -5.250000e+00
      vertex   -1.230034e+01 -1.448108e+01 -4.750000e+00
      vertex   -1.331320e+01 -1.355577e+01 -4.750000e+00
    endloop
  endfacet
  facet normal -7.259955e-01 -6.876995e-01 0.000000e+00
    outer loop
      vertex   -1.331320e+01 -1.355577e+01 -5.250000e+00
      vertex   -1.331320e+01 -1.355577e+01 -4.750000e+00
      vertex   -1.425665e+01 -1.255978e+01 -5.250000e+00
    endloop
  endfacet
  facet normal -7.259955e-01 -6.876995e-01 0.000000e+00
    outer loop
      vertex   -1.425665e+01 -1.255978e+01 -5.250000e+00
      vertex   -1.331320e+01 -1.355577e+01 -4.750000e+00
      vertex   -1.425665e+01 -1.255978e+01 -4.750000e+00
    endloop
  endfacet
  facet normal -7.737258e-01 -6.335206e-01 0.000000e+00
    outer loop
      vertex   -1.425665e+01 -1.255978e+01 -5.250000e+00
      vertex   -1.425665e+01 -1.255978e+01 -4.750000e+00
      vertex   -1.512577e+01 -1.149831e+01 -5.250000e+00
    endloop
  endfacet
  facet normal -7.737258e-01 -6.335206e-01 3.505216e-15
    outer loop
      vertex   -1.512577e+01 -1.149831e+01 -5.250000e+00
      vertex   -1.425665e+01 -1.255978e+01 -4.750000e+00
      vertex   -1.512577e+01 -1.149831e+01 -4.750000e+00
    endloop
  endfacet
  facet normal -8.174223e-01 -5.760388e-01 2.377869e-15
    outer loop
      vertex   -1.512577e+01 -1.149831e+01 -5.250000e+00
      vertex   -1.512577e+01 -1.149831e+01 -4.750000e+00
      vertex   -1.591603e+01 -1.037690e+01 -5.250000e+00
    endloop
  endfacet
  facet normal -8.174223e-01 -5.760388e-01 2.377869e-15
    outer loop
      vertex   -1.591603e+01 -1.037690e+01 -5.250000e+00
      vertex   -1.512577e+01 -1.149831e+01 -4.750000e+00
      vertex   -1.591603e+01 -1.037690e+01 -4.750000e+00
    endloop
  endfacet
  facet normal -8.568572e-01 -5.155539e-01 1.238125e-15
    outer loop
      vertex   -1.591603e+01 -1.037690e+01 -5.250000e+00
      vertex   -1.591603e+01 -1.037690e+01 -4.750000e+00
      vertex   -1.662332e+01 -9.201380e+00 -5.250000e+00
    endloop
  endfacet
  facet normal -8.568572e-01 -5.155539e-01 0.000000e+00
    outer loop
      vertex   -1.662332e+01 -9.201380e+00 -5.250000e+00
      vertex   -1.591603e+01 -1.037690e+01 -4.750000e+00
      vertex   -1.662332e+01 -9.201380e+00 -4.750000e+00
    endloop
  endfacet
  facet normal -8.918248e-01 -4.523810e-01 0.000000e+00
    outer loop
      vertex   -1.662332e+01 -9.201380e+00 -5.250000e+00
      vertex   -1.662332e+01 -9.201380e+00 -4.750000e+00
      vertex   -1.724393e+01 -7.977893e+00 -5.250000e+00
    endloop
  endfacet
  facet normal -8.918248e-01 -4.523810e-01 -8.035901e-16
    outer loop
      vertex   -1.724393e+01 -7.977893e+00 -5.250000e+00
      vertex   -1.662332e+01 -9.201380e+00 -4.750000e+00
      vertex   -1.724393e+01 -7.977893e+00 -4.750000e+00
    endloop
  endfacet
  facet normal -9.221428e-01 -3.868497e-01 -6.871831e-16
    outer loop
      vertex   -1.724393e+01 -7.977893e+00 -5.250000e+00
      vertex   -1.724393e+01 -7.977893e+00 -4.750000e+00
      vertex   -1.777465e+01 -6.712813e+00 -5.250000e+00
    endloop
  endfacet
  facet normal -9.221428e-01 -3.868497e-01 -1.741937e-15
    outer loop
      vertex   -1.777465e+01 -6.712813e+00 -5.250000e+00
      vertex   -1.724393e+01 -7.977893e+00 -4.750000e+00
      vertex   -1.777465e+01 -6.712813e+00 -4.750000e+00
    endloop
  endfacet
  facet normal -9.476532e-01 -3.193015e-01 -2.763127e-15
    outer loop
      vertex   -1.777465e+01 -6.712813e+00 -5.250000e+00
      vertex   -1.777465e+01 -6.712813e+00 -4.750000e+00
      vertex   -1.821270e+01 -5.412735e+00 -5.250000e+00
    endloop
  endfacet
  facet normal -9.476532e-01 -3.193015e-01 -1.134387e-15
    outer loop
      vertex   -1.821270e+01 -5.412735e+00 -5.250000e+00
      vertex   -1.777465e+01 -6.712813e+00 -4.750000e+00
      vertex   -1.821270e+01 -5.412735e+00 -4.750000e+00
    endloop
  endfacet
  facet normal -9.682229e-01 -2.500887e-01 -8.884934e-16
    outer loop
      vertex   -1.821270e+01 -5.412735e+00 -5.250000e+00
      vertex   -1.821270e+01 -5.412735e+00 -4.750000e+00
      vertex   -1.855579e+01 -4.084438e+00 -5.250000e+00
    endloop
  endfacet
  facet normal -9.682229e-01 -2.500887e-01 -4.442467e-16
    outer loop
      vertex   -1.855579e+01 -4.084438e+00 -5.250000e+00
      vertex   -1.821270e+01 -5.412735e+00 -4.750000e+00
      vertex   -1.855579e+01 -4.084438e+00 -4.750000e+00
    endloop
  endfacet
  facet normal -9.837448e-01 -1.795719e-01 -3.189838e-16
    outer loop
      vertex   -1.855579e+01 -4.084438e+00 -5.250000e+00
      vertex   -1.855579e+01 -4.084438e+00 -4.750000e+00
      vertex   -1.880214e+01 -2.734847e+00 -5.250000e+00
    endloop
  endfacet
  facet normal -9.837448e-01 -1.795719e-01 3.030347e-15
    outer loop
      vertex   -1.880214e+01 -2.734847e+00 -5.250000e+00
      vertex   -1.855579e+01 -4.084438e+00 -4.750000e+00
      vertex   -1.880214e+01 -2.734847e+00 -4.750000e+00
    endloop
  endfacet
  facet normal -9.941380e-01 -1.081190e-01 1.824551e-15
    outer loop
      vertex   -1.880214e+01 -2.734847e+00 -5.250000e+00
      vertex   -1.880214e+01 -2.734847e+00 -4.750000e+00
      vertex   -1.895047e+01 -1.370997e+00 -5.250000e+00
    endloop
  endfacet
  facet normal -9.941380e-01 -1.081190e-01 -1.968594e-15
    outer loop
      vertex   -1.895047e+01 -1.370997e+00 -5.250000e+00
      vertex   -1.880214e+01 -2.734847e+00 -4.750000e+00
      vertex   -1.895047e+01 -1.370997e+00 -4.750000e+00
    endloop
  endfacet
  facet normal 1.036208e-16 1.897484e-15 -1.000000e+00
    outer loop
      vertex   -3.000000e+01 -2.000000e+01 -4.000000e+00
      vertex   -3.485575e-01 -1.974692e+01 -4.000000e+00
      vertex   3.000000e+01 -2.000000e+01 -4.000000e+00
    endloop
  endfacet
  facet normal 5.962780e-17 -3.378110e-15 -1.000000e+00
    outer loop
      vertex   3.000000e+01 -2.000000e+01 -4.000000e+00
      vertex   -3.485575e-01 -1.974692e+01 -4.000000e+00
      vertex   1.045238e+00 -1.972232e+01 -4.000000e+00
    endloop
  endfacet
  facet normal 8.302495e-17 -9.383812e-16 -1.000000e+00
    outer loop
      vertex   3.000000e+01 -2.000000e+01 -4.000000e+00
      vertex   1.045238e+00 -1.972232e+01 -4.000000e+00
      vertex   2.433827e+00 -1.959946e+01 -4.000000e+00
    endloop
  endfacet
  facet normal 7.180085e-17 9.123163e-16 -1.000000e+00
    outer loop
      vertex   -3.062574e+01 -1.995075e+01 -4.000000e+00
      vertex   -2.827994e+01 -1.624120e+01 -4.000000e+00
      vertex   -3.000000e+01 -2.000000e+01 -4.000000e+00
    endloop
  endfacet
  facet normal 1.627606e-16 8.706923e-16 -1.000000e+00
    outer loop
      vertex   -3.000000e+01 -2.000000e+01 -4.000000e+00
      vertex   -2.827994e+01 -1.624120e+01 -4.000000e+00
      vertex   -2.776296e+01 -1.633784e+01 -4.000000e+00
    endloop
  endfacet
  facet normal 0.000000e+00 9.701149e-16 -1.000000e+00
    outer loop
      vertex   -3.000000e+01 -2.000000e+01 -4.000000e+00
      vertex   -2.776296e+01 -1.633784e+01 -4.000000e+00
      vertex   -2.723704e+01 -1.633784e+01 -4.000000e+00
    endloop
  endfacet
  facet normal -1.063809e-15 1.630439e-15 -1.000000e+00
    outer loop
      vertex   -3.062574e+01 -1.995075e+01 -4.000000e+00
      vertex   -3.123607e+01 -1.980423e+01 -4.000000e+00
      vertex   -2.827994e+01 -1.624120e+01 -4.000000e+00
    endloop
  endfacet
  facet normal 2.305355e-16 5.565619e-16 -1.000000e+00
    outer loop
      vertex   -2.827994e+01 -1.624120e+01 -4.000000e+00
      vertex   -3.123607e+01 -1.980423e+01 -4.000000e+00
      vertex   -3.181596e+01 -1.956403e+01 -4.000000e+00
    endloop
  endfacet
  facet normal 2.974351e-16 4.853699e-16 -1.000000e+00
    outer loop
      vertex   -2.827994e+01 -1.624120e+01 -4.000000e+00
      vertex   -3.181596e+01 -1.956403e+01 -4.000000e+00
      vertex   -3.235114e+01 -1.923607e+01 -4.000000e+00
    endloop
  endfacet
  facet normal 3.516267e-16 4.117020e-16 -1.000000e+00
    outer loop
      vertex   -3.235114e+01 -1.923607e+01 -4.000000e+00
      vertex   -3.282843e+01 -1.882843e+01 -4.000000e+00
      vertex   -2.827994e+01 -1.624120e+01 -4.000000e+00
    endloop
  endfacet
  facet normal 3.942678e-16 3.367365e-16 -1.000000e+00
    outer loop
      vertex   -2.827994e+01 -1.624120e+01 -4.000000e+00
      vertex   -3.282843e+01 -1.882843e+01 -4.000000e+00
      vertex   -3.323607e+01 -1.835114e+01 -4.000000e+00
    endloop
  endfacet
  facet normal 2.561436e-16 6.611828e-16 -1.000000e+00
    outer loop
      vertex   -2.827994e+01 -1.624120e+01 -4.000000e+00
      vertex   -3.323607e+01 -1.835114e+01 -4.000000e+00
      vertex   -2.877035e+01 -1.605122e+01 -4.000000e+00
    endloop
  endfacet
  facet normal 4.535294e-16 2.779232e-16 -1.000000e+00
    outer loop
      vertex   -2.877035e+01 -1.605122e+01 -4.000000e+00
      vertex   -3.323607e+01 -1.835114e+01 -4.000000e+00
      vertex   -3.356403e+01 -1.781596e+01 -4.000000e+00
    endloop
  endfacet
  facet normal -6.948747e-18 1.528744e-15 -1.000000e+00
    outer loop
      vertex   -2.877035e+01 -1.605122e+01 -4.000000e+00
      vertex   -3.356403e+01 -1.781596e+01 -4.000000e+00
      vertex   -3.380423e+01 -1.723607e+01 -4.000000e+00
    endloop
  endfacet
  facet normal 2.556838e-16 4.129436e-16 -1.000000e+00
    outer loop
      vertex   -2.877035e+01 -1.605122e+01 -4.000000e+00
      vertex   -3.380423e+01 -1.723607e+01 -4.000000e+00
      vertex   -2.921751e+01 -1.577435e+01 -4.000000e+00
    endloop
  endfacet
  facet normal 3.597579e-16 8.637023e-17 -1.000000e+00
    outer loop
      vertex   -2.921751e+01 -1.577435e+01 -4.000000e+00
      vertex   -3.380423e+01 -1.723607e+01 -4.000000e+00
      vertex   -3.395075e+01 -1.662574e+01 -4.000000e+00
    endloop
  endfacet
  facet normal 3.134467e-16 3.438346e-16 -1.000000e+00
    outer loop
      vertex   -2.921751e+01 -1.577435e+01 -4.000000e+00
      vertex   -3.395075e+01 -1.662574e+01 -4.000000e+00
      vertex   -2.960618e+01 -1.542003e+01 -4.000000e+00
    endloop
  endfacet
  facet normal 1.463396e-17 1.420561e-15 -1.000000e+00
    outer loop
      vertex   -2.960618e+01 -1.542003e+01 -4.000000e+00
      vertex   -3.395075e+01 -1.662574e+01 -4.000000e+00
      vertex   -3.400000e+01 -1.600000e+01 -4.000000e+00
    endloop
  endfacet
  facet normal 1.838195e-16 1.388141e-16 -1.000000e+00
    outer loop
      vertex   -2.960618e+01 -1.542003e+01 -4.000000e+00
      vertex   -3.400000e+01 -1.600000e+01 -4.000000e+00
      vertex   -2.992312e+01 -1.500033e+01 -4.000000e+00
    endloop
  endfacet
  facet normal 1.941519e-16 9.667617e-17 -1.000000e+00
    outer loop
      vertex   -2.992312e+01 -1.500033e+01 -4.000000e+00
      vertex   -3.400000e+01 -1.600000e+01 -4.000000e+00
      vertex   -3.015755e+01 -1.452954e+01 -4.000000e+00
    endloop
  endfacet
  facet normal 2.084517e-16 5.930961e-17 -1.000000e+00
    outer loop
      vertex   -3.015755e+01 -1.452954e+01 -4.000000e+00
      vertex   -3.400000e+01 -1.600000e+01 -4.000000e+00
      vertex   -3.030147e+01 -1.402369e+01 -4.000000e+00
    endloop
  endfacet
  facet normal -6.346965e-16 1.637200e-15 -1.000000e+00
    outer loop
      vertex   -3.030147e+01 -1.402369e+01 -4.000000e+00
      vertex   -3.400000e+01 -1.600000e+01 -4.000000e+00
      vertex   -3.035000e+01 -1.350000e+01 -4.000000e+00
    endloop
  endfacet
  facet normal -7.207226e-16 1.762798e-15 -1.000000e+00
    outer loop
      vertex   -3.035000e+01 -1.350000e+01 -4.000000e+00
      vertex   -3.400000e+01 -1.600000e+01 -4.000000e+00
      vertex   -3.030147e+01 -1.297631e+01 -4.000000e+00
    endloop
  endfacet
  facet normal 9.388071e-16 -2.671137e-16 -1.000000e+00
    outer loop
      vertex   -3.030147e+01 -1.297631e+01 -4.000000e+00
      vertex   -3.400000e+01 -1.600000e+01 -4.000000e+00
      vertex   -3.015755e+01 -1.247046e+01 -4.000000e+00
    endloop
  endfacet
  facet normal -1.915701e-15 2.840464e-15 -1.000000e+00
    outer loop
      vertex   -3.015755e+01 -1.247046e+01 -4.000000e+00
      vertex   -3.400000e+01 -1.600000e+01 -4.000000e+00
      vertex   -2.992312e+01 -1.199967e+01 -4.000000e+00
    endloop
  endfacet
  facet normal 3.364405e-15 -2.540681e-15 -1.000000e+00
    outer loop
      vertex   -2.992312e+01 -1.199967e+01 -4.000000e+00
      vertex   -3.400000e+01 -1.600000e+01 -4.000000e+00
      vertex   -2.960618e+01 -1.157997e+01 -4.000000e+00
    endloop
  endfacet
  facet normal 1.663838e-16 6.383782e-16 -1.000000e+00
    outer loop
      vertex   -2.960618e+01 -1.157997e+01 -4.000000e+00
      vertex   -3.400000e+01 -1.600000e+01 -4.000000e+00
      vertex   -3.400000e+01 1.600000e+01 -4.000000e+00
    endloop
  endfacet
  facet normal 2.515501e-16 6.519463e-16 -1.000000e+00
    outer loop
      vertex   -2.960618e+01 -1.157997e+01 -4.000000e+00
      vertex   -3.400000e+01 1.600000e+01 -4.000000e+00
      vertex   -2.960618e+01 1.157997e+01 -4.000000e+00
    endloop
  endfacet
  facet normal -1.682202e-15 -1.270340e-15 -1.000000e+00
    outer loop
      vertex   -2.960618e+01 1.157997e+01 -4.000000e+00
      vertex   -3.400000e+01 1.600000e+01 -4.000000e+00
      vertex   -2.992312e+01 1.199967e+01 -4.000000e+00
    endloop
  endfacet
  facet normal -8.519890e-16 -4.242401e-16 -1.000000e+00
    outer loop
      vertex   -2.992312e+01 1.199967e+01 -4.000000e+00
      vertex   -3.400000e+01 1.600000e+01 -4.000000e+00
      vertex   -3.015755e+01 1.247046e+01 -4.000000e+00
    endloop
  endfacet
  facet normal -6.258714e-16 -1.780758e-16 -1.000000e+00
    outer loop
      vertex   -3.015755e+01 1.247046e+01 -4.000000e+00
      vertex   -3.400000e+01 1.600000e+01 -4.000000e+00
      vertex   -3.030147e+01 1.297631e+01 -4.000000e+00
    endloop
  endfacet
  facet normal 2.304476e-16 8.693606e-16 -1.000000e+00
    outer loop
      vertex   -3.030147e+01 1.297631e+01 -4.000000e+00
      vertex   -3.400000e+01 1.600000e+01 -4.000000e+00
      vertex   -3.035000e+01 1.350000e+01 -4.000000e+00
    endloop
  endfacet
  facet normal 2.029412e-16 8.292012e-16 -1.000000e+00
    outer loop
      vertex   -3.035000e+01 1.350000e+01 -4.000000e+00
      vertex   -3.400000e+01 1.600000e+01 -4.000000e+00
      vertex   -3.030147e+01 1.402369e+01 -4.000000e+00
    endloop
  endfacet
  facet normal -2.084517e-16 5.930961e-17 -1.000000e+00
    outer loop
      vertex   -3.030147e+01 1.402369e+01 -4.000000e+00
      vertex   -3.400000e+01 1.600000e+01 -4.000000e+00
      vertex   -3.015755e+01 1.452954e+01 -4.000000e+00
    endloop
  endfacet
  facet normal 4.122567e-16 1.681279e-15 -1.000000e+00
    outer loop
      vertex   -3.015755e+01 1.452954e+01 -4.000000e+00
      vertex   -3.400000e+01 1.600000e+01 -4.000000e+00
      vertex   -2.992312e+01 1.500033e+01 -4.000000e+00
    endloop
  endfacet
  facet normal 0.000000e+00 0.000000e+00 -1.000000e+00
    outer loop
      vertex   -2.992312e+01 1.500033e+01 -4.000000e+00
      vertex   -3.400000e+01 1.600000e+01 -4.000000e+00
      vertex   -2.960618e+01 1.542003e+01 -4.000000e+00
    endloop
  endfacet
  facet normal 1.854301e-16 1.404816e-15 -1.000000e+00
    outer loop
      vertex   -2.960618e+01 1.542003e+01 -4.000000e+00
      vertex   -3.400000e+01 1.600000e+01 -4.000000e+00
      vertex   -3.395075e+01 1.662574e+01 -4.000000e+00
    endloop
  endfacet
  facet normal 3.765912e-16 2.093636e-15 -1.000000e+00
    outer loop
      vertex   -2.960618e+01 1.542003e+01 -4.000000e+00
      vertex   -3.395075e+01 1.662574e+01 -4.000000e+00
      vertex   -2.921751e+01 1.577435e+01 -4.000000e+00
    endloop
  endfacet
  facet normal 0.000000e+00 0.000000e+00 -1.000000e+00
    outer loop
      vertex   -2.921751e+01 1.577435e+01 -4.000000e+00
      vertex   -3.395075e+01 1.662574e+01 -4.000000e+00
      vertex   -3.380423e+01 1.723607e+01 -4.000000e+00
    endloop
  endfacet
  facet normal 0.000000e+00 0.000000e+00 -1.000000e+00
    outer loop
      vertex   -2.921751e+01 1.577435e+01 -4.000000e+00
      vertex   -3.380423e+01 1.723607e+01 -4.000000e+00
      vertex   -2.877035e+01 1.605122e+01 -4.000000e+00
    endloop
  endfacet
  facet normal 1.642407e-16 6.977802e-16 -1.000000e+00
    outer loop
      vertex   -2.877035e+01 1.605122e+01 -4.000000e+00
      vertex   -3.380423e+01 1.723607e+01 -4.000000e+00
      vertex   -3.356403e+01 1.781596e+01 -4.000000e+00
    endloop
  endfacet
  facet normal 1.736631e-16 7.233748e-16 -1.000000e+00
    outer loop
      vertex   -2.877035e+01 1.605122e+01 -4.000000e+00
      vertex   -3.356403e+01 1.781596e+01 -4.000000e+00
      vertex   -3.323607e+01 1.835114e+01 -4.000000e+00
    endloop
  endfacet
  facet normal -8.538120e-17 2.203943e-16 -1.000000e+00
    outer loop
      vertex   -2.877035e+01 1.605122e+01 -4.000000e+00
      vertex   -3.323607e+01 1.835114e+01 -4.000000e+00
      vertex   -2.827994e+01 1.624120e+01 -4.000000e+00
    endloop
  endfacet
  facet normal -1.314226e-16 1.122455e-16 -1.000000e+00
    outer loop
      vertex   -2.827994e+01 1.624120e+01 -4.000000e+00
      vertex   -3.323607e+01 1.835114e+01 -4.000000e+00
      vertex   -3.282843e+01 1.882843e+01 -4.000000e+00
    endloop
  endfacet
  facet normal 9.986473e-16 2.098973e-15 -1.000000e+00
    outer loop
      vertex   -2.827994e+01 1.624120e+01 -4.000000e+00
      vertex   -3.282843e+01 1.882843e+01 -4.000000e+00
      vertex   -3.235114e+01 1.923607e+01 -4.000000e+00
    endloop
  endfacet
  facet normal -2.478625e-16 4.044749e-16 -1.000000e+00
    outer loop
      vertex   -3.235114e+01 1.923607e+01 -4.000000e+00
      vertex   -3.181596e+01 1.956403e+01 -4.000000e+00
      vertex   -2.827994e+01 1.624120e+01 -4.000000e+00
    endloop
  endfacet
  facet normal -1.921129e-16 4.638016e-16 -1.000000e+00
    outer loop
      vertex   -2.827994e+01 1.624120e+01 -4.000000e+00
      vertex   -3.181596e+01 1.956403e+01 -4.000000e+00
      vertex   -3.123607e+01 1.980423e+01 -4.000000e+00
    endloop
  endfacet
  facet normal 4.819989e-16 1.023091e-15 -1.000000e+00
    outer loop
      vertex   -2.827994e+01 1.624120e+01 -4.000000e+00
      vertex   -3.123607e+01 1.980423e+01 -4.000000e+00
      vertex   -3.062574e+01 1.995075e+01 -4.000000e+00
    endloop
  endfacet
  facet normal -7.299092e-16 2.567199e-16 -1.000000e+00
    outer loop
      vertex   -3.062574e+01 1.995075e+01 -4.000000e+00
      vertex   -3.000000e+01 2.000000e+01 -4.000000e+00
      vertex   -2.827994e+01 1.624120e+01 -4.000000e+00
    endloop
  endfacet
  facet normal -1.017254e-16 5.441827e-16 -1.000000e+00
    outer loop
      vertex   -2.827994e+01 1.624120e+01 -4.000000e+00
      vertex   -3.000000e+01 2.000000e+01 -4.000000e+00
      vertex   -2.776296e+01 1.633784e+01 -4.000000e+00
    endloop
  endfacet
  facet normal -4.095772e-30 6.063218e-16 -1.000000e+00
    outer loop
      vertex   -2.776296e+01 1.633784e+01 -4.000000e+00
      vertex   -3.000000e+01 2.000000e+01 -4.000000e+00
      vertex   -2.723704e+01 1.633784e+01 -4.000000e+00
    endloop
  endfacet
  facet normal 1.319507e-16 7.058738e-16 -1.000000e+00
    outer loop
      vertex   -2.723704e+01 1.633784e+01 -4.000000e+00
      vertex   -3.000000e+01 2.000000e+01 -4.000000e+00
      vertex   -2.672006e+01 1.624120e+01 -4.000000e+00
    endloop
  endfacet
  facet normal 3.457220e-16 8.924115e-16 -1.000000e+00
    outer loop
      vertex   -2.672006e+01 1.624120e+01 -4.000000e+00
      vertex   -3.000000e+01 2.000000e+01 -4.000000e+00
      vertex   -2.622965e+01 1.605122e+01 -4.000000e+00
    endloop
  endfacet
  facet normal 1.248736e-16 6.815423e-16 -1.000000e+00
    outer loop
      vertex   -2.622965e+01 1.605122e+01 -4.000000e+00
      vertex   -3.000000e+01 2.000000e+01 -4.000000e+00
      vertex   -1.086359e+01 1.649379e+01 -4.000000e+00
    endloop
  endfacet
  facet normal 1.380803e-16 2.230073e-16 -1.000000e+00
    outer loop
      vertex   -2.622965e+01 1.605122e+01 -4.000000e+00
      vertex   -1.086359e+01 1.649379e+01 -4.000000e+00
      vertex   -2.578249e+01 1.577435e+01 -4.000000e+00
    endloop
  endfacet
  facet normal 1.312163e-16 3.653441e-16 -1.000000e+00
    outer loop
      vertex   -2.578249e+01 1.577435e+01 -4.000000e+00
      vertex   -1.086359e+01 1.649379e+01 -4.000000e+00
      vertex   -1.199998e+01 1.568640e+01 -4.000000e+00
    endloop
  endfacet
  facet normal 1.459031e-16 2.666785e-15 -1.000000e+00
    outer loop
      vertex   -2.578249e+01 1.577435e+01 -4.000000e+00
      vertex   -1.199998e+01 1.568640e+01 -4.000000e+00
      vertex   -2.539382e+01 1.542003e+01 -4.000000e+00
    endloop
  endfacet
  facet normal 1.732058e-16 1.293891e-15 -1.000000e+00
    outer loop
      vertex   -2.539382e+01 1.542003e+01 -4.000000e+00
      vertex   -1.199998e+01 1.568640e+01 -4.000000e+00
      vertex   -1.307659e+01 1.480085e+01 -4.000000e+00
    endloop
  endfacet
  facet normal 1.124309e-16 8.490391e-17 -1.000000e+00
    outer loop
      vertex   -2.539382e+01 1.542003e+01 -4.000000e+00
      vertex   -1.307659e+01 1.480085e+01 -4.000000e+00
      vertex   -2.507688e+01 1.500033e+01 -4.000000e+00
    endloop
  endfacet
  facet normal 1.166701e-16 3.399242e-16 -1.000000e+00
    outer loop
      vertex   -2.507688e+01 1.500033e+01 -4.000000e+00
      vertex   -1.307659e+01 1.480085e+01 -4.000000e+00
      vertex   -1.408805e+01 1.384158e+01 -4.000000e+00
    endloop
  endfacet
  facet normal 8.530469e-17 4.247669e-17 -1.000000e+00
    outer loop
      vertex   -2.507688e+01 1.500033e+01 -4.000000e+00
      vertex   -1.408805e+01 1.384158e+01 -4.000000e+00
      vertex   -2.484245e+01 1.452954e+01 -4.000000e+00
    endloop
  endfacet
  facet normal 1.302186e-16 7.445828e-16 -1.000000e+00
    outer loop
      vertex   -2.484245e+01 1.452954e+01 -4.000000e+00
      vertex   -1.408805e+01 1.384158e+01 -4.000000e+00
      vertex   -1.502933e+01 1.281334e+01 -4.000000e+00
    endloop
  endfacet
  facet normal 0.000000e+00 0.000000e+00 -1.000000e+00
    outer loop
      vertex   -2.484245e+01 1.452954e+01 -4.000000e+00
      vertex   -1.502933e+01 1.281334e+01 -4.000000e+00
      vertex   -2.469853e+01 1.402369e+01 -4.000000e+00
    endloop
  endfacet
  facet normal 1.073952e-16 8.579581e-16 -1.000000e+00
    outer loop
      vertex   -2.469853e+01 1.402369e+01 -4.000000e+00
      vertex   -1.502933e+01 1.281334e+01 -4.000000e+00
      vertex   -2.465000e+01 1.350000e+01 -4.000000e+00
    endloop
  endfacet
  facet normal 7.115467e-17 3.501976e-16 -1.000000e+00
    outer loop
      vertex   -2.465000e+01 1.350000e+01 -4.000000e+00
      vertex   -1.502933e+01 1.281334e+01 -4.000000e+00
      vertex   -1.589573e+01 1.172127e+01 -4.000000e+00
    endloop
  endfacet
  facet normal 1.691175e-16 8.323354e-16 -1.000000e+00
    outer loop
      vertex   -2.465000e+01 1.350000e+01 -4.000000e+00
      vertex   -1.589573e+01 1.172127e+01 -4.000000e+00
      vertex   -2.469853e+01 1.297631e+01 -4.000000e+00
    endloop
  endfacet
  facet normal 4.848197e-17 -1.379431e-17 -1.000000e+00
    outer loop
      vertex   -2.469853e+01 1.297631e+01 -4.000000e+00
      vertex   -1.589573e+01 1.172127e+01 -4.000000e+00
      vertex   -2.484245e+01 1.247046e+01 -4.000000e+00
    endloop
  endfacet
  facet normal 1.080916e-16 6.980543e-16 -1.000000e+00
    outer loop
      vertex   -2.484245e+01 1.247046e+01 -4.000000e+00
      vertex   -1.589573e+01 1.172127e+01 -4.000000e+00
      vertex   -1.668294e+01 1.057080e+01 -4.000000e+00
    endloop
  endfacet
  facet normal 3.448191e-16 1.714859e-15 -1.000000e+00
    outer loop
      vertex   -2.484245e+01 1.247046e+01 -4.000000e+00
      vertex   -1.668294e+01 1.057080e+01 -4.000000e+00
      vertex   -2.507688e+01 1.199967e+01 -4.000000e+00
    endloop
  endfacet
  facet normal 1.052530e-16 3.075156e-16 -1.000000e+00
    outer loop
      vertex   -2.507688e+01 1.199967e+01 -4.000000e+00
      vertex   -1.668294e+01 1.057080e+01 -4.000000e+00
      vertex   -1.738704e+01 9.367675e+00 -4.000000e+00
    endloop
  endfacet
  facet normal 0.000000e+00 -0.000000e+00 -1.000000e+00
    outer loop
      vertex   -2.507688e+01 1.199967e+01 -4.000000e+00
      vertex   -1.738704e+01 9.367675e+00 -4.000000e+00
      vertex   -2.539382e+01 1.157997e+01 -4.000000e+00
    endloop
  endfacet
  facet normal 5.315194e-16 1.923688e-15 -1.000000e+00
    outer loop
      vertex   -2.539382e+01 1.157997e+01 -4.000000e+00
      vertex   -1.738704e+01 9.367675e+00 -4.000000e+00
      vertex   -2.578249e+01 1.122565e+01 -4.000000e+00
    endloop
  endfacet
  facet normal 3.080243e-16 9.138035e-16 -1.000000e+00
    outer loop
      vertex   -2.578249e+01 1.122565e+01 -4.000000e+00
      vertex   -1.738704e+01 9.367675e+00 -4.000000e+00
      vertex   -1.800452e+01 8.117877e+00 -4.000000e+00
    endloop
  endfacet
  facet normal -3.470205e-17 5.604574e-17 -1.000000e+00
    outer loop
      vertex   -2.578249e+01 1.122565e+01 -4.000000e+00
      vertex   -1.800452e+01 8.117877e+00 -4.000000e+00
      vertex   -2.622965e+01 1.094878e+01 -4.000000e+00
    endloop
  endfacet
  facet normal 2.642008e-16 9.245002e-16 -1.000000e+00
    outer loop
      vertex   -2.622965e+01 1.094878e+01 -4.000000e+00
      vertex   -1.800452e+01 8.117877e+00 -4.000000e+00
      vertex   -1.853229e+01 6.827636e+00 -4.000000e+00
    endloop
  endfacet
  facet normal -9.688199e-17 2.500812e-16 -1.000000e+00
    outer loop
      vertex   -2.622965e+01 1.094878e+01 -4.000000e+00
      vertex   -1.853229e+01 6.827636e+00 -4.000000e+00
      vertex   -2.672006e+01 1.075880e+01 -4.000000e+00
    endloop
  endfacet
  facet normal -6.079745e-17 3.252376e-16 -1.000000e+00
    outer loop
      vertex   -2.672006e+01 1.075880e+01 -4.000000e+00
      vertex   -1.853229e+01 6.827636e+00 -4.000000e+00
      vertex   -2.723704e+01 1.066216e+01 -4.000000e+00
    endloop
  endfacet
  facet normal 7.981996e-17 6.444529e-16 -1.000000e+00
    outer loop
      vertex   -2.723704e+01 1.066216e+01 -4.000000e+00
      vertex   -1.853229e+01 6.827636e+00 -4.000000e+00
      vertex   -1.896774e+01 5.503379e+00 -4.000000e+00
    endloop
  endfacet
  facet normal 0.000000e+00 5.165051e-16 -1.000000e+00
    outer loop
      vertex   -2.723704e+01 1.066216e+01 -4.000000e+00
      vertex   -1.896774e+01 5.503379e+00 -4.000000e+00
      vertex   -2.776296e+01 1.066216e+01 -4.000000e+00
    endloop
  endfacet
  facet normal -9.603631e-17 3.527724e-16 -1.000000e+00
    outer loop
      vertex   -2.776296e+01 1.066216e+01 -4.000000e+00
      vertex   -1.896774e+01 5.503379e+00 -4.000000e+00
      vertex   -1.930870e+01 4.151706e+00 -4.000000e+00
    endloop
  endfacet
  facet normal 3.340102e-16 9.112171e-16 -1.000000e+00
    outer loop
      vertex   -2.776296e+01 1.066216e+01 -4.000000e+00
      vertex   -1.930870e+01 4.151706e+00 -4.000000e+00
      vertex   -1.955346e+01 2.779348e+00 -4.000000e+00
    endloop
  endfacet
  facet normal 1.110223e-16 7.244747e-16 -1.000000e+00
    outer loop
      vertex   3.000000e+01 2.000000e+01 -4.000000e+00
      vertex   -3.485575e-01 1.974692e+01 -4.000000e+00
      vertex   -3.000000e+01 2.000000e+01 -4.000000e+00
    endloop
  endfacet
  facet normal 9.029701e-17 -1.703790e-15 -1.000000e+00
    outer loop
      vertex   -3.000000e+01 2.000000e+01 -4.000000e+00
      vertex   -3.485575e-01 1.974692e+01 -4.000000e+00
      vertex   -1.740617e+00 1.967315e+01 -4.000000e+00
    endloop
  endfacet
  facet normal 1.279826e-16 1.554484e-15 -1.000000e+00
    outer loop
      vertex   -3.000000e+01 2.000000e+01 -4.000000e+00
      vertex   -1.740617e+00 1.967315e+01 -4.000000e+00
      vertex   -3.124004e+00 1.950136e+01 -4.000000e+00
    endloop
  endfacet
  facet normal 7.388843e-16 3.707595e-16 -1.000000e+00
    outer loop
      vertex   3.062574e+01 1.995075e+01 -4.000000e+00
      vertex   2.827994e+01 1.624120e+01 -4.000000e+00
      vertex   3.000000e+01 2.000000e+01 -4.000000e+00
    endloop
  endfacet
  facet normal 1.220705e-16 6.530192e-16 -1.000000e+00
    outer loop
      vertex   3.000000e+01 2.000000e+01 -4.000000e+00
      vertex   2.827994e+01 1.624120e+01 -4.000000e+00
      vertex   2.776296e+01 1.633784e+01 -4.000000e+00
    endloop
  endfacet
  facet normal -4.914926e-30 7.275862e-16 -1.000000e+00
    outer loop
      vertex   3.000000e+01 2.000000e+01 -4.000000e+00
      vertex   2.776296e+01 1.633784e+01 -4.000000e+00
      vertex   2.723704e+01 1.633784e+01 -4.000000e+00
    endloop
  endfacet
  facet normal -4.570461e-16 1.127027e-15 -1.000000e+00
    outer loop
      vertex   3.062574e+01 1.995075e+01 -4.000000e+00
      vertex   3.123607e+01 1.980423e+01 -4.000000e+00
      vertex   2.827994e+01 1.624120e+01 -4.000000e+00
    endloop
  endfacet
  facet normal 2.305355e-16 5.565619e-16 -1.000000e+00
    outer loop
      vertex   2.827994e+01 1.624120e+01 -4.000000e+00
      vertex   3.123607e+01 1.980423e+01 -4.000000e+00
      vertex   3.181596e+01 1.956403e+01 -4.000000e+00
    endloop
  endfacet
  facet normal 2.974351e-16 4.853699e-16 -1.000000e+00
    outer loop
      vertex   2.827994e+01 1.624120e+01 -4.000000e+00
      vertex   3.181596e+01 1.956403e+01 -4.000000e+00
      vertex   3.235114e+01 1.923607e+01 -4.000000e+00
    endloop
  endfacet
  facet normal 3.516267e-16 4.117020e-16 -1.000000e+00
    outer loop
      vertex   3.235114e+01 1.923607e+01 -4.000000e+00
      vertex   3.282843e+01 1.882843e+01 -4.000000e+00
      vertex   2.827994e+01 1.624120e+01 -4.000000e+00
    endloop
  endfacet
  facet normal 3.942678e-16 3.367365e-16 -1.000000e+00
    outer loop
      vertex   2.827994e+01 1.624120e+01 -4.000000e+00
      vertex   3.282843e+01 1.882843e+01 -4.000000e+00
      vertex   3.323607e+01 1.835114e+01 -4.000000e+00
    endloop
  endfacet
  facet normal 2.561436e-16 6.611828e-16 -1.000000e+00
    outer loop
      vertex   2.827994e+01 1.624120e+01 -4.000000e+00
      vertex   3.323607e+01 1.835114e+01 -4.000000e+00
      vertex   2.877035e+01 1.605122e+01 -4.000000e+00
    endloop
  endfacet
  facet normal -1.961497e-16 1.539391e-15 -1.000000e+00
    outer loop
      vertex   2.877035e+01 1.605122e+01 -4.000000e+00
      vertex   3.323607e+01 1.835114e+01 -4.000000e+00
      vertex   3.356403e+01 1.781596e+01 -4.000000e+00
    endloop
  endfacet
  facet normal 7.690880e-17 7.976677e-16 -1.000000e+00
    outer loop
      vertex   2.877035e+01 1.605122e+01 -4.000000e+00
      vertex   3.356403e+01 1.781596e+01 -4.000000e+00
      vertex   3.380423e+01 1.723607e+01 -4.000000e+00
    endloop
  endfacet
  facet normal 1.917629e-16 3.097077e-16 -1.000000e+00
    outer loop
      vertex   2.877035e+01 1.605122e+01 -4.000000e+00
      vertex   3.380423e+01 1.723607e+01 -4.000000e+00
      vertex   2.921751e+01 1.577435e+01 -4.000000e+00
    endloop
  endfacet
  facet normal 2.698184e-16 6.477767e-17 -1.000000e+00
    outer loop
      vertex   2.921751e+01 1.577435e+01 -4.000000e+00
      vertex   3.380423e+01 1.723607e+01 -4.000000e+00
      vertex   3.395075e+01 1.662574e+01 -4.000000e+00
    endloop
  endfacet
  facet normal -1.415062e-16 2.351512e-15 -1.000000e+00
    outer loop
      vertex   2.921751e+01 1.577435e+01 -4.000000e+00
      vertex   3.395075e+01 1.662574e+01 -4.000000e+00
      vertex   2.960618e+01 1.542003e+01 -4.000000e+00
    endloop
  endfacet
  facet normal 1.146660e-16 1.428434e-15 -1.000000e+00
    outer loop
      vertex   2.960618e+01 1.542003e+01 -4.000000e+00
      vertex   3.395075e+01 1.662574e+01 -4.000000e+00
      vertex   3.400000e+01 1.600000e+01 -4.000000e+00
    endloop
  endfacet
  facet normal 2.757293e-16 2.082211e-16 -1.000000e+00
    outer loop
      vertex   2.960618e+01 1.542003e+01 -4.000000e+00
      vertex   3.400000e+01 1.600000e+01 -4.000000e+00
      vertex   2.992312e+01 1.500033e+01 -4.000000e+00
    endloop
  endfacet
  facet normal 2.912279e-16 1.450143e-16 -1.000000e+00
    outer loop
      vertex   2.992312e+01 1.500033e+01 -4.000000e+00
      vertex   3.400000e+01 1.600000e+01 -4.000000e+00
      vertex   3.015755e+01 1.452954e+01 -4.000000e+00
    endloop
  endfacet
  facet normal 3.126775e-16 8.896442e-17 -1.000000e+00
    outer loop
      vertex   3.015755e+01 1.452954e+01 -4.000000e+00
      vertex   3.400000e+01 1.600000e+01 -4.000000e+00
      vertex   3.030147e+01 1.402369e+01 -4.000000e+00
    endloop
  endfacet
  facet normal -8.853412e-17 8.398026e-16 -1.000000e+00
    outer loop
      vertex   3.030147e+01 1.402369e+01 -4.000000e+00
      vertex   3.400000e+01 1.600000e+01 -4.000000e+00
      vertex   3.035000e+01 1.350000e+01 -4.000000e+00
    endloop
  endfacet
  facet normal -1.005339e-16 8.573223e-16 -1.000000e+00
    outer loop
      vertex   3.035000e+01 1.350000e+01 -4.000000e+00
      vertex   3.400000e+01 1.600000e+01 -4.000000e+00
      vertex   3.030147e+01 1.297631e+01 -4.000000e+00
    endloop
  endfacet
  facet normal 7.823393e-16 -2.225947e-16 -1.000000e+00
    outer loop
      vertex   3.030147e+01 1.297631e+01 -4.000000e+00
      vertex   3.400000e+01 1.600000e+01 -4.000000e+00
      vertex   3.015755e+01 1.247046e+01 -4.000000e+00
    endloop
  endfacet
  facet normal -3.725541e-15 4.684937e-15 -1.000000e+00
    outer loop
      vertex   3.015755e+01 1.247046e+01 -4.000000e+00
      vertex   3.400000e+01 1.600000e+01 -4.000000e+00
      vertex   2.992312e+01 1.199967e+01 -4.000000e+00
    endloop
  endfacet
  facet normal 3.364405e-15 -2.540681e-15 -1.000000e+00
    outer loop
      vertex   2.992312e+01 1.199967e+01 -4.000000e+00
      vertex   3.400000e+01 1.600000e+01 -4.000000e+00
      vertex   2.960618e+01 1.157997e+01 -4.000000e+00
    endloop
  endfacet
  facet normal 1.720241e-16 6.327714e-16 -1.000000e+00
    outer loop
      vertex   2.960618e+01 1.157997e+01 -4.000000e+00
      vertex   3.400000e+01 1.600000e+01 -4.000000e+00
      vertex   2.960618e+01 -1.157997e+01 -4.000000e+00
    endloop
  endfacet
  facet normal 5.768473e-16 6.327714e-16 -1.000000e+00
    outer loop
      vertex   2.960618e+01 1.157997e+01 -4.000000e+00
      vertex   2.960618e+01 -1.157997e+01 -4.000000e+00
      vertex   2.921751e+01 -1.122565e+01 -4.000000e+00
    endloop
  endfacet
  facet normal 4.971924e-17 6.522560e-16 -1.000000e+00
    outer loop
      vertex   3.400000e+01 1.600000e+01 -4.000000e+00
      vertex   3.400000e+01 -1.600000e+01 -4.000000e+00
      vertex   2.960618e+01 -1.157997e+01 -4.000000e+00
    endloop
  endfacet
  facet normal -2.523304e-15 -1.905510e-15 -1.000000e+00
    outer loop
      vertex   2.960618e+01 -1.157997e+01 -4.000000e+00
      vertex   3.400000e+01 -1.600000e+01 -4.000000e+00
      vertex   2.992312e+01 -1.199967e+01 -4.000000e+00
    endloop
  endfacet
  facet normal -1.277984e-15 -6.363602e-16 -1.000000e+00
    outer loop
      vertex   2.992312e+01 -1.199967e+01 -4.000000e+00
      vertex   3.400000e+01 -1.600000e+01 -4.000000e+00
      vertex   3.015755e+01 -1.247046e+01 -4.000000e+00
    endloop
  endfacet
  facet normal -9.388071e-16 -2.671137e-16 -1.000000e+00
    outer loop
      vertex   3.015755e+01 -1.247046e+01 -4.000000e+00
      vertex   3.400000e+01 -1.600000e+01 -4.000000e+00
      vertex   3.030147e+01 -1.297631e+01 -4.000000e+00
    endloop
  endfacet
  facet normal 7.207226e-16 1.762798e-15 -1.000000e+00
    outer loop
      vertex   3.030147e+01 -1.297631e+01 -4.000000e+00
      vertex   3.400000e+01 -1.600000e+01 -4.000000e+00
      vertex   3.035000e+01 -1.350000e+01 -4.000000e+00
    endloop
  endfacet
  facet normal -4.576282e-16 4.240550e-17 -1.000000e+00
    outer loop
      vertex   3.035000e+01 -1.350000e+01 -4.000000e+00
      vertex   3.400000e+01 -1.600000e+01 -4.000000e+00
      vertex   3.030147e+01 -1.402369e+01 -4.000000e+00
    endloop
  endfacet
  facet normal -4.169033e-16 1.186192e-16 -1.000000e+00
    outer loop
      vertex   3.030147e+01 -1.402369e+01 -4.000000e+00
      vertex   3.400000e+01 -1.600000e+01 -4.000000e+00
      vertex   3.015755e+01 -1.452954e+01 -4.000000e+00
    endloop
  endfacet
  facet normal 8.245134e-16 3.362558e-15 -1.000000e+00
    outer loop
      vertex   3.015755e+01 -1.452954e+01 -4.000000e+00
      vertex   3.400000e+01 -1.600000e+01 -4.000000e+00
      vertex   2.992312e+01 -1.500033e+01 -4.000000e+00
    endloop
  endfacet
  facet normal 0.000000e+00 -0.000000e+00 -1.000000e+00
    outer loop
      vertex   2.992312e+01 -1.500033e+01 -4.000000e+00
      vertex   3.400000e+01 -1.600000e+01 -4.000000e+00
      vertex   2.960618e+01 -1.542003e+01 -4.000000e+00
    endloop
  endfacet
  facet normal 0.000000e+00 0.000000e+00 -1.000000e+00
    outer loop
      vertex   2.960618e+01 -1.542003e+01 -4.000000e+00
      vertex   3.400000e+01 -1.600000e+01 -4.000000e+00
      vertex   3.395075e+01 -1.662574e+01 -4.000000e+00
    endloop
  endfacet
  facet normal 0.000000e+00 -0.000000e+00 -1.000000e+00
    outer loop
      vertex   2.960618e+01 -1.542003e+01 -4.000000e+00
      vertex   3.395075e+01 -1.662574e+01 -4.000000e+00
      vertex   2.921751e+01 -1.577435e+01 -4.000000e+00
    endloop
  endfacet
  facet normal 0.000000e+00 0.000000e+00 -1.000000e+00
    outer loop
      vertex   2.921751e+01 -1.577435e+01 -4.000000e+00
      vertex   3.395075e+01 -1.662574e+01 -4.000000e+00
      vertex   3.380423e+01 -1.723607e+01 -4.000000e+00
    endloop
  endfacet
  facet normal 0.000000e+00 -0.000000e+00 -1.000000e+00
    outer loop
      vertex   2.921751e+01 -1.577435e+01 -4.000000e+00
      vertex   3.380423e+01 -1.723607e+01 -4.000000e+00
      vertex   2.877035e+01 -1.605122e+01 -4.000000e+00
    endloop
  endfacet
  facet normal 3.284814e-16 1.395560e-15 -1.000000e+00
    outer loop
      vertex   2.877035e+01 -1.605122e+01 -4.000000e+00
      vertex   3.380423e+01 -1.723607e+01 -4.000000e+00
      vertex   3.356403e+01 -1.781596e+01 -4.000000e+00
    endloop
  endfacet
  facet normal 3.473262e-16 1.446750e-15 -1.000000e+00
    outer loop
      vertex   2.877035e+01 -1.605122e+01 -4.000000e+00
      vertex   3.356403e+01 -1.781596e+01 -4.000000e+00
      vertex   3.323607e+01 -1.835114e+01 -4.000000e+00
    endloop
  endfacet
  facet normal -1.707624e-16 4.407886e-16 -1.000000e+00
    outer loop
      vertex   2.877035e+01 -1.605122e+01 -4.000000e+00
      vertex   3.323607e+01 -1.835114e+01 -4.000000e+00
      vertex   2.827994e+01 -1.624120e+01 -4.000000e+00
    endloop
  endfacet
  facet normal -2.628452e-16 2.244910e-16 -1.000000e+00
    outer loop
      vertex   2.827994e+01 -1.624120e+01 -4.000000e+00
      vertex   3.323607e+01 -1.835114e+01 -4.000000e+00
      vertex   3.282843e+01 -1.882843e+01 -4.000000e+00
    endloop
  endfacet
  facet normal 5.094863e-16 1.582294e-15 -1.000000e+00
    outer loop
      vertex   2.827994e+01 -1.624120e+01 -4.000000e+00
      vertex   3.282843e+01 -1.882843e+01 -4.000000e+00
      vertex   3.235114e+01 -1.923607e+01 -4.000000e+00
    endloop
  endfacet
  facet normal -2.974351e-16 4.853699e-16 -1.000000e+00
    outer loop
      vertex   3.235114e+01 -1.923607e+01 -4.000000e+00
      vertex   3.181596e+01 -1.956403e+01 -4.000000e+00
      vertex   2.827994e+01 -1.624120e+01 -4.000000e+00
    endloop
  endfacet
  facet normal -2.305355e-16 5.565619e-16 -1.000000e+00
    outer loop
      vertex   2.827994e+01 -1.624120e+01 -4.000000e+00
      vertex   3.181596e+01 -1.956403e+01 -4.000000e+00
      vertex   3.123607e+01 -1.980423e+01 -4.000000e+00
    endloop
  endfacet
  facet normal 1.063809e-15 1.630439e-15 -1.000000e+00
    outer loop
      vertex   2.827994e+01 -1.624120e+01 -4.000000e+00
      vertex   3.123607e+01 -1.980423e+01 -4.000000e+00
      vertex   3.062574e+01 -1.995075e+01 -4.000000e+00
    endloop
  endfacet
  facet normal -7.180085e-17 9.123163e-16 -1.000000e+00
    outer loop
      vertex   3.062574e+01 -1.995075e+01 -4.000000e+00
      vertex   3.000000e+01 -2.000000e+01 -4.000000e+00
      vertex   2.827994e+01 -1.624120e+01 -4.000000e+00
    endloop
  endfacet
  facet normal -1.627606e-16 8.706923e-16 -1.000000e+00
    outer loop
      vertex   2.827994e+01 -1.624120e+01 -4.000000e+00
      vertex   3.000000e+01 -2.000000e+01 -4.000000e+00
      vertex   2.776296e+01 -1.633784e+01 -4.000000e+00
    endloop
  endfacet
  facet normal 0.000000e+00 9.701149e-16 -1.000000e+00
    outer loop
      vertex   2.776296e+01 -1.633784e+01 -4.000000e+00
      vertex   3.000000e+01 -2.000000e+01 -4.000000e+00
      vertex   2.723704e+01 -1.633784e+01 -4.000000e+00
    endloop
  endfacet
  facet normal 2.111211e-16 1.129398e-15 -1.000000e+00
    outer loop
      vertex   2.723704e+01 -1.633784e+01 -4.000000e+00
      vertex   3.000000e+01 -2.000000e+01 -4.000000e+00
      vertex   2.672006e+01 -1.624120e+01 -4.000000e+00
    endloop
  endfacet
  facet normal 5.531553e-16 1.427858e-15 -1.000000e+00
    outer loop
      vertex   2.672006e+01 -1.624120e+01 -4.000000e+00
      vertex   3.000000e+01 -2.000000e+01 -4.000000e+00
      vertex   2.622965e+01 -1.605122e+01 -4.000000e+00
    endloop
  endfacet
  facet normal 1.684524e-16 1.060539e-15 -1.000000e+00
    outer loop
      vertex   2.622965e+01 -1.605122e+01 -4.000000e+00
      vertex   3.000000e+01 -2.000000e+01 -4.000000e+00
      vertex   1.027473e+01 -1.686690e+01 -4.000000e+00
    endloop
  endfacet
  facet normal 1.772086e-16 8.892674e-16 -1.000000e+00
    outer loop
      vertex   2.622965e+01 -1.605122e+01 -4.000000e+00
      vertex   1.027473e+01 -1.686690e+01 -4.000000e+00
      vertex   1.143891e+01 -1.610012e+01 -4.000000e+00
    endloop
  endfacet
  facet normal -1.583408e-16 8.470486e-16 -1.000000e+00
    outer loop
      vertex   2.723704e+01 1.633784e+01 -4.000000e+00
      vertex   2.672006e+01 1.624120e+01 -4.000000e+00
      vertex   3.000000e+01 2.000000e+01 -4.000000e+00
    endloop
  endfacet
  facet normal -4.148664e-16 1.070894e-15 -1.000000e+00
    outer loop
      vertex   3.000000e+01 2.000000e+01 -4.000000e+00
      vertex   2.672006e+01 1.624120e+01 -4.000000e+00
      vertex   2.622965e+01 1.605122e+01 -4.000000e+00
    endloop
  endfacet
  facet normal 1.125075e-16 5.673498e-16 -1.000000e+00
    outer loop
      vertex   3.000000e+01 2.000000e+01 -4.000000e+00
      vertex   2.622965e+01 1.605122e+01 -4.000000e+00
      vertex   1.027473e+01 1.686690e+01 -4.000000e+00
    endloop
  endfacet
  facet normal 1.226299e-16 7.653428e-16 -1.000000e+00
    outer loop
      vertex   1.027473e+01 1.686690e+01 -4.000000e+00
      vertex   2.622965e+01 1.605122e+01 -4.000000e+00
      vertex   1.143891e+01 1.610012e+01 -4.000000e+00
    endloop
  endfacet
  facet normal 1.194613e-16 -1.929367e-16 -1.000000e+00
    outer loop
      vertex   1.143891e+01 1.610012e+01 -4.000000e+00
      vertex   2.622965e+01 1.605122e+01 -4.000000e+00
      vertex   2.578249e+01 1.577435e+01 -4.000000e+00
    endloop
  endfacet
  facet normal 1.276326e-16 1.668416e-16 -1.000000e+00
    outer loop
      vertex   1.143891e+01 1.610012e+01 -4.000000e+00
      vertex   2.578249e+01 1.577435e+01 -4.000000e+00
      vertex   1.254610e+01 1.525313e+01 -4.000000e+00
    endloop
  endfacet
  facet normal 3.709453e-17 2.466047e-15 -1.000000e+00
    outer loop
      vertex   1.254610e+01 1.525313e+01 -4.000000e+00
      vertex   2.578249e+01 1.577435e+01 -4.000000e+00
      vertex   2.539382e+01 1.542003e+01 -4.000000e+00
    endloop
  endfacet
  facet normal 5.580935e-17 1.025458e-15 -1.000000e+00
    outer loop
      vertex   1.254610e+01 1.525313e+01 -4.000000e+00
      vertex   2.539382e+01 1.542003e+01 -4.000000e+00
      vertex   1.359079e+01 1.433014e+01 -4.000000e+00
    endloop
  endfacet
  facet normal 1.617813e-16 -1.221716e-16 -1.000000e+00
    outer loop
      vertex   1.359079e+01 1.433014e+01 -4.000000e+00
      vertex   2.539382e+01 1.542003e+01 -4.000000e+00
      vertex   2.507688e+01 1.500033e+01 -4.000000e+00
    endloop
  endfacet
  facet normal 4.591000e-17 1.863698e-15 -1.000000e+00
    outer loop
      vertex   1.359079e+01 1.433014e+01 -4.000000e+00
      vertex   2.507688e+01 1.500033e+01 -4.000000e+00
      vertex   2.484245e+01 1.452954e+01 -4.000000e+00
    endloop
  endfacet
  facet normal 6.980762e-17 5.151872e-16 -1.000000e+00
    outer loop
      vertex   1.359079e+01 1.433014e+01 -4.000000e+00
      vertex   2.484245e+01 1.452954e+01 -4.000000e+00
      vertex   1.456777e+01 1.333577e+01 -4.000000e+00
    endloop
  endfacet
  facet normal 1.340980e-16 -3.815417e-17 -1.000000e+00
    outer loop
      vertex   1.456777e+01 1.333577e+01 -4.000000e+00
      vertex   2.484245e+01 1.452954e+01 -4.000000e+00
      vertex   2.469853e+01 1.402369e+01 -4.000000e+00
    endloop
  endfacet
  facet normal 7.056841e-17 8.974246e-16 -1.000000e+00
    outer loop
      vertex   1.456777e+01 1.333577e+01 -4.000000e+00
      vertex   2.469853e+01 1.402369e+01 -4.000000e+00
      vertex   1.547217e+01 1.227495e+01 -4.000000e+00
    endloop
  endfacet
  facet normal -8.223782e-17 1.703633e-15 -1.000000e+00
    outer loop
      vertex   1.547217e+01 1.227495e+01 -4.000000e+00
      vertex   2.469853e+01 1.402369e+01 -4.000000e+00
      vertex   2.465000e+01 1.350000e+01 -4.000000e+00
    endloop
  endfacet
  facet normal 3.157983e-17 8.509327e-16 -1.000000e+00
    outer loop
      vertex   1.547217e+01 1.227495e+01 -4.000000e+00
      vertex   2.465000e+01 1.350000e+01 -4.000000e+00
      vertex   2.469853e+01 1.297631e+01 -4.000000e+00
    endloop
  endfacet
  facet normal 6.266419e-17 4.420205e-16 -1.000000e+00
    outer loop
      vertex   1.547217e+01 1.227495e+01 -4.000000e+00
      vertex   2.469853e+01 1.297631e+01 -4.000000e+00
      vertex   1.629949e+01 1.115298e+01 -4.000000e+00
    endloop
  endfacet
  facet normal 1.493939e-16 4.250624e-17 -1.000000e+00
    outer loop
      vertex   1.629949e+01 1.115298e+01 -4.000000e+00
      vertex   2.469853e+01 1.297631e+01 -4.000000e+00
      vertex   2.484245e+01 1.247046e+01 -4.000000e+00
    endloop
  endfacet
  facet normal 1.448276e-16 7.211560e-17 -1.000000e+00
    outer loop
      vertex   1.629949e+01 1.115298e+01 -4.000000e+00
      vertex   2.484245e+01 1.247046e+01 -4.000000e+00
      vertex   2.507688e+01 1.199967e+01 -4.000000e+00
    endloop
  endfacet
  facet normal 7.447365e-17 8.014605e-16 -1.000000e+00
    outer loop
      vertex   1.629949e+01 1.115298e+01 -4.000000e+00
      vertex   2.507688e+01 1.199967e+01 -4.000000e+00
      vertex   1.704561e+01 9.975454e+00 -4.000000e+00
    endloop
  endfacet
  facet normal 2.322670e-16 1.753999e-16 -1.000000e+00
    outer loop
      vertex   1.704561e+01 9.975454e+00 -4.000000e+00
      vertex   2.507688e+01 1.199967e+01 -4.000000e+00
      vertex   2.539382e+01 1.157997e+01 -4.000000e+00
    endloop
  endfacet
  facet normal 1.779971e-16 4.577637e-16 -1.000000e+00
    outer loop
      vertex   1.704561e+01 9.975454e+00 -4.000000e+00
      vertex   2.539382e+01 1.157997e+01 -4.000000e+00
      vertex   1.770681e+01 8.748226e+00 -4.000000e+00
    endloop
  endfacet
  facet normal -8.196586e-17 1.163456e-15 -1.000000e+00
    outer loop
      vertex   1.770681e+01 8.748226e+00 -4.000000e+00
      vertex   2.539382e+01 1.157997e+01 -4.000000e+00
      vertex   2.578249e+01 1.122565e+01 -4.000000e+00
    endloop
  endfacet
  facet normal 1.838595e-16 2.969433e-16 -1.000000e+00
    outer loop
      vertex   1.770681e+01 8.748226e+00 -4.000000e+00
      vertex   2.578249e+01 1.122565e+01 -4.000000e+00
      vertex   2.622965e+01 1.094878e+01 -4.000000e+00
    endloop
  endfacet
  facet normal 1.525433e-16 4.182320e-16 -1.000000e+00
    outer loop
      vertex   1.770681e+01 8.748226e+00 -4.000000e+00
      vertex   2.622965e+01 1.094878e+01 -4.000000e+00
      vertex   1.827979e+01 7.477414e+00 -4.000000e+00
    endloop
  endfacet
  facet normal 1.575670e-16 4.067272e-16 -1.000000e+00
    outer loop
      vertex   1.827979e+01 7.477414e+00 -4.000000e+00
      vertex   2.622965e+01 1.094878e+01 -4.000000e+00
      vertex   2.672006e+01 1.075880e+01 -4.000000e+00
    endloop
  endfacet
  facet normal -7.021993e-17 9.926335e-16 -1.000000e+00
    outer loop
      vertex   1.827979e+01 7.477414e+00 -4.000000e+00
      vertex   2.672006e+01 1.075880e+01 -4.000000e+00
      vertex   1.876171e+01 6.169351e+00 -4.000000e+00
    endloop
  endfacet
  facet normal 1.229418e-16 6.576804e-16 -1.000000e+00
    outer loop
      vertex   1.876171e+01 6.169351e+00 -4.000000e+00
      vertex   2.672006e+01 1.075880e+01 -4.000000e+00
      vertex   2.723704e+01 1.066216e+01 -4.000000e+00
    endloop
  endfacet
  facet normal 2.563181e-16 4.060764e-16 -1.000000e+00
    outer loop
      vertex   1.876171e+01 6.169351e+00 -4.000000e+00
      vertex   2.723704e+01 1.066216e+01 -4.000000e+00
      vertex   1.915015e+01 4.830552e+00 -4.000000e+00
    endloop
  endfacet
  facet normal 0.000000e+00 7.615213e-16 -1.000000e+00
    outer loop
      vertex   1.915015e+01 4.830552e+00 -4.000000e+00
      vertex   2.723704e+01 1.066216e+01 -4.000000e+00
      vertex   2.776296e+01 1.066216e+01 -4.000000e+00
    endloop
  endfacet
  facet normal 6.490878e-17 6.656562e-16 -1.000000e+00
    outer loop
      vertex   1.915015e+01 4.830552e+00 -4.000000e+00
      vertex   2.776296e+01 1.066216e+01 -4.000000e+00
      vertex   1.944319e+01 3.467687e+00 -4.000000e+00
    endloop
  endfacet
  facet normal -1.766509e-16 9.449988e-16 -1.000000e+00
    outer loop
      vertex   1.944319e+01 3.467687e+00 -4.000000e+00
      vertex   2.776296e+01 1.066216e+01 -4.000000e+00
      vertex   2.827994e+01 1.075880e+01 -4.000000e+00
    endloop
  endfacet
  facet normal -1.731099e-16 9.407071e-16 -1.000000e+00
    outer loop
      vertex   1.944319e+01 3.467687e+00 -4.000000e+00
      vertex   2.827994e+01 1.075880e+01 -4.000000e+00
      vertex   1.963937e+01 2.087547e+00 -4.000000e+00
    endloop
  endfacet
  facet normal 4.205909e-16 3.491066e-16 -1.000000e+00
    outer loop
      vertex   1.963937e+01 2.087547e+00 -4.000000e+00
      vertex   2.827994e+01 1.075880e+01 -4.000000e+00
      vertex   1.973770e+01 6.970064e-01 -4.000000e+00
    endloop
  endfacet
  facet normal -4.076496e-16 1.052265e-15 -1.000000e+00
    outer loop
      vertex   1.973770e+01 6.970064e-01 -4.000000e+00
      vertex   2.827994e+01 1.075880e+01 -4.000000e+00
      vertex   2.877035e+01 1.094878e+01 -4.000000e+00
    endloop
  endfacet
  facet normal 5.007784e-17 6.489695e-16 -1.000000e+00
    outer loop
      vertex   1.973770e+01 6.970064e-01 -4.000000e+00
      vertex   2.877035e+01 1.094878e+01 -4.000000e+00
      vertex   2.877035e+01 -1.094878e+01 -4.000000e+00
    endloop
  endfacet
  facet normal -4.018249e-16 6.489695e-16 -1.000000e+00
    outer loop
      vertex   2.877035e+01 -1.094878e+01 -4.000000e+00
      vertex   2.877035e+01 1.094878e+01 -4.000000e+00
      vertex   2.921751e+01 1.122565e+01 -4.000000e+00
    endloop
  endfacet
  facet normal 3.919144e-16 6.329635e-16 -1.000000e+00
    outer loop
      vertex   2.877035e+01 -1.094878e+01 -4.000000e+00
      vertex   2.921751e+01 1.122565e+01 -4.000000e+00
      vertex   2.921751e+01 -1.122565e+01 -4.000000e+00
    endloop
  endfacet
  facet normal 5.655740e-16 6.329635e-16 -1.000000e+00
    outer loop
      vertex   2.921751e+01 -1.122565e+01 -4.000000e+00
      vertex   2.921751e+01 1.122565e+01 -4.000000e+00
      vertex   2.960618e+01 1.157997e+01 -4.000000e+00
    endloop
  endfacet
  facet normal -5.943276e-16 6.519463e-16 -1.000000e+00
    outer loop
      vertex   -2.960618e+01 -1.157997e+01 -4.000000e+00
      vertex   -2.960618e+01 1.157997e+01 -4.000000e+00
      vertex   -2.921751e+01 -1.122565e+01 -4.000000e+00
    endloop
  endfacet
  facet normal -1.708171e-15 6.329635e-16 -1.000000e+00
    outer loop
      vertex   -2.921751e+01 -1.122565e+01 -4.000000e+00
      vertex   -2.960618e+01 1.157997e+01 -4.000000e+00
      vertex   -2.921751e+01 1.122565e+01 -4.000000e+00
    endloop
  endfacet
  facet normal -3.919144e-16 6.329635e-16 -1.000000e+00
    outer loop
      vertex   -2.921751e+01 -1.122565e+01 -4.000000e+00
      vertex   -2.921751e+01 1.122565e+01 -4.000000e+00
      vertex   -2.877035e+01 -1.094878e+01 -4.000000e+00
    endloop
  endfacet
  facet normal 4.018249e-16 6.489695e-16 -1.000000e+00
    outer loop
      vertex   -2.877035e+01 -1.094878e+01 -4.000000e+00
      vertex   -2.921751e+01 1.122565e+01 -4.000000e+00
      vertex   -2.877035e+01 1.094878e+01 -4.000000e+00
    endloop
  endfacet
  facet normal 9.846381e-17 6.489695e-16 -1.000000e+00
    outer loop
      vertex   -2.877035e+01 -1.094878e+01 -4.000000e+00
      vertex   -2.877035e+01 1.094878e+01 -4.000000e+00
      vertex   -1.975000e+01 -1.188041e-15 -4.000000e+00
    endloop
  endfacet
  facet normal 8.110827e-17 6.346708e-16 -1.000000e+00
    outer loop
      vertex   -1.975000e+01 -1.188041e-15 -4.000000e+00
      vertex   -2.877035e+01 1.094878e+01 -4.000000e+00
      vertex   -1.970080e+01 1.393144e+00 -4.000000e+00
    endloop
  endfacet
  facet normal 3.416859e-16 8.819931e-16 -1.000000e+00
    outer loop
      vertex   -1.970080e+01 1.393144e+00 -4.000000e+00
      vertex   -2.877035e+01 1.094878e+01 -4.000000e+00
      vertex   -2.827994e+01 1.075880e+01 -4.000000e+00
    endloop
  endfacet
  facet normal 7.015996e-17 6.332695e-16 -1.000000e+00
    outer loop
      vertex   -1.970080e+01 1.393144e+00 -4.000000e+00
      vertex   -2.827994e+01 1.075880e+01 -4.000000e+00
      vertex   -1.955346e+01 2.779348e+00 -4.000000e+00
    endloop
  endfacet
  facet normal 1.307691e-16 6.995529e-16 -1.000000e+00
    outer loop
      vertex   -1.955346e+01 2.779348e+00 -4.000000e+00
      vertex   -2.827994e+01 1.075880e+01 -4.000000e+00
      vertex   -2.776296e+01 1.066216e+01 -4.000000e+00
    endloop
  endfacet
  facet normal 4.455538e-16 9.557069e-16 -1.000000e+00
    outer loop
      vertex   1.973770e+01 6.970064e-01 -4.000000e+00
      vertex   2.877035e+01 -1.094878e+01 -4.000000e+00
      vertex   1.973770e+01 -6.970064e-01 -4.000000e+00
    endloop
  endfacet
  facet normal 3.312153e-16 8.549652e-16 -1.000000e+00
    outer loop
      vertex   1.973770e+01 -6.970064e-01 -4.000000e+00
      vertex   2.877035e+01 -1.094878e+01 -4.000000e+00
      vertex   2.827994e+01 -1.075880e+01 -4.000000e+00
    endloop
  endfacet
  facet normal -2.766206e-16 3.389257e-16 -1.000000e+00
    outer loop
      vertex   1.973770e+01 -6.970064e-01 -4.000000e+00
      vertex   2.827994e+01 -1.075880e+01 -4.000000e+00
      vertex   1.963937e+01 -2.087547e+00 -4.000000e+00
    endloop
  endfacet
  facet normal 2.544729e-17 6.399250e-16 -1.000000e+00
    outer loop
      vertex   1.963937e+01 -2.087547e+00 -4.000000e+00
      vertex   2.827994e+01 -1.075880e+01 -4.000000e+00
      vertex   1.944319e+01 -3.467687e+00 -4.000000e+00
    endloop
  endfacet
  facet normal 1.472091e-16 7.874990e-16 -1.000000e+00
    outer loop
      vertex   1.944319e+01 -3.467687e+00 -4.000000e+00
      vertex   2.827994e+01 -1.075880e+01 -4.000000e+00
      vertex   2.776296e+01 -1.066216e+01 -4.000000e+00
    endloop
  endfacet
  facet normal 5.003062e-16 1.195825e-15 -1.000000e+00
    outer loop
      vertex   1.944319e+01 -3.467687e+00 -4.000000e+00
      vertex   2.776296e+01 -1.066216e+01 -4.000000e+00
      vertex   1.915015e+01 -4.830552e+00 -4.000000e+00
    endloop
  endfacet
  facet normal -2.057665e-30 4.569128e-16 -1.000000e+00
    outer loop
      vertex   1.915015e+01 -4.830552e+00 -4.000000e+00
      vertex   2.776296e+01 -1.066216e+01 -4.000000e+00
      vertex   2.723704e+01 -1.066216e+01 -4.000000e+00
    endloop
  endfacet
  facet normal -2.724783e-16 7.905797e-17 -1.000000e+00
    outer loop
      vertex   1.915015e+01 -4.830552e+00 -4.000000e+00
      vertex   2.723704e+01 -1.066216e+01 -4.000000e+00
      vertex   1.876171e+01 -6.169351e+00 -4.000000e+00
    endloop
  endfacet
  facet normal -8.196118e-17 4.384536e-16 -1.000000e+00
    outer loop
      vertex   1.876171e+01 -6.169351e+00 -4.000000e+00
      vertex   2.723704e+01 -1.066216e+01 -4.000000e+00
      vertex   2.672006e+01 -1.075880e+01 -4.000000e+00
    endloop
  endfacet
  facet normal 4.681329e-17 6.617556e-16 -1.000000e+00
    outer loop
      vertex   1.876171e+01 -6.169351e+00 -4.000000e+00
      vertex   2.672006e+01 -1.075880e+01 -4.000000e+00
      vertex   1.827979e+01 -7.477414e+00 -4.000000e+00
    endloop
  endfacet
  facet normal -1.050446e-16 2.711515e-16 -1.000000e+00
    outer loop
      vertex   1.827979e+01 -7.477414e+00 -4.000000e+00
      vertex   2.672006e+01 -1.075880e+01 -4.000000e+00
      vertex   2.622965e+01 -1.094878e+01 -4.000000e+00
    endloop
  endfacet
  facet normal 6.829269e-17 6.681147e-16 -1.000000e+00
    outer loop
      vertex   1.827979e+01 -7.477414e+00 -4.000000e+00
      vertex   2.622965e+01 -1.094878e+01 -4.000000e+00
      vertex   1.770681e+01 -8.748226e+00 -4.000000e+00
    endloop
  endfacet
  facet normal -7.354381e-17 1.187773e-16 -1.000000e+00
    outer loop
      vertex   1.770681e+01 -8.748226e+00 -4.000000e+00
      vertex   2.622965e+01 -1.094878e+01 -4.000000e+00
      vertex   2.578249e+01 -1.122565e+01 -4.000000e+00
    endloop
  endfacet
  facet normal -8.228988e-17 9.026769e-17 -1.000000e+00
    outer loop
      vertex   1.770681e+01 -8.748226e+00 -4.000000e+00
      vertex   2.578249e+01 -1.122565e+01 -4.000000e+00
      vertex   2.539382e+01 -1.157997e+01 -4.000000e+00
    endloop
  endfacet
  facet normal 3.485020e-16 1.259691e-15 -1.000000e+00
    outer loop
      vertex   1.770681e+01 -8.748226e+00 -4.000000e+00
      vertex   2.539382e+01 -1.157997e+01 -4.000000e+00
      vertex   1.704561e+01 -9.975454e+00 -4.000000e+00
    endloop
  endfacet
  facet normal 9.290679e-17 -7.015995e-17 -1.000000e+00
    outer loop
      vertex   1.704561e+01 -9.975454e+00 -4.000000e+00
      vertex   2.539382e+01 -1.157997e+01 -4.000000e+00
      vertex   2.507688e+01 -1.199967e+01 -4.000000e+00
    endloop
  endfacet
  facet normal 9.536081e-17 -6.042341e-17 -1.000000e+00
    outer loop
      vertex   1.704561e+01 -9.975454e+00 -4.000000e+00
      vertex   2.507688e+01 -1.199967e+01 -4.000000e+00
      vertex   1.629949e+01 -1.115298e+01 -4.000000e+00
    endloop
  endfacet
  facet normal 2.701924e-16 1.752019e-15 -1.000000e+00
    outer loop
      vertex   1.629949e+01 -1.115298e+01 -4.000000e+00
      vertex   2.507688e+01 -1.199967e+01 -4.000000e+00
      vertex   2.484245e+01 -1.247046e+01 -4.000000e+00
    endloop
  endfacet
  facet normal 0.000000e+00 0.000000e+00 -1.000000e+00
    outer loop
      vertex   1.629949e+01 -1.115298e+01 -4.000000e+00
      vertex   2.484245e+01 -1.247046e+01 -4.000000e+00
      vertex   2.469853e+01 -1.297631e+01 -4.000000e+00
    endloop
  endfacet
  facet normal 1.481388e-16 6.823906e-16 -1.000000e+00
    outer loop
      vertex   1.629949e+01 -1.115298e+01 -4.000000e+00
      vertex   2.469853e+01 -1.297631e+01 -4.000000e+00
      vertex   1.547217e+01 -1.227495e+01 -4.000000e+00
    endloop
  endfacet
  facet normal 2.236163e-16 1.675292e-15 -1.000000e+00
    outer loop
      vertex   1.547217e+01 -1.227495e+01 -4.000000e+00
      vertex   2.469853e+01 -1.297631e+01 -4.000000e+00
      vertex   2.465000e+01 -1.350000e+01 -4.000000e+00
    endloop
  endfacet
  facet normal 2.292173e-16 1.717253e-15 -1.000000e+00
    outer loop
      vertex   1.547217e+01 -1.227495e+01 -4.000000e+00
      vertex   2.465000e+01 -1.350000e+01 -4.000000e+00
      vertex   2.469853e+01 -1.402369e+01 -4.000000e+00
    endloop
  endfacet
  facet normal 5.374219e-17 7.914429e-16 -1.000000e+00
    outer loop
      vertex   1.547217e+01 -1.227495e+01 -4.000000e+00
      vertex   2.469853e+01 -1.402369e+01 -4.000000e+00
      vertex   1.456777e+01 -1.333577e+01 -4.000000e+00
    endloop
  endfacet
  facet normal 0.000000e+00 0.000000e+00 -1.000000e+00
    outer loop
      vertex   1.456777e+01 -1.333577e+01 -4.000000e+00
      vertex   2.469853e+01 -1.402369e+01 -4.000000e+00
      vertex   2.484245e+01 -1.452954e+01 -4.000000e+00
    endloop
  endfacet
  facet normal 9.314459e-17 8.016867e-16 -1.000000e+00
    outer loop
      vertex   1.456777e+01 -1.333577e+01 -4.000000e+00
      vertex   2.484245e+01 -1.452954e+01 -4.000000e+00
      vertex   1.359079e+01 -1.433014e+01 -4.000000e+00
    endloop
  endfacet
  facet normal 7.964027e-17 3.965614e-17 -1.000000e+00
    outer loop
      vertex   1.359079e+01 -1.433014e+01 -4.000000e+00
      vertex   2.484245e+01 -1.452954e+01 -4.000000e+00
      vertex   2.507688e+01 -1.500033e+01 -4.000000e+00
    endloop
  endfacet
  facet normal 8.089064e-17 6.108578e-17 -1.000000e+00
    outer loop
      vertex   1.359079e+01 -1.433014e+01 -4.000000e+00
      vertex   2.507688e+01 -1.500033e+01 -4.000000e+00
      vertex   2.539382e+01 -1.542003e+01 -4.000000e+00
    endloop
  endfacet
  facet normal 1.485789e-16 7.941198e-16 -1.000000e+00
    outer loop
      vertex   1.359079e+01 -1.433014e+01 -4.000000e+00
      vertex   2.539382e+01 -1.542003e+01 -4.000000e+00
      vertex   1.254610e+01 -1.525313e+01 -4.000000e+00
    endloop
  endfacet
  facet normal 1.402612e-16 1.538592e-16 -1.000000e+00
    outer loop
      vertex   1.254610e+01 -1.525313e+01 -4.000000e+00
      vertex   2.539382e+01 -1.542003e+01 -4.000000e+00
      vertex   2.578249e+01 -1.577435e+01 -4.000000e+00
    endloop
  endfacet
  facet normal 1.669039e-16 8.304475e-16 -1.000000e+00
    outer loop
      vertex   1.254610e+01 -1.525313e+01 -4.000000e+00
      vertex   2.578249e+01 -1.577435e+01 -4.000000e+00
      vertex   1.143891e+01 -1.610012e+01 -4.000000e+00
    endloop
  endfacet
  facet normal 1.791920e-16 2.894050e-16 -1.000000e+00
    outer loop
      vertex   1.143891e+01 -1.610012e+01 -4.000000e+00
      vertex   2.578249e+01 -1.577435e+01 -4.000000e+00
      vertex   2.622965e+01 -1.605122e+01 -4.000000e+00
    endloop
  endfacet
  facet normal -1.390716e-16 1.683126e-15 -1.000000e+00
    outer loop
      vertex   -2.469853e+01 -1.297631e+01 -4.000000e+00
      vertex   -1.589573e+01 -1.172127e+01 -4.000000e+00
      vertex   -2.465000e+01 -1.350000e+01 -4.000000e+00
    endloop
  endfacet
  facet normal 3.243548e-17 8.390302e-16 -1.000000e+00
    outer loop
      vertex   -2.465000e+01 -1.350000e+01 -4.000000e+00
      vertex   -1.589573e+01 -1.172127e+01 -4.000000e+00
      vertex   -1.502933e+01 -1.281334e+01 -4.000000e+00
    endloop
  endfacet
  facet normal 9.293446e-17 -8.611646e-18 -1.000000e+00
    outer loop
      vertex   -2.465000e+01 -1.350000e+01 -4.000000e+00
      vertex   -1.502933e+01 -1.281334e+01 -4.000000e+00
      vertex   -2.469853e+01 -1.402369e+01 -4.000000e+00
    endloop
  endfacet
  facet normal 9.524883e-17 -2.710063e-17 -1.000000e+00
    outer loop
      vertex   -2.469853e+01 -1.402369e+01 -4.000000e+00
      vertex   -1.502933e+01 -1.281334e+01 -4.000000e+00
      vertex   -2.484245e+01 -1.452954e+01 -4.000000e+00
    endloop
  endfacet
  facet normal 7.801865e-17 7.142059e-17 -1.000000e+00
    outer loop
      vertex   -2.484245e+01 -1.452954e+01 -4.000000e+00
      vertex   -1.502933e+01 -1.281334e+01 -4.000000e+00
      vertex   -1.408805e+01 -1.384158e+01 -4.000000e+00
    endloop
  endfacet
  facet normal -1.640040e-16 3.854781e-15 -1.000000e+00
    outer loop
      vertex   -2.484245e+01 -1.452954e+01 -4.000000e+00
      vertex   -1.408805e+01 -1.384158e+01 -4.000000e+00
      vertex   -2.507688e+01 -1.500033e+01 -4.000000e+00
    endloop
  endfacet
  facet normal 1.303508e-16 1.063325e-15 -1.000000e+00
    outer loop
      vertex   -2.507688e+01 -1.500033e+01 -4.000000e+00
      vertex   -1.408805e+01 -1.384158e+01 -4.000000e+00
      vertex   -1.307659e+01 -1.480085e+01 -4.000000e+00
    endloop
  endfacet
  facet normal 1.499079e-16 -1.132052e-16 -1.000000e+00
    outer loop
      vertex   -2.507688e+01 -1.500033e+01 -4.000000e+00
      vertex   -1.307659e+01 -1.480085e+01 -4.000000e+00
      vertex   -2.539382e+01 -1.542003e+01 -4.000000e+00
    endloop
  endfacet
  facet normal 1.359109e-16 1.652359e-16 -1.000000e+00
    outer loop
      vertex   -2.539382e+01 -1.542003e+01 -4.000000e+00
      vertex   -1.307659e+01 -1.480085e+01 -4.000000e+00
      vertex   -1.199998e+01 -1.568640e+01 -4.000000e+00
    endloop
  endfacet
  facet normal 1.297934e-16 -1.423766e-16 -1.000000e+00
    outer loop
      vertex   -2.539382e+01 -1.542003e+01 -4.000000e+00
      vertex   -1.199998e+01 -1.568640e+01 -4.000000e+00
      vertex   -2.578249e+01 -1.577435e+01 -4.000000e+00
    endloop
  endfacet
  facet normal 1.277375e-16 1.797889e-16 -1.000000e+00
    outer loop
      vertex   -2.578249e+01 -1.577435e+01 -4.000000e+00
      vertex   -1.199998e+01 -1.568640e+01 -4.000000e+00
      vertex   -1.086359e+01 -1.649379e+01 -4.000000e+00
    endloop
  endfacet
  facet normal 1.104642e-16 -1.784058e-16 -1.000000e+00
    outer loop
      vertex   -2.578249e+01 -1.577435e+01 -4.000000e+00
      vertex   -1.086359e+01 -1.649379e+01 -4.000000e+00
      vertex   -2.622965e+01 -1.605122e+01 -4.000000e+00
    endloop
  endfacet
  facet normal 1.377280e-16 7.681934e-16 -1.000000e+00
    outer loop
      vertex   -2.622965e+01 -1.605122e+01 -4.000000e+00
      vertex   -1.086359e+01 -1.649379e+01 -4.000000e+00
      vertex   -3.000000e+01 -2.000000e+01 -4.000000e+00
    endloop
  endfacet
  facet normal -5.531553e-16 1.427858e-15 -1.000000e+00
    outer loop
      vertex   -2.622965e+01 -1.605122e+01 -4.000000e+00
      vertex   -3.000000e+01 -2.000000e+01 -4.000000e+00
      vertex   -2.672006e+01 -1.624120e+01 -4.000000e+00
    endloop
  endfacet
  facet normal -2.111211e-16 1.129398e-15 -1.000000e+00
    outer loop
      vertex   -2.672006e+01 -1.624120e+01 -4.000000e+00
      vertex   -3.000000e+01 -2.000000e+01 -4.000000e+00
      vertex   -2.723704e+01 -1.633784e+01 -4.000000e+00
    endloop
  endfacet
  facet normal 9.696394e-17 2.758862e-17 -1.000000e+00
    outer loop
      vertex   -2.469853e+01 -1.297631e+01 -4.000000e+00
      vertex   -2.484245e+01 -1.247046e+01 -4.000000e+00
      vertex   -1.589573e+01 -1.172127e+01 -4.000000e+00
    endloop
  endfacet
  facet normal 3.274965e-17 7.944254e-16 -1.000000e+00
    outer loop
      vertex   -1.589573e+01 -1.172127e+01 -4.000000e+00
      vertex   -2.484245e+01 -1.247046e+01 -4.000000e+00
      vertex   -1.668294e+01 -1.057080e+01 -4.000000e+00
    endloop
  endfacet
  facet normal 1.950877e-16 9.714213e-17 -1.000000e+00
    outer loop
      vertex   -1.668294e+01 -1.057080e+01 -4.000000e+00
      vertex   -2.484245e+01 -1.247046e+01 -4.000000e+00
      vertex   -2.507688e+01 -1.199967e+01 -4.000000e+00
    endloop
  endfacet
  facet normal 7.817168e-17 7.839714e-16 -1.000000e+00
    outer loop
      vertex   -1.668294e+01 -1.057080e+01 -4.000000e+00
      vertex   -2.507688e+01 -1.199967e+01 -4.000000e+00
      vertex   -1.738704e+01 -9.367675e+00 -4.000000e+00
    endloop
  endfacet
  facet normal 2.753350e-16 2.079234e-16 -1.000000e+00
    outer loop
      vertex   -1.738704e+01 -9.367675e+00 -4.000000e+00
      vertex   -2.507688e+01 -1.199967e+01 -4.000000e+00
      vertex   -2.539382e+01 -1.157997e+01 -4.000000e+00
    endloop
  endfacet
  facet normal 2.553814e-16 2.801400e-16 -1.000000e+00
    outer loop
      vertex   -1.738704e+01 -9.367675e+00 -4.000000e+00
      vertex   -2.539382e+01 -1.157997e+01 -4.000000e+00
      vertex   -2.578249e+01 -1.122565e+01 -4.000000e+00
    endloop
  endfacet
  facet normal 2.860969e-16 1.413490e-16 -1.000000e+00
    outer loop
      vertex   -1.738704e+01 -9.367675e+00 -4.000000e+00
      vertex   -2.578249e+01 -1.122565e+01 -4.000000e+00
      vertex   -1.800452e+01 -8.117877e+00 -4.000000e+00
    endloop
  endfacet
  facet normal 2.082123e-16 3.362744e-16 -1.000000e+00
    outer loop
      vertex   -1.800452e+01 -8.117877e+00 -4.000000e+00
      vertex   -2.578249e+01 -1.122565e+01 -4.000000e+00
      vertex   -2.622965e+01 -1.094878e+01 -4.000000e+00
    endloop
  endfacet
  facet normal 7.628485e-17 7.195863e-16 -1.000000e+00
    outer loop
      vertex   -1.800452e+01 -8.117877e+00 -4.000000e+00
      vertex   -2.622965e+01 -1.094878e+01 -4.000000e+00
      vertex   -1.853229e+01 -6.827636e+00 -4.000000e+00
    endloop
  endfacet
  facet normal 1.937640e-16 5.001625e-16 -1.000000e+00
    outer loop
      vertex   -1.853229e+01 -6.827636e+00 -4.000000e+00
      vertex   -2.622965e+01 -1.094878e+01 -4.000000e+00
      vertex   -2.672006e+01 -1.075880e+01 -4.000000e+00
    endloop
  endfacet
  facet normal 1.215949e-16 6.504752e-16 -1.000000e+00
    outer loop
      vertex   -1.853229e+01 -6.827636e+00 -4.000000e+00
      vertex   -2.672006e+01 -1.075880e+01 -4.000000e+00
      vertex   -2.723704e+01 -1.066216e+01 -4.000000e+00
    endloop
  endfacet
  facet normal -1.596399e-16 1.288906e-15 -1.000000e+00
    outer loop
      vertex   -1.853229e+01 -6.827636e+00 -4.000000e+00
      vertex   -2.723704e+01 -1.066216e+01 -4.000000e+00
      vertex   -1.896774e+01 -5.503379e+00 -4.000000e+00
    endloop
  endfacet
  facet normal -6.978100e-30 1.033010e-15 -1.000000e+00
    outer loop
      vertex   -1.896774e+01 -5.503379e+00 -4.000000e+00
      vertex   -2.723704e+01 -1.066216e+01 -4.000000e+00
      vertex   -2.776296e+01 -1.066216e+01 -4.000000e+00
    endloop
  endfacet
  facet normal 5.278135e-16 1.331389e-16 -1.000000e+00
    outer loop
      vertex   -1.896774e+01 -5.503379e+00 -4.000000e+00
      vertex   -2.776296e+01 -1.066216e+01 -4.000000e+00
      vertex   -1.930870e+01 -4.151706e+00 -4.000000e+00
    endloop
  endfacet
  facet normal 1.160179e-16 6.678836e-16 -1.000000e+00
    outer loop
      vertex   -1.930870e+01 -4.151706e+00 -4.000000e+00
      vertex   -2.776296e+01 -1.066216e+01 -4.000000e+00
      vertex   -1.955346e+01 -2.779348e+00 -4.000000e+00
    endloop
  endfacet
  facet normal -1.830767e-16 9.793740e-16 -1.000000e+00
    outer loop
      vertex   -1.955346e+01 -2.779348e+00 -4.000000e+00
      vertex   -2.776296e+01 -1.066216e+01 -4.000000e+00
      vertex   -2.827994e+01 -1.075880e+01 -4.000000e+00
    endloop
  endfacet
  facet normal 1.153671e-16 6.529900e-16 -1.000000e+00
    outer loop
      vertex   -1.955346e+01 -2.779348e+00 -4.000000e+00
      vertex   -2.827994e+01 -1.075880e+01 -4.000000e+00
      vertex   -1.970080e+01 -1.393144e+00 -4.000000e+00
    endloop
  endfacet
  facet normal -4.555813e-16 1.175991e-15 -1.000000e+00
    outer loop
      vertex   -1.970080e+01 -1.393144e+00 -4.000000e+00
      vertex   -2.827994e+01 -1.075880e+01 -4.000000e+00
      vertex   -2.877035e+01 -1.094878e+01 -4.000000e+00
    endloop
  endfacet
  facet normal 1.077254e-16 6.413392e-16 -1.000000e+00
    outer loop
      vertex   -1.970080e+01 -1.393144e+00 -4.000000e+00
      vertex   -2.877035e+01 -1.094878e+01 -4.000000e+00
      vertex   -1.975000e+01 -1.188041e-15 -4.000000e+00
    endloop
  endfacet
  facet normal 4.157959e-17 1.292958e-15 -1.000000e+00
    outer loop
      vertex   -1.086359e+01 -1.649379e+01 -4.000000e+00
      vertex   -9.673071e+00 -1.721901e+01 -4.000000e+00
      vertex   -3.000000e+01 -2.000000e+01 -4.000000e+00
    endloop
  endfacet
  facet normal 2.248120e-17 1.432553e-15 -1.000000e+00
    outer loop
      vertex   -3.000000e+01 -2.000000e+01 -4.000000e+00
      vertex   -9.673071e+00 -1.721901e+01 -4.000000e+00
      vertex   -8.434365e+00 -1.785844e+01 -4.000000e+00
    endloop
  endfacet
  facet normal 1.338212e-16 3.113509e-16 -1.000000e+00
    outer loop
      vertex   -3.000000e+01 -2.000000e+01 -4.000000e+00
      vertex   -8.434365e+00 -1.785844e+01 -4.000000e+00
      vertex   -7.153639e+00 -1.840891e+01 -4.000000e+00
    endloop
  endfacet
  facet normal 1.296048e-16 3.718926e-16 -1.000000e+00
    outer loop
      vertex   -7.153639e+00 -1.840891e+01 -4.000000e+00
      vertex   -5.837274e+00 -1.886766e+01 -4.000000e+00
      vertex   -3.000000e+01 -2.000000e+01 -4.000000e+00
    endloop
  endfacet
  facet normal 1.253627e-16 4.624148e-16 -1.000000e+00
    outer loop
      vertex   -3.000000e+01 -2.000000e+01 -4.000000e+00
      vertex   -5.837274e+00 -1.886766e+01 -4.000000e+00
      vertex   -4.491828e+00 -1.923242e+01 -4.000000e+00
    endloop
  endfacet
  facet normal 1.207911e-16 6.143381e-16 -1.000000e+00
    outer loop
      vertex   -3.000000e+01 -2.000000e+01 -4.000000e+00
      vertex   -4.491828e+00 -1.923242e+01 -4.000000e+00
      vertex   -3.124004e+00 -1.950136e+01 -4.000000e+00
    endloop
  endfacet
  facet normal 1.150062e-16 9.261381e-16 -1.000000e+00
    outer loop
      vertex   -3.124004e+00 -1.950136e+01 -4.000000e+00
      vertex   -1.740617e+00 -1.967315e+01 -4.000000e+00
      vertex   -3.000000e+01 -2.000000e+01 -4.000000e+00
    endloop
  endfacet
  facet normal 1.031966e-16 1.947189e-15 -1.000000e+00
    outer loop
      vertex   -3.000000e+01 -2.000000e+01 -4.000000e+00
      vertex   -1.740617e+00 -1.967315e+01 -4.000000e+00
      vertex   -3.485575e-01 -1.974692e+01 -4.000000e+00
    endloop
  endfacet
  facet normal 1.422810e-16 3.139816e-15 -1.000000e+00
    outer loop
      vertex   2.433827e+00 -1.959946e+01 -4.000000e+00
      vertex   3.810290e+00 -1.937896e+01 -4.000000e+00
      vertex   3.000000e+01 -2.000000e+01 -4.000000e+00
    endloop
  endfacet
  facet normal 1.218818e-16 2.279560e-15 -1.000000e+00
    outer loop
      vertex   3.000000e+01 -2.000000e+01 -4.000000e+00
      vertex   3.810290e+00 -1.937896e+01 -4.000000e+00
      vertex   5.167770e+00 -1.906192e+01 -4.000000e+00
    endloop
  endfacet
  facet normal 3.187506e-17 -1.030289e-16 -1.000000e+00
    outer loop
      vertex   3.000000e+01 -2.000000e+01 -4.000000e+00
      vertex   5.167770e+00 -1.906192e+01 -4.000000e+00
      vertex   6.499505e+00 -1.864990e+01 -4.000000e+00
    endloop
  endfacet
  facet normal 1.209663e-16 1.447741e-15 -1.000000e+00
    outer loop
      vertex   6.499505e+00 -1.864990e+01 -4.000000e+00
      vertex   7.798860e+00 -1.814498e+01 -4.000000e+00
      vertex   3.000000e+01 -2.000000e+01 -4.000000e+00
    endloop
  endfacet
  facet normal 0.000000e+00 0.000000e+00 -1.000000e+00
    outer loop
      vertex   3.000000e+01 -2.000000e+01 -4.000000e+00
      vertex   7.798860e+00 -1.814498e+01 -4.000000e+00
      vertex   9.059361e+00 -1.754966e+01 -4.000000e+00
    endloop
  endfacet
  facet normal 0.000000e+00 0.000000e+00 -1.000000e+00
    outer loop
      vertex   3.000000e+01 -2.000000e+01 -4.000000e+00
      vertex   9.059361e+00 -1.754966e+01 -4.000000e+00
      vertex   1.027473e+01 -1.686690e+01 -4.000000e+00
    endloop
  endfacet
  facet normal 7.741994e-17 7.882534e-16 -1.000000e+00
    outer loop
      vertex   1.027473e+01 1.686690e+01 -4.000000e+00
      vertex   9.059361e+00 1.754966e+01 -4.000000e+00
      vertex   3.000000e+01 2.000000e+01 -4.000000e+00
    endloop
  endfacet
  facet normal 1.359690e-16 2.878930e-16 -1.000000e+00
    outer loop
      vertex   3.000000e+01 2.000000e+01 -4.000000e+00
      vertex   9.059361e+00 1.754966e+01 -4.000000e+00
      vertex   7.798860e+00 1.814498e+01 -4.000000e+00
    endloop
  endfacet
  facet normal 1.317050e-16 3.389248e-16 -1.000000e+00
    outer loop
      vertex   3.000000e+01 2.000000e+01 -4.000000e+00
      vertex   7.798860e+00 1.814498e+01 -4.000000e+00
      vertex   6.499505e+00 1.864990e+01 -4.000000e+00
    endloop
  endfacet
  facet normal 1.275002e-16 4.121155e-16 -1.000000e+00
    outer loop
      vertex   6.499505e+00 1.864990e+01 -4.000000e+00
      vertex   5.167770e+00 1.906192e+01 -4.000000e+00
      vertex   3.000000e+01 2.000000e+01 -4.000000e+00
    endloop
  endfacet
  facet normal 3.205519e-17 2.938664e-15 -1.000000e+00
    outer loop
      vertex   3.000000e+01 2.000000e+01 -4.000000e+00
      vertex   5.167770e+00 1.906192e+01 -4.000000e+00
      vertex   3.810290e+00 1.937896e+01 -4.000000e+00
    endloop
  endfacet
  facet normal 1.718215e-16 -2.955412e-15 -1.000000e+00
    outer loop
      vertex   3.000000e+01 2.000000e+01 -4.000000e+00
      vertex   3.810290e+00 1.937896e+01 -4.000000e+00
      vertex   2.433827e+00 1.959946e+01 -4.000000e+00
    endloop
  endfacet
  facet normal 1.106999e-16 1.251175e-15 -1.000000e+00
    outer loop
      vertex   2.433827e+00 1.959946e+01 -4.000000e+00
      vertex   1.045238e+00 1.972232e+01 -4.000000e+00
      vertex   3.000000e+01 2.000000e+01 -4.000000e+00
    endloop
  endfacet
  facet normal 7.950373e-17 4.504147e-15 -1.000000e+00
    outer loop
      vertex   3.000000e+01 2.000000e+01 -4.000000e+00
      vertex   1.045238e+00 1.972232e+01 -4.000000e+00
      vertex   -3.485575e-01 1.974692e+01 -4.000000e+00
    endloop
  endfacet
  facet normal 9.059333e-17 -4.607536e-16 -1.000000e+00
    outer loop
      vertex   -3.124004e+00 1.950136e+01 -4.000000e+00
      vertex   -4.491828e+00 1.923242e+01 -4.000000e+00
      vertex   -3.000000e+01 2.000000e+01 -4.000000e+00
    endloop
  endfacet
  facet normal 1.269981e-16 7.490483e-16 -1.000000e+00
    outer loop
      vertex   -3.000000e+01 2.000000e+01 -4.000000e+00
      vertex   -4.491828e+00 1.923242e+01 -4.000000e+00
      vertex   -5.837274e+00 1.886766e+01 -4.000000e+00
    endloop
  endfacet
  facet normal 8.100303e-17 -2.324329e-16 -1.000000e+00
    outer loop
      vertex   -3.000000e+01 2.000000e+01 -4.000000e+00
      vertex   -5.837274e+00 1.886766e+01 -4.000000e+00
      vertex   -7.153639e+00 1.840891e+01 -4.000000e+00
    endloop
  endfacet
  facet normal 2.286890e-16 1.888180e-15 -1.000000e+00
    outer loop
      vertex   -7.153639e+00 1.840891e+01 -4.000000e+00
      vertex   -8.434365e+00 1.785844e+01 -4.000000e+00
      vertex   -3.000000e+01 2.000000e+01 -4.000000e+00
    endloop
  endfacet
  facet normal 9.238046e-17 5.155431e-16 -1.000000e+00
    outer loop
      vertex   -3.000000e+01 2.000000e+01 -4.000000e+00
      vertex   -8.434365e+00 1.785844e+01 -4.000000e+00
      vertex   -9.673071e+00 1.721901e+01 -4.000000e+00
    endloop
  endfacet
  facet normal 8.625326e-17 4.707580e-16 -1.000000e+00
    outer loop
      vertex   -3.000000e+01 2.000000e+01 -4.000000e+00
      vertex   -9.673071e+00 1.721901e+01 -4.000000e+00
      vertex   -1.086359e+01 1.649379e+01 -4.000000e+00
    endloop
  endfacet
  facet normal 0.000000e+00 0.000000e+00 -1.000000e+00
    outer loop
      vertex   1.469321e+01 -7.096422e+00 -5.250000e+00
      vertex   1.752071e+01 -7.350145e+00 -5.250000e+00
      vertex   1.474038e+01 -7.500000e+00 -5.250000e+00
    endloop
  endfacet
  facet normal 0.000000e+00 0.000000e+00 -1.000000e+00
    outer loop
      vertex   1.474038e+01 -7.500000e+00 -5.250000e+00
      vertex   1.752071e+01 -7.350145e+00 -5.250000e+00
      vertex   1.694467e+01 -8.595240e+00 -5.250000e+00
    endloop
  endfacet
  facet normal 0.000000e+00 -0.000000e+00 -1.000000e+00
    outer loop
      vertex   1.474038e+01 -7.500000e+00 -5.250000e+00
      vertex   1.694467e+01 -8.595240e+00 -5.250000e+00
      vertex   1.469321e+01 -7.903578e+00 -5.250000e+00
    endloop
  endfacet
  facet normal 0.000000e+00 -0.000000e+00 -1.000000e+00
    outer loop
      vertex   1.469321e+01 -7.903578e+00 -5.250000e+00
      vertex   1.694467e+01 -8.595240e+00 -5.250000e+00
      vertex   1.455424e+01 -8.285399e+00 -5.250000e+00
    endloop
  endfacet
  facet normal 0.000000e+00 0.000000e+00 -1.000000e+00
    outer loop
      vertex   1.455424e+01 -8.285399e+00 -5.250000e+00
      vertex   1.694467e+01 -8.595240e+00 -5.250000e+00
      vertex   1.628029e+01 -9.795523e+00 -5.250000e+00
    endloop
  endfacet
  facet normal 0.000000e+00 -0.000000e+00 -1.000000e+00
    outer loop
      vertex   1.455424e+01 -8.285399e+00 -5.250000e+00
      vertex   1.628029e+01 -9.795523e+00 -5.250000e+00
      vertex   1.433096e+01 -8.624878e+00 -5.250000e+00
    endloop
  endfacet
  facet normal 0.000000e+00 -0.000000e+00 -1.000000e+00
    outer loop
      vertex   1.433096e+01 -8.624878e+00 -5.250000e+00
      vertex   1.628029e+01 -9.795523e+00 -5.250000e+00
      vertex   1.403541e+01 -8.903716e+00 -5.250000e+00
    endloop
  endfacet
  facet normal 0.000000e+00 0.000000e+00 -1.000000e+00
    outer loop
      vertex   1.403541e+01 -8.903716e+00 -5.250000e+00
      vertex   1.628029e+01 -9.795523e+00 -5.250000e+00
      vertex   1.553102e+01 -1.094474e+01 -5.250000e+00
    endloop
  endfacet
  facet normal 0.000000e+00 -0.000000e+00 -1.000000e+00
    outer loop
      vertex   1.403541e+01 -8.903716e+00 -5.250000e+00
      vertex   1.553102e+01 -1.094474e+01 -5.250000e+00
      vertex   1.368352e+01 -9.106878e+00 -5.250000e+00
    endloop
  endfacet
  facet normal 0.000000e+00 0.000000e+00 -1.000000e+00
    outer loop
      vertex   1.368352e+01 -9.106878e+00 -5.250000e+00
      vertex   1.553102e+01 -1.094474e+01 -5.250000e+00
      vertex   1.470079e+01 -1.203689e+01 -5.250000e+00
    endloop
  endfacet
  facet normal 0.000000e+00 -0.000000e+00 -1.000000e+00
    outer loop
      vertex   1.368352e+01 -9.106878e+00 -5.250000e+00
      vertex   1.470079e+01 -1.203689e+01 -5.250000e+00
      vertex   1.329427e+01 -9.223414e+00 -5.250000e+00
    endloop
  endfacet
  facet normal 0.000000e+00 -0.000000e+00 -1.000000e+00
    outer loop
      vertex   1.329427e+01 -9.223414e+00 -5.250000e+00
      vertex   1.470079e+01 -1.203689e+01 -5.250000e+00
      vertex   1.288863e+01 -9.247039e+00 -5.250000e+00
    endloop
  endfacet
  facet normal 0.000000e+00 0.000000e+00 -1.000000e+00
    outer loop
      vertex   1.288863e+01 -9.247039e+00 -5.250000e+00
      vertex   1.470079e+01 -1.203689e+01 -5.250000e+00
      vertex   1.379391e+01 -1.306629e+01 -5.250000e+00
    endloop
  endfacet
  facet normal -0.000000e+00 -0.000000e+00 -1.000000e+00
    outer loop
      vertex   1.288863e+01 -9.247039e+00 -5.250000e+00
      vertex   1.379391e+01 -1.306629e+01 -5.250000e+00
      vertex   1.248848e+01 -9.176482e+00 -5.250000e+00
    endloop
  endfacet
  facet normal 0.000000e+00 0.000000e+00 -1.000000e+00
    outer loop
      vertex   1.248848e+01 -9.176482e+00 -5.250000e+00
      vertex   1.379391e+01 -1.306629e+01 -5.250000e+00
      vertex   1.281512e+01 -1.402757e+01 -5.250000e+00
    endloop
  endfacet
  facet normal -0.000000e+00 -0.000000e+00 -1.000000e+00
    outer loop
      vertex   1.248848e+01 -9.176482e+00 -5.250000e+00
      vertex   1.281512e+01 -1.402757e+01 -5.250000e+00
      vertex   1.211538e+01 -9.015545e+00 -5.250000e+00
    endloop
  endfacet
  facet normal 0.000000e+00 -0.000000e+00 -1.000000e+00
    outer loop
      vertex   1.211538e+01 -9.015545e+00 -5.250000e+00
      vertex   1.281512e+01 -1.402757e+01 -5.250000e+00
      vertex   1.176952e+01 -1.491571e+01 -5.250000e+00
    endloop
  endfacet
  facet normal -0.000000e+00 0.000000e+00 -1.000000e+00
    outer loop
      vertex   1.211538e+01 -9.015545e+00 -5.250000e+00
      vertex   1.176952e+01 -1.491571e+01 -5.250000e+00
      vertex   1.178946e+01 -8.772904e+00 -5.250000e+00
    endloop
  endfacet
  facet normal -0.000000e+00 0.000000e+00 -1.000000e+00
    outer loop
      vertex   1.178946e+01 -8.772904e+00 -5.250000e+00
      vertex   1.176952e+01 -1.491571e+01 -5.250000e+00
      vertex   6.375206e+00 -8.343065e+00 -5.250000e+00
    endloop
  endfacet
  facet normal 0.000000e+00 0.000000e+00 -1.000000e+00
    outer loop
      vertex   1.178946e+01 -8.772904e+00 -5.250000e+00
      vertex   6.375206e+00 -8.343065e+00 -5.250000e+00
      vertex   1.152828e+01 -8.461641e+00 -5.250000e+00
    endloop
  endfacet
  facet normal 0.000000e+00 0.000000e+00 -1.000000e+00
    outer loop
      vertex   1.152828e+01 -8.461641e+00 -5.250000e+00
      vertex   6.375206e+00 -8.343065e+00 -5.250000e+00
      vertex   7.150666e+00 -7.688821e+00 -5.250000e+00
    endloop
  endfacet
  facet normal 0.000000e+00 0.000000e+00 -1.000000e+00
    outer loop
      vertex   1.152828e+01 -8.461641e+00 -5.250000e+00
      vertex   7.150666e+00 -7.688821e+00 -5.250000e+00
      vertex   1.134592e+01 -8.098535e+00 -5.250000e+00
    endloop
  endfacet
  facet normal 0.000000e+00 0.000000e+00 -1.000000e+00
    outer loop
      vertex   1.134592e+01 -8.098535e+00 -5.250000e+00
      vertex   7.150666e+00 -7.688821e+00 -5.250000e+00
      vertex   7.859363e+00 -6.962788e+00 -5.250000e+00
    endloop
  endfacet
  facet normal 0.000000e+00 0.000000e+00 -1.000000e+00
    outer loop
      vertex   1.134592e+01 -8.098535e+00 -5.250000e+00
      vertex   7.859363e+00 -6.962788e+00 -5.250000e+00
      vertex   1.125221e+01 -7.703163e+00 -5.250000e+00
    endloop
  endfacet
  facet normal 0.000000e+00 0.000000e+00 -1.000000e+00
    outer loop
      vertex   1.125221e+01 -7.703163e+00 -5.250000e+00
      vertex   7.859363e+00 -6.962788e+00 -5.250000e+00
      vertex   8.494678e+00 -6.171745e+00 -5.250000e+00
    endloop
  endfacet
  facet normal 0.000000e+00 0.000000e+00 -1.000000e+00
    outer loop
      vertex   1.125221e+01 -7.703163e+00 -5.250000e+00
      vertex   8.494678e+00 -6.171745e+00 -5.250000e+00
      vertex   1.125221e+01 -7.296838e+00 -5.250000e+00
    endloop
  endfacet
  facet normal 0.000000e+00 0.000000e+00 -1.000000e+00
    outer loop
      vertex   1.125221e+01 -7.296838e+00 -5.250000e+00
      vertex   8.494678e+00 -6.171745e+00 -5.250000e+00
      vertex   1.134592e+01 -6.901465e+00 -5.250000e+00
    endloop
  endfacet
  facet normal 0.000000e+00 0.000000e+00 -1.000000e+00
    outer loop
      vertex   1.134592e+01 -6.901465e+00 -5.250000e+00
      vertex   8.494678e+00 -6.171745e+00 -5.250000e+00
      vertex   9.050681e+00 -5.323078e+00 -5.250000e+00
    endloop
  endfacet
  facet normal 0.000000e+00 0.000000e+00 -1.000000e+00
    outer loop
      vertex   1.134592e+01 -6.901465e+00 -5.250000e+00
      vertex   9.050681e+00 -5.323078e+00 -5.250000e+00
      vertex   1.152828e+01 -6.538359e+00 -5.250000e+00
    endloop
  endfacet
  facet normal 0.000000e+00 0.000000e+00 -1.000000e+00
    outer loop
      vertex   1.152828e+01 -6.538359e+00 -5.250000e+00
      vertex   9.050681e+00 -5.323078e+00 -5.250000e+00
      vertex   9.522181e+00 -4.424712e+00 -5.250000e+00
    endloop
  endfacet
  facet normal 0.000000e+00 0.000000e+00 -1.000000e+00
    outer loop
      vertex   1.152828e+01 -6.538359e+00 -5.250000e+00
      vertex   9.522181e+00 -4.424712e+00 -5.250000e+00
      vertex   1.178946e+01 -6.227096e+00 -5.250000e+00
    endloop
  endfacet
  facet normal 0.000000e+00 0.000000e+00 -1.000000e+00
    outer loop
      vertex   1.178946e+01 -6.227096e+00 -5.250000e+00
      vertex   9.522181e+00 -4.424712e+00 -5.250000e+00
      vertex   1.211538e+01 -5.984456e+00 -5.250000e+00
    endloop
  endfacet
  facet normal 0.000000e+00 0.000000e+00 -1.000000e+00
    outer loop
      vertex   1.211538e+01 -5.984456e+00 -5.250000e+00
      vertex   9.522181e+00 -4.424712e+00 -5.250000e+00
      vertex   9.904774e+00 -3.485032e+00 -5.250000e+00
    endloop
  endfacet
  facet normal 0.000000e+00 0.000000e+00 -1.000000e+00
    outer loop
      vertex   1.211538e+01 -5.984456e+00 -5.250000e+00
      vertex   9.904774e+00 -3.485032e+00 -5.250000e+00
      vertex   1.248848e+01 -5.823518e+00 -5.250000e+00
    endloop
  endfacet
  facet normal 0.000000e+00 0.000000e+00 -1.000000e+00
    outer loop
      vertex   1.248848e+01 -5.823518e+00 -5.250000e+00
      vertex   9.904774e+00 -3.485032e+00 -5.250000e+00
      vertex   1.019489e+01 -2.512814e+00 -5.250000e+00
    endloop
  endfacet
  facet normal 0.000000e+00 0.000000e+00 -1.000000e+00
    outer loop
      vertex   1.248848e+01 -5.823518e+00 -5.250000e+00
      vertex   1.019489e+01 -2.512814e+00 -5.250000e+00
      vertex   1.288863e+01 -5.752961e+00 -5.250000e+00
    endloop
  endfacet
  facet normal 0.000000e+00 0.000000e+00 -1.000000e+00
    outer loop
      vertex   1.288863e+01 -5.752961e+00 -5.250000e+00
      vertex   1.019489e+01 -2.512814e+00 -5.250000e+00
      vertex   1.329427e+01 -5.776587e+00 -5.250000e+00
    endloop
  endfacet
  facet normal 0.000000e+00 0.000000e+00 -1.000000e+00
    outer loop
      vertex   1.329427e+01 -5.776587e+00 -5.250000e+00
      vertex   1.019489e+01 -2.512814e+00 -5.250000e+00
      vertex   1.038982e+01 -1.517135e+00 -5.250000e+00
    endloop
  endfacet
  facet normal 0.000000e+00 0.000000e+00 -1.000000e+00
    outer loop
      vertex   1.329427e+01 -5.776587e+00 -5.250000e+00
      vertex   1.038982e+01 -1.517135e+00 -5.250000e+00
      vertex   1.888862e+01 -2.054261e+00 -5.250000e+00
    endloop
  endfacet
  facet normal 0.000000e+00 0.000000e+00 -1.000000e+00
    outer loop
      vertex   1.888862e+01 -2.054261e+00 -5.250000e+00
      vertex   1.038982e+01 -1.517135e+00 -5.250000e+00
      vertex   1.048774e+01 -5.072905e-01 -5.250000e+00
    endloop
  endfacet
  facet normal 0.000000e+00 0.000000e+00 -1.000000e+00
    outer loop
      vertex   1.888862e+01 -2.054261e+00 -5.250000e+00
      vertex   1.048774e+01 -5.072905e-01 -5.250000e+00
      vertex   1.898761e+01 -6.859459e-01 -5.250000e+00
    endloop
  endfacet
  facet normal 0.000000e+00 0.000000e+00 -1.000000e+00
    outer loop
      vertex   1.898761e+01 -6.859459e-01 -5.250000e+00
      vertex   1.048774e+01 -5.072905e-01 -5.250000e+00
      vertex   1.898761e+01 6.859459e-01 -5.250000e+00
    endloop
  endfacet
  facet normal 0.000000e+00 0.000000e+00 -1.000000e+00
    outer loop
      vertex   1.898761e+01 6.859459e-01 -5.250000e+00
      vertex   1.048774e+01 -5.072905e-01 -5.250000e+00
      vertex   1.048774e+01 5.072905e-01 -5.250000e+00
    endloop
  endfacet
  facet normal -0.000000e+00 0.000000e+00 -1.000000e+00
    outer loop
      vertex   1.898761e+01 6.859459e-01 -5.250000e+00
      vertex   1.048774e+01 5.072905e-01 -5.250000e+00
      vertex   1.888862e+01 2.054261e+00 -5.250000e+00
    endloop
  endfacet
  facet normal 0.000000e+00 0.000000e+00 -1.000000e+00
    outer loop
      vertex   1.888862e+01 2.054261e+00 -5.250000e+00
      vertex   1.048774e+01 5.072905e-01 -5.250000e+00
      vertex   1.038982e+01 1.517135e+00 -5.250000e+00
    endloop
  endfacet
  facet normal -0.000000e+00 0.000000e+00 -1.000000e+00
    outer loop
      vertex   1.888862e+01 2.054261e+00 -5.250000e+00
      vertex   1.038982e+01 1.517135e+00 -5.250000e+00
      vertex   1.869115e+01 3.411867e+00 -5.250000e+00
    endloop
  endfacet
  facet normal 0.000000e+00 0.000000e+00 -1.000000e+00
    outer loop
      vertex   1.869115e+01 3.411867e+00 -5.250000e+00
      vertex   1.038982e+01 1.517135e+00 -5.250000e+00
      vertex   1.019489e+01 2.512814e+00 -5.250000e+00
    endloop
  endfacet
  facet normal -0.000000e+00 0.000000e+00 -1.000000e+00
    outer loop
      vertex   1.869115e+01 3.411867e+00 -5.250000e+00
      vertex   1.019489e+01 2.512814e+00 -5.250000e+00
      vertex   1.839624e+01 4.751685e+00 -5.250000e+00
    endloop
  endfacet
  facet normal -0.000000e+00 0.000000e+00 -1.000000e+00
    outer loop
      vertex   1.839624e+01 4.751685e+00 -5.250000e+00
      vertex   1.019489e+01 2.512814e+00 -5.250000e+00
      vertex   1.800541e+01 6.066729e+00 -5.250000e+00
    endloop
  endfacet
  facet normal 0.000000e+00 0.000000e+00 -1.000000e+00
    outer loop
      vertex   1.800541e+01 6.066729e+00 -5.250000e+00
      vertex   1.019489e+01 2.512814e+00 -5.250000e+00
      vertex   9.904774e+00 3.485032e+00 -5.250000e+00
    endloop
  endfacet
  facet normal -0.000000e+00 0.000000e+00 -1.000000e+00
    outer loop
      vertex   1.800541e+01 6.066729e+00 -5.250000e+00
      vertex   9.904774e+00 3.485032e+00 -5.250000e+00
      vertex   1.752071e+01 7.350145e+00 -5.250000e+00
    endloop
  endfacet
  facet normal 0.000000e+00 0.000000e+00 -1.000000e+00
    outer loop
      vertex   1.752071e+01 7.350145e+00 -5.250000e+00
      vertex   9.904774e+00 3.485032e+00 -5.250000e+00
      vertex   9.522181e+00 4.424712e+00 -5.250000e+00
    endloop
  endfacet
  facet normal -0.000000e+00 0.000000e+00 -1.000000e+00
    outer loop
      vertex   1.752071e+01 7.350145e+00 -5.250000e+00
      vertex   9.522181e+00 4.424712e+00 -5.250000e+00
      vertex   1.694467e+01 8.595240e+00 -5.250000e+00
    endloop
  endfacet
  facet normal 0.000000e+00 0.000000e+00 -1.000000e+00
    outer loop
      vertex   1.694467e+01 8.595240e+00 -5.250000e+00
      vertex   9.522181e+00 4.424712e+00 -5.250000e+00
      vertex   9.050681e+00 5.323078e+00 -5.250000e+00
    endloop
  endfacet
  facet normal -0.000000e+00 0.000000e+00 -1.000000e+00
    outer loop
      vertex   1.694467e+01 8.595240e+00 -5.250000e+00
      vertex   9.050681e+00 5.323078e+00 -5.250000e+00
      vertex   1.628029e+01 9.795523e+00 -5.250000e+00
    endloop
  endfacet
  facet normal -0.000000e+00 0.000000e+00 -1.000000e+00
    outer loop
      vertex   1.628029e+01 9.795523e+00 -5.250000e+00
      vertex   9.050681e+00 5.323078e+00 -5.250000e+00
      vertex   1.553102e+01 1.094474e+01 -5.250000e+00
    endloop
  endfacet
  facet normal 0.000000e+00 0.000000e+00 -1.000000e+00
    outer loop
      vertex   1.553102e+01 1.094474e+01 -5.250000e+00
      vertex   9.050681e+00 5.323078e+00 -5.250000e+00
      vertex   8.494678e+00 6.171745e+00 -5.250000e+00
    endloop
  endfacet
  facet normal -0.000000e+00 0.000000e+00 -1.000000e+00
    outer loop
      vertex   1.553102e+01 1.094474e+01 -5.250000e+00
      vertex   8.494678e+00 6.171745e+00 -5.250000e+00
      vertex   1.470079e+01 1.203689e+01 -5.250000e+00
    endloop
  endfacet
  facet normal 0.000000e+00 0.000000e+00 -1.000000e+00
    outer loop
      vertex   1.470079e+01 1.203689e+01 -5.250000e+00
      vertex   8.494678e+00 6.171745e+00 -5.250000e+00
      vertex   7.859363e+00 6.962788e+00 -5.250000e+00
    endloop
  endfacet
  facet normal -0.000000e+00 0.000000e+00 -1.000000e+00
    outer loop
      vertex   1.470079e+01 1.203689e+01 -5.250000e+00
      vertex   7.859363e+00 6.962788e+00 -5.250000e+00
      vertex   1.379391e+01 1.306629e+01 -5.250000e+00
    endloop
  endfacet
  facet normal 0.000000e+00 0.000000e+00 -1.000000e+00
    outer loop
      vertex   1.379391e+01 1.306629e+01 -5.250000e+00
      vertex   7.859363e+00 6.962788e+00 -5.250000e+00
      vertex   7.150666e+00 7.688821e+00 -5.250000e+00
    endloop
  endfacet
  facet normal -0.000000e+00 0.000000e+00 -1.000000e+00
    outer loop
      vertex   1.379391e+01 1.306629e+01 -5.250000e+00
      vertex   7.150666e+00 7.688821e+00 -5.250000e+00
      vertex   1.281512e+01 1.402757e+01 -5.250000e+00
    endloop
  endfacet
  facet normal -0.000000e+00 0.000000e+00 -1.000000e+00
    outer loop
      vertex   1.281512e+01 1.402757e+01 -5.250000e+00
      vertex   7.150666e+00 7.688821e+00 -5.250000e+00
      vertex   1.176952e+01 1.491571e+01 -5.250000e+00
    endloop
  endfacet
  facet normal 0.000000e+00 0.000000e+00 -1.000000e+00
    outer loop
      vertex   1.176952e+01 1.491571e+01 -5.250000e+00
      vertex   7.150666e+00 7.688821e+00 -5.250000e+00
      vertex   6.375206e+00 8.343065e+00 -5.250000e+00
    endloop
  endfacet
  facet normal -0.000000e+00 0.000000e+00 -1.000000e+00
    outer loop
      vertex   1.176952e+01 1.491571e+01 -5.250000e+00
      vertex   6.375206e+00 8.343065e+00 -5.250000e+00
      vertex   1.066255e+01 1.572609e+01 -5.250000e+00
    endloop
  endfacet
  facet normal 0.000000e+00 0.000000e+00 -1.000000e+00
    outer loop
      vertex   1.066255e+01 1.572609e+01 -5.250000e+00
      vertex   6.375206e+00 8.343065e+00 -5.250000e+00
      vertex   5.540222e+00 8.919413e+00 -5.250000e+00
    endloop
  endfacet
  facet normal -0.000000e+00 0.000000e+00 -1.000000e+00
    outer loop
      vertex   1.066255e+01 1.572609e+01 -5.250000e+00
      vertex   5.540222e+00 8.919413e+00 -5.250000e+00
      vertex   9.500000e+00 1.645448e+01 -5.250000e+00
    endloop
  endfacet
  facet normal 0.000000e+00 0.000000e+00 -1.000000e+00
    outer loop
      vertex   9.500000e+00 1.645448e+01 -5.250000e+00
      vertex   5.540222e+00 8.919413e+00 -5.250000e+00
      vertex   4.653511e+00 9.412483e+00 -5.250000e+00
    endloop
  endfacet
  facet normal -0.000000e+00 0.000000e+00 -1.000000e+00
    outer loop
      vertex   9.500000e+00 1.645448e+01 -5.250000e+00
      vertex   4.653511e+00 9.412483e+00 -5.250000e+00
      vertex   8.287917e+00 1.709709e+01 -5.250000e+00
    endloop
  endfacet
  facet normal -0.000000e+00 0.000000e+00 -1.000000e+00
    outer loop
      vertex   8.287917e+00 1.709709e+01 -5.250000e+00
      vertex   4.653511e+00 9.412483e+00 -5.250000e+00
      vertex   7.032625e+00 1.765056e+01 -5.250000e+00
    endloop
  endfacet
  facet normal 0.000000e+00 0.000000e+00 -1.000000e+00
    outer loop
      vertex   7.032625e+00 1.765056e+01 -5.250000e+00
      vertex   4.653511e+00 9.412483e+00 -5.250000e+00
      vertex   3.723351e+00 9.817670e+00 -5.250000e+00
    endloop
  endfacet
  facet normal 0.000000e+00 0.000000e+00 -1.000000e+00
    outer loop
      vertex   7.032625e+00 1.765056e+01 -5.250000e+00
      vertex   3.723351e+00 9.817670e+00 -5.250000e+00
      vertex   1.702829e+00 1.459642e+01 -5.250000e+00
    endloop
  endfacet
  facet normal 0.000000e+00 -0.000000e+00 -1.000000e+00
    outer loop
      vertex   1.702829e+00 1.459642e+01 -5.250000e+00
      vertex   3.723351e+00 9.817670e+00 -5.250000e+00
      vertex   1.563857e+00 1.421460e+01 -5.250000e+00
    endloop
  endfacet
  facet normal 0.000000e+00 0.000000e+00 -1.000000e+00
    outer loop
      vertex   1.563857e+00 1.421460e+01 -5.250000e+00
      vertex   3.723351e+00 9.817670e+00 -5.250000e+00
      vertex   2.758427e+00 1.013119e+01 -5.250000e+00
    endloop
  endfacet
  facet normal 0.000000e+00 -0.000000e+00 -1.000000e+00
    outer loop
      vertex   1.563857e+00 1.421460e+01 -5.250000e+00
      vertex   2.758427e+00 1.013119e+01 -5.250000e+00
      vertex   1.340578e+00 1.387512e+01 -5.250000e+00
    endloop
  endfacet
  facet normal 0.000000e+00 0.000000e+00 -1.000000e+00
    outer loop
      vertex   1.340578e+00 1.387512e+01 -5.250000e+00
      vertex   2.758427e+00 1.013119e+01 -5.250000e+00
      vertex   1.767749e+00 1.035012e+01 -5.250000e+00
    endloop
  endfacet
  facet normal 0.000000e+00 -0.000000e+00 -1.000000e+00
    outer loop
      vertex   1.340578e+00 1.387512e+01 -5.250000e+00
      vertex   1.767749e+00 1.035012e+01 -5.250000e+00
      vertex   1.045028e+00 1.359628e+01 -5.250000e+00
    endloop
  endfacet
  facet normal 0.000000e+00 -0.000000e+00 -1.000000e+00
    outer loop
      vertex   1.045028e+00 1.359628e+01 -5.250000e+00
      vertex   1.767749e+00 1.035012e+01 -5.250000e+00
      vertex   6.931396e-01 1.339312e+01 -5.250000e+00
    endloop
  endfacet
  facet normal 0.000000e+00 0.000000e+00 -1.000000e+00
    outer loop
      vertex   6.931396e-01 1.339312e+01 -5.250000e+00
      vertex   1.767749e+00 1.035012e+01 -5.250000e+00
      vertex   7.605654e-01 1.047242e+01 -5.250000e+00
    endloop
  endfacet
  facet normal 0.000000e+00 -0.000000e+00 -1.000000e+00
    outer loop
      vertex   6.931396e-01 1.339312e+01 -5.250000e+00
      vertex   7.605654e-01 1.047242e+01 -5.250000e+00
      vertex   3.038843e-01 1.327659e+01 -5.250000e+00
    endloop
  endfacet
  facet normal 0.000000e+00 -0.000000e+00 -1.000000e+00
    outer loop
      vertex   3.038843e-01 1.327659e+01 -5.250000e+00
      vertex   7.605654e-01 1.047242e+01 -5.250000e+00
      vertex   -2.537193e-01 1.049693e+01 -5.250000e+00
    endloop
  endfacet
  facet normal 0.000000e+00 0.000000e+00 -1.000000e+00
    outer loop
      vertex   3.038843e-01 1.327659e+01 -5.250000e+00
      vertex   -2.537193e-01 1.049693e+01 -5.250000e+00
      vertex   -1.017535e-01 1.325296e+01 -5.250000e+00
    endloop
  endfacet
  facet normal -0.000000e+00 0.000000e+00 -1.000000e+00
    outer loop
      vertex   -1.017535e-01 1.325296e+01 -5.250000e+00
      vertex   -2.537193e-01 1.049693e+01 -5.250000e+00
      vertex   -5.019057e-01 1.332352e+01 -5.250000e+00
    endloop
  endfacet
  facet normal 0.000000e+00 -0.000000e+00 -1.000000e+00
    outer loop
      vertex   -5.019057e-01 1.332352e+01 -5.250000e+00
      vertex   -2.537193e-01 1.049693e+01 -5.250000e+00
      vertex   -1.265635e+00 1.042344e+01 -5.250000e+00
    endloop
  endfacet
  facet normal -0.000000e+00 0.000000e+00 -1.000000e+00
    outer loop
      vertex   -5.019057e-01 1.332352e+01 -5.250000e+00
      vertex   -1.265635e+00 1.042344e+01 -5.250000e+00
      vertex   -8.750000e-01 1.348446e+01 -5.250000e+00
    endloop
  endfacet
  facet normal 0.000000e+00 0.000000e+00 -1.000000e+00
    outer loop
      vertex   -8.750000e-01 1.348446e+01 -5.250000e+00
      vertex   -1.265635e+00 1.042344e+01 -5.250000e+00
      vertex   -2.265734e+00 1.025263e+01 -5.250000e+00
    endloop
  endfacet
  facet normal -0.000000e+00 0.000000e+00 -1.000000e+00
    outer loop
      vertex   -8.750000e-01 1.348446e+01 -5.250000e+00
      vertex   -2.265734e+00 1.025263e+01 -5.250000e+00
      vertex   -1.200923e+00 1.372710e+01 -5.250000e+00
    endloop
  endfacet
  facet normal -0.000000e+00 0.000000e+00 -1.000000e+00
    outer loop
      vertex   -1.200923e+00 1.372710e+01 -5.250000e+00
      vertex   -2.265734e+00 1.025263e+01 -5.250000e+00
      vertex   -1.462104e+00 1.403836e+01 -5.250000e+00
    endloop
  endfacet
  facet normal 0.000000e+00 0.000000e+00 -1.000000e+00
    outer loop
      vertex   -1.462104e+00 1.403836e+01 -5.250000e+00
      vertex   -2.265734e+00 1.025263e+01 -5.250000e+00
      vertex   -3.244678e+00 9.986093e+00 -5.250000e+00
    endloop
  endfacet
  facet normal -0.000000e+00 0.000000e+00 -1.000000e+00
    outer loop
      vertex   -1.462104e+00 1.403836e+01 -5.250000e+00
      vertex   -3.244678e+00 9.986093e+00 -5.250000e+00
      vertex   -1.644462e+00 1.440146e+01 -5.250000e+00
    endloop
  endfacet
  facet normal 0.000000e+00 0.000000e+00 -1.000000e+00
    outer loop
      vertex   -1.644462e+00 1.440146e+01 -5.250000e+00
      vertex   -3.244678e+00 9.986093e+00 -5.250000e+00
      vertex   -4.193328e+00 9.626318e+00 -5.250000e+00
    endloop
  endfacet
  facet normal -0.000000e+00 0.000000e+00 -1.000000e+00
    outer loop
      vertex   -1.644462e+00 1.440146e+01 -5.250000e+00
      vertex   -4.193328e+00 9.626318e+00 -5.250000e+00
      vertex   -7.665268e+00 1.738516e+01 -5.250000e+00
    endloop
  endfacet
  facet normal 0.000000e+00 -0.000000e+00 -1.000000e+00
    outer loop
      vertex   -7.665268e+00 1.738516e+01 -5.250000e+00
      vertex   -4.193328e+00 9.626318e+00 -5.250000e+00
      vertex   -8.899761e+00 1.678673e+01 -5.250000e+00
    endloop
  endfacet
  facet normal 0.000000e+00 0.000000e+00 -1.000000e+00
    outer loop
      vertex   -8.899761e+00 1.678673e+01 -5.250000e+00
      vertex   -4.193328e+00 9.626318e+00 -5.250000e+00
      vertex   -5.102826e+00 9.176664e+00 -5.250000e+00
    endloop
  endfacet
  facet normal 0.000000e+00 -0.000000e+00 -1.000000e+00
    outer loop
      vertex   -8.899761e+00 1.678673e+01 -5.250000e+00
      vertex   -5.102826e+00 9.176664e+00 -5.250000e+00
      vertex   -1.008785e+01 1.610078e+01 -5.250000e+00
    endloop
  endfacet
  facet normal 0.000000e+00 0.000000e+00 -1.000000e+00
    outer loop
      vertex   -1.008785e+01 1.610078e+01 -5.250000e+00
      vertex   -5.102826e+00 9.176664e+00 -5.250000e+00
      vertex   -5.964680e+00 8.641330e+00 -5.250000e+00
    endloop
  endfacet
  facet normal 0.000000e+00 -0.000000e+00 -1.000000e+00
    outer loop
      vertex   -1.008785e+01 1.610078e+01 -5.250000e+00
      vertex   -5.964680e+00 8.641330e+00 -5.250000e+00
      vertex   -1.122335e+01 1.533090e+01 -5.250000e+00
    endloop
  endfacet
  facet normal 0.000000e+00 0.000000e+00 -1.000000e+00
    outer loop
      vertex   -1.122335e+01 1.533090e+01 -5.250000e+00
      vertex   -5.964680e+00 8.641330e+00 -5.250000e+00
      vertex   -6.770843e+00 8.025315e+00 -5.250000e+00
    endloop
  endfacet
  facet normal 0.000000e+00 -0.000000e+00 -1.000000e+00
    outer loop
      vertex   -1.122335e+01 1.533090e+01 -5.250000e+00
      vertex   -6.770843e+00 8.025315e+00 -5.250000e+00
      vertex   -1.230034e+01 1.448108e+01 -5.250000e+00
    endloop
  endfacet
  facet normal 0.000000e+00 -0.000000e+00 -1.000000e+00
    outer loop
      vertex   -1.230034e+01 1.448108e+01 -5.250000e+00
      vertex   -6.770843e+00 8.025315e+00 -5.250000e+00
      vertex   -1.331320e+01 1.355577e+01 -5.250000e+00
    endloop
  endfacet
  facet normal 0.000000e+00 0.000000e+00 -1.000000e+00
    outer loop
      vertex   -1.331320e+01 1.355577e+01 -5.250000e+00
      vertex   -6.770843e+00 8.025315e+00 -5.250000e+00
      vertex   -7.513789e+00 7.334369e+00 -5.250000e+00
    endloop
  endfacet
  facet normal 0.000000e+00 -0.000000e+00 -1.000000e+00
    outer loop
      vertex   -1.331320e+01 1.355577e+01 -5.250000e+00
      vertex   -7.513789e+00 7.334369e+00 -5.250000e+00
      vertex   -1.425665e+01 1.255978e+01 -5.250000e+00
    endloop
  endfacet
  facet normal 0.000000e+00 0.000000e+00 -1.000000e+00
    outer loop
      vertex   -1.425665e+01 1.255978e+01 -5.250000e+00
      vertex   -7.513789e+00 7.334369e+00 -5.250000e+00
      vertex   -8.186581e+00 6.574944e+00 -5.250000e+00
    endloop
  endfacet
  facet normal 0.000000e+00 -0.000000e+00 -1.000000e+00
    outer loop
      vertex   -1.425665e+01 1.255978e+01 -5.250000e+00
      vertex   -8.186581e+00 6.574944e+00 -5.250000e+00
      vertex   -1.512577e+01 1.149831e+01 -5.250000e+00
    endloop
  endfacet
  facet normal 0.000000e+00 0.000000e+00 -1.000000e+00
    outer loop
      vertex   -1.512577e+01 1.149831e+01 -5.250000e+00
      vertex   -8.186581e+00 6.574944e+00 -5.250000e+00
      vertex   -8.782936e+00 5.754131e+00 -5.250000e+00
    endloop
  endfacet
  facet normal 0.000000e+00 -0.000000e+00 -1.000000e+00
    outer loop
      vertex   -1.512577e+01 1.149831e+01 -5.250000e+00
      vertex   -8.782936e+00 5.754131e+00 -5.250000e+00
      vertex   -1.591603e+01 1.037690e+01 -5.250000e+00
    endloop
  endfacet
  facet normal 0.000000e+00 -0.000000e+00 -1.000000e+00
    outer loop
      vertex   -1.591603e+01 1.037690e+01 -5.250000e+00
      vertex   -8.782936e+00 5.754131e+00 -5.250000e+00
      vertex   -1.662332e+01 9.201380e+00 -5.250000e+00
    endloop
  endfacet
  facet normal 0.000000e+00 0.000000e+00 -1.000000e+00
    outer loop
      vertex   -1.662332e+01 9.201380e+00 -5.250000e+00
      vertex   -8.782936e+00 5.754131e+00 -5.250000e+00
      vertex   -9.297288e+00 4.879593e+00 -5.250000e+00
    endloop
  endfacet
  facet normal 0.000000e+00 -0.000000e+00 -1.000000e+00
    outer loop
      vertex   -1.662332e+01 9.201380e+00 -5.250000e+00
      vertex   -9.297288e+00 4.879593e+00 -5.250000e+00
      vertex   -1.724393e+01 7.977893e+00 -5.250000e+00
    endloop
  endfacet
  facet normal 0.000000e+00 0.000000e+00 -1.000000e+00
    outer loop
      vertex   -1.724393e+01 7.977893e+00 -5.250000e+00
      vertex   -9.297288e+00 4.879593e+00 -5.250000e+00
      vertex   -9.724834e+00 3.959496e+00 -5.250000e+00
    endloop
  endfacet
  facet normal 0.000000e+00 -0.000000e+00 -1.000000e+00
    outer loop
      vertex   -1.724393e+01 7.977893e+00 -5.250000e+00
      vertex   -9.724834e+00 3.959496e+00 -5.250000e+00
      vertex   -1.777465e+01 6.712813e+00 -5.250000e+00
    endloop
  endfacet
  facet normal 0.000000e+00 0.000000e+00 -1.000000e+00
    outer loop
      vertex   -1.777465e+01 6.712813e+00 -5.250000e+00
      vertex   -9.724834e+00 3.959496e+00 -5.250000e+00
      vertex   -1.006158e+01 3.002430e+00 -5.250000e+00
    endloop
  endfacet
  facet normal 0.000000e+00 -0.000000e+00 -1.000000e+00
    outer loop
      vertex   -1.777465e+01 6.712813e+00 -5.250000e+00
      vertex   -1.006158e+01 3.002430e+00 -5.250000e+00
      vertex   -1.821270e+01 5.412735e+00 -5.250000e+00
    endloop
  endfacet
  facet normal 0.000000e+00 -0.000000e+00 -1.000000e+00
    outer loop
      vertex   -1.821270e+01 5.412735e+00 -5.250000e+00
      vertex   -1.006158e+01 3.002430e+00 -5.250000e+00
      vertex   -1.855579e+01 4.084438e+00 -5.250000e+00
    endloop
  endfacet
  facet normal 0.000000e+00 0.000000e+00 -1.000000e+00
    outer loop
      vertex   -1.855579e+01 4.084438e+00 -5.250000e+00
      vertex   -1.006158e+01 3.002430e+00 -5.250000e+00
      vertex   -1.030439e+01 2.017330e+00 -5.250000e+00
    endloop
  endfacet
  facet normal 0.000000e+00 -0.000000e+00 -1.000000e+00
    outer loop
      vertex   -1.855579e+01 4.084438e+00 -5.250000e+00
      vertex   -1.030439e+01 2.017330e+00 -5.250000e+00
      vertex   -1.880214e+01 2.734847e+00 -5.250000e+00
    endloop
  endfacet
  facet normal 0.000000e+00 0.000000e+00 -1.000000e+00
    outer loop
      vertex   -1.880214e+01 2.734847e+00 -5.250000e+00
      vertex   -1.030439e+01 2.017330e+00 -5.250000e+00
      vertex   -1.045098e+01 1.013396e+00 -5.250000e+00
    endloop
  endfacet
  facet normal 0.000000e+00 -0.000000e+00 -1.000000e+00
    outer loop
      vertex   -1.880214e+01 2.734847e+00 -5.250000e+00
      vertex   -1.045098e+01 1.013396e+00 -5.250000e+00
      vertex   -1.895047e+01 1.370997e+00 -5.250000e+00
    endloop
  endfacet
  facet normal 0.000000e+00 0.000000e+00 -1.000000e+00
    outer loop
      vertex   -1.895047e+01 1.370997e+00 -5.250000e+00
      vertex   -1.045098e+01 1.013396e+00 -5.250000e+00
      vertex   -1.050000e+01 -1.323145e-15 -5.250000e+00
    endloop
  endfacet
  facet normal 0.000000e+00 -0.000000e+00 -1.000000e+00
    outer loop
      vertex   -1.895047e+01 1.370997e+00 -5.250000e+00
      vertex   -1.050000e+01 -1.323145e-15 -5.250000e+00
      vertex   -1.900000e+01 -2.821952e-16 -5.250000e+00
    endloop
  endfacet
  facet normal 0.000000e+00 0.000000e+00 -1.000000e+00
    outer loop
      vertex   -1.900000e+01 -2.821952e-16 -5.250000e+00
      vertex   -1.050000e+01 -1.323145e-15 -5.250000e+00
      vertex   -1.895047e+01 -1.370997e+00 -5.250000e+00
    endloop
  endfacet
  facet normal 0.000000e+00 0.000000e+00 -1.000000e+00
    outer loop
      vertex   -1.895047e+01 -1.370997e+00 -5.250000e+00
      vertex   -1.050000e+01 -1.323145e-15 -5.250000e+00
      vertex   -1.045098e+01 -1.013396e+00 -5.250000e+00
    endloop
  endfacet
  facet normal 0.000000e+00 0.000000e+00 -1.000000e+00
    outer loop
      vertex   -1.895047e+01 -1.370997e+00 -5.250000e+00
      vertex   -1.045098e+01 -1.013396e+00 -5.250000e+00
      vertex   -1.880214e+01 -2.734847e+00 -5.250000e+00
    endloop
  endfacet
  facet normal 0.000000e+00 0.000000e+00 -1.000000e+00
    outer loop
      vertex   -1.880214e+01 -2.734847e+00 -5.250000e+00
      vertex   -1.045098e+01 -1.013396e+00 -5.250000e+00
      vertex   -1.349229e+01 -5.823518e+00 -5.250000e+00
    endloop
  endfacet
  facet normal 0.000000e+00 0.000000e+00 -1.000000e+00
    outer loop
      vertex   -1.880214e+01 -2.734847e+00 -5.250000e+00
      vertex   -1.349229e+01 -5.823518e+00 -5.250000e+00
      vertex   -1.386538e+01 -5.984456e+00 -5.250000e+00
    endloop
  endfacet
  facet normal 0.000000e+00 0.000000e+00 -1.000000e+00
    outer loop
      vertex   1.469321e+01 -7.096422e+00 -5.250000e+00
      vertex   1.455424e+01 -6.714602e+00 -5.250000e+00
      vertex   1.752071e+01 -7.350145e+00 -5.250000e+00
    endloop
  endfacet
  facet normal 0.000000e+00 0.000000e+00 -1.000000e+00
    outer loop
      vertex   1.752071e+01 -7.350145e+00 -5.250000e+00
      vertex   1.455424e+01 -6.714602e+00 -5.250000e+00
      vertex   1.800541e+01 -6.066729e+00 -5.250000e+00
    endloop
  endfacet
  facet normal 0.000000e+00 0.000000e+00 -1.000000e+00
    outer loop
      vertex   1.800541e+01 -6.066729e+00 -5.250000e+00
      vertex   1.455424e+01 -6.714602e+00 -5.250000e+00
      vertex   1.433096e+01 -6.375122e+00 -5.250000e+00
    endloop
  endfacet
  facet normal -0.000000e+00 0.000000e+00 -1.000000e+00
    outer loop
      vertex   1.800541e+01 -6.066729e+00 -5.250000e+00
      vertex   1.433096e+01 -6.375122e+00 -5.250000e+00
      vertex   1.839624e+01 -4.751685e+00 -5.250000e+00
    endloop
  endfacet
  facet normal 0.000000e+00 0.000000e+00 -1.000000e+00
    outer loop
      vertex   1.839624e+01 -4.751685e+00 -5.250000e+00
      vertex   1.433096e+01 -6.375122e+00 -5.250000e+00
      vertex   1.403541e+01 -6.096285e+00 -5.250000e+00
    endloop
  endfacet
  facet normal -0.000000e+00 0.000000e+00 -1.000000e+00
    outer loop
      vertex   1.839624e+01 -4.751685e+00 -5.250000e+00
      vertex   1.403541e+01 -6.096285e+00 -5.250000e+00
      vertex   1.869115e+01 -3.411867e+00 -5.250000e+00
    endloop
  endfacet
  facet normal 0.000000e+00 0.000000e+00 -1.000000e+00
    outer loop
      vertex   1.869115e+01 -3.411867e+00 -5.250000e+00
      vertex   1.403541e+01 -6.096285e+00 -5.250000e+00
      vertex   1.368352e+01 -5.893122e+00 -5.250000e+00
    endloop
  endfacet
  facet normal -0.000000e+00 0.000000e+00 -1.000000e+00
    outer loop
      vertex   1.869115e+01 -3.411867e+00 -5.250000e+00
      vertex   1.368352e+01 -5.893122e+00 -5.250000e+00
      vertex   1.888862e+01 -2.054261e+00 -5.250000e+00
    endloop
  endfacet
  facet normal 0.000000e+00 0.000000e+00 -1.000000e+00
    outer loop
      vertex   1.888862e+01 -2.054261e+00 -5.250000e+00
      vertex   1.368352e+01 -5.893122e+00 -5.250000e+00
      vertex   1.329427e+01 -5.776587e+00 -5.250000e+00
    endloop
  endfacet
  facet normal 0.000000e+00 0.000000e+00 -1.000000e+00
    outer loop
      vertex   1.702829e+00 1.540358e+01 -5.250000e+00
      vertex   5.740668e+00 1.811201e+01 -5.250000e+00
      vertex   1.750000e+00 1.500000e+01 -5.250000e+00
    endloop
  endfacet
  facet normal 0.000000e+00 0.000000e+00 -1.000000e+00
    outer loop
      vertex   1.750000e+00 1.500000e+01 -5.250000e+00
      vertex   5.740668e+00 1.811201e+01 -5.250000e+00
      vertex   7.032625e+00 1.765056e+01 -5.250000e+00
    endloop
  endfacet
  facet normal 0.000000e+00 -0.000000e+00 -1.000000e+00
    outer loop
      vertex   1.750000e+00 1.500000e+01 -5.250000e+00
      vertex   7.032625e+00 1.765056e+01 -5.250000e+00
      vertex   1.702829e+00 1.459642e+01 -5.250000e+00
    endloop
  endfacet
  facet normal -0.000000e+00 0.000000e+00 -1.000000e+00
    outer loop
      vertex   5.740668e+00 1.811201e+01 -5.250000e+00
      vertex   1.702829e+00 1.540358e+01 -5.250000e+00
      vertex   4.418782e+00 1.847903e+01 -5.250000e+00
    endloop
  endfacet
  facet normal 0.000000e+00 0.000000e+00 -1.000000e+00
    outer loop
      vertex   4.418782e+00 1.847903e+01 -5.250000e+00
      vertex   1.702829e+00 1.540358e+01 -5.250000e+00
      vertex   1.563857e+00 1.578540e+01 -5.250000e+00
    endloop
  endfacet
  facet normal -0.000000e+00 0.000000e+00 -1.000000e+00
    outer loop
      vertex   4.418782e+00 1.847903e+01 -5.250000e+00
      vertex   1.563857e+00 1.578540e+01 -5.250000e+00
      vertex   3.073858e+00 1.874970e+01 -5.250000e+00
    endloop
  endfacet
  facet normal 0.000000e+00 0.000000e+00 -1.000000e+00
    outer loop
      vertex   3.073858e+00 1.874970e+01 -5.250000e+00
      vertex   1.563857e+00 1.578540e+01 -5.250000e+00
      vertex   1.340578e+00 1.612488e+01 -5.250000e+00
    endloop
  endfacet
  facet normal 0.000000e+00 0.000000e+00 -1.000000e+00
    outer loop
      vertex   3.073858e+00 1.874970e+01 -5.250000e+00
      vertex   1.340578e+00 1.612488e+01 -5.250000e+00
      vertex   1.045028e+00 1.640372e+01 -5.250000e+00
    endloop
  endfacet
  facet normal -0.000000e+00 0.000000e+00 -1.000000e+00
    outer loop
      vertex   3.073858e+00 1.874970e+01 -5.250000e+00
      vertex   1.045028e+00 1.640372e+01 -5.250000e+00
      vertex   1.712909e+00 1.892263e+01 -5.250000e+00
    endloop
  endfacet
  facet normal 0.000000e+00 0.000000e+00 -1.000000e+00
    outer loop
      vertex   1.712909e+00 1.892263e+01 -5.250000e+00
      vertex   1.045028e+00 1.640372e+01 -5.250000e+00
      vertex   6.931396e-01 1.660688e+01 -5.250000e+00
    endloop
  endfacet
  facet normal -0.000000e+00 0.000000e+00 -1.000000e+00
    outer loop
      vertex   1.712909e+00 1.892263e+01 -5.250000e+00
      vertex   6.931396e-01 1.660688e+01 -5.250000e+00
      vertex   3.430288e-01 1.899690e+01 -5.250000e+00
    endloop
  endfacet
  facet normal 0.000000e+00 -0.000000e+00 -1.000000e+00
    outer loop
      vertex   3.430288e-01 1.899690e+01 -5.250000e+00
      vertex   6.931396e-01 1.660688e+01 -5.250000e+00
      vertex   3.038843e-01 1.672341e+01 -5.250000e+00
    endloop
  endfacet
  facet normal 0.000000e+00 0.000000e+00 -1.000000e+00
    outer loop
      vertex   3.430288e-01 1.899690e+01 -5.250000e+00
      vertex   3.038843e-01 1.672341e+01 -5.250000e+00
      vertex   -1.017535e-01 1.674704e+01 -5.250000e+00
    endloop
  endfacet
  facet normal 0.000000e+00 0.000000e+00 -1.000000e+00
    outer loop
      vertex   3.430288e-01 1.899690e+01 -5.250000e+00
      vertex   -1.017535e-01 1.674704e+01 -5.250000e+00
      vertex   -1.028639e+00 1.897214e+01 -5.250000e+00
    endloop
  endfacet
  facet normal 0.000000e+00 0.000000e+00 -1.000000e+00
    outer loop
      vertex   -1.028639e+00 1.897214e+01 -5.250000e+00
      vertex   -1.017535e-01 1.674704e+01 -5.250000e+00
      vertex   -5.019057e-01 1.667648e+01 -5.250000e+00
    endloop
  endfacet
  facet normal 0.000000e+00 0.000000e+00 -1.000000e+00
    outer loop
      vertex   -1.028639e+00 1.897214e+01 -5.250000e+00
      vertex   -5.019057e-01 1.667648e+01 -5.250000e+00
      vertex   -8.750000e-01 1.651554e+01 -5.250000e+00
    endloop
  endfacet
  facet normal 0.000000e+00 -0.000000e+00 -1.000000e+00
    outer loop
      vertex   -1.028639e+00 1.897214e+01 -5.250000e+00
      vertex   -8.750000e-01 1.651554e+01 -5.250000e+00
      vertex   -2.394945e+00 1.884845e+01 -5.250000e+00
    endloop
  endfacet
  facet normal 0.000000e+00 0.000000e+00 -1.000000e+00
    outer loop
      vertex   -2.394945e+00 1.884845e+01 -5.250000e+00
      vertex   -8.750000e-01 1.651554e+01 -5.250000e+00
      vertex   -1.200923e+00 1.627290e+01 -5.250000e+00
    endloop
  endfacet
  facet normal 0.000000e+00 0.000000e+00 -1.000000e+00
    outer loop
      vertex   -2.394945e+00 1.884845e+01 -5.250000e+00
      vertex   -1.200923e+00 1.627290e+01 -5.250000e+00
      vertex   -1.462104e+00 1.596164e+01 -5.250000e+00
    endloop
  endfacet
  facet normal 0.000000e+00 -0.000000e+00 -1.000000e+00
    outer loop
      vertex   -2.394945e+00 1.884845e+01 -5.250000e+00
      vertex   -1.462104e+00 1.596164e+01 -5.250000e+00
      vertex   -3.748764e+00 1.862651e+01 -5.250000e+00
    endloop
  endfacet
  facet normal 0.000000e+00 0.000000e+00 -1.000000e+00
    outer loop
      vertex   -3.748764e+00 1.862651e+01 -5.250000e+00
      vertex   -1.462104e+00 1.596164e+01 -5.250000e+00
      vertex   -1.644462e+00 1.559854e+01 -5.250000e+00
    endloop
  endfacet
  facet normal 0.000000e+00 -0.000000e+00 -1.000000e+00
    outer loop
      vertex   -3.748764e+00 1.862651e+01 -5.250000e+00
      vertex   -1.644462e+00 1.559854e+01 -5.250000e+00
      vertex   -5.083039e+00 1.830745e+01 -5.250000e+00
    endloop
  endfacet
  facet normal 0.000000e+00 0.000000e+00 -1.000000e+00
    outer loop
      vertex   -5.083039e+00 1.830745e+01 -5.250000e+00
      vertex   -1.644462e+00 1.559854e+01 -5.250000e+00
      vertex   -1.738167e+00 1.520316e+01 -5.250000e+00
    endloop
  endfacet
  facet normal 0.000000e+00 -0.000000e+00 -1.000000e+00
    outer loop
      vertex   -5.083039e+00 1.830745e+01 -5.250000e+00
      vertex   -1.738167e+00 1.520316e+01 -5.250000e+00
      vertex   -6.390813e+00 1.789295e+01 -5.250000e+00
    endloop
  endfacet
  facet normal 0.000000e+00 0.000000e+00 -1.000000e+00
    outer loop
      vertex   -6.390813e+00 1.789295e+01 -5.250000e+00
      vertex   -1.738167e+00 1.520316e+01 -5.250000e+00
      vertex   -1.738167e+00 1.479684e+01 -5.250000e+00
    endloop
  endfacet
  facet normal 0.000000e+00 -0.000000e+00 -1.000000e+00
    outer loop
      vertex   -6.390813e+00 1.789295e+01 -5.250000e+00
      vertex   -1.738167e+00 1.479684e+01 -5.250000e+00
      vertex   -7.665268e+00 1.738516e+01 -5.250000e+00
    endloop
  endfacet
  facet normal 0.000000e+00 0.000000e+00 -1.000000e+00
    outer loop
      vertex   -7.665268e+00 1.738516e+01 -5.250000e+00
      vertex   -1.738167e+00 1.479684e+01 -5.250000e+00
      vertex   -1.644462e+00 1.440146e+01 -5.250000e+00
    endloop
  endfacet
  facet normal 0.000000e+00 0.000000e+00 -1.000000e+00
    outer loop
      vertex   -1.128755e+01 -7.903578e+00 -5.250000e+00
      vertex   -1.124038e+01 -7.500000e+00 -5.250000e+00
      vertex   -8.186581e+00 -6.574944e+00 -5.250000e+00
    endloop
  endfacet
  facet normal 0.000000e+00 0.000000e+00 -1.000000e+00
    outer loop
      vertex   -8.186581e+00 -6.574944e+00 -5.250000e+00
      vertex   -1.124038e+01 -7.500000e+00 -5.250000e+00
      vertex   -1.128755e+01 -7.096422e+00 -5.250000e+00
    endloop
  endfacet
  facet normal -0.000000e+00 0.000000e+00 -1.000000e+00
    outer loop
      vertex   -8.186581e+00 -6.574944e+00 -5.250000e+00
      vertex   -1.128755e+01 -7.096422e+00 -5.250000e+00
      vertex   -8.782936e+00 -5.754131e+00 -5.250000e+00
    endloop
  endfacet
  facet normal 0.000000e+00 0.000000e+00 -1.000000e+00
    outer loop
      vertex   -8.782936e+00 -5.754131e+00 -5.250000e+00
      vertex   -1.128755e+01 -7.096422e+00 -5.250000e+00
      vertex   -1.142652e+01 -6.714602e+00 -5.250000e+00
    endloop
  endfacet
  facet normal -0.000000e+00 0.000000e+00 -1.000000e+00
    outer loop
      vertex   -8.782936e+00 -5.754131e+00 -5.250000e+00
      vertex   -1.142652e+01 -6.714602e+00 -5.250000e+00
      vertex   -9.297288e+00 -4.879593e+00 -5.250000e+00
    endloop
  endfacet
  facet normal 0.000000e+00 0.000000e+00 -1.000000e+00
    outer loop
      vertex   -9.297288e+00 -4.879593e+00 -5.250000e+00
      vertex   -1.142652e+01 -6.714602e+00 -5.250000e+00
      vertex   -1.164980e+01 -6.375122e+00 -5.250000e+00
    endloop
  endfacet
  facet normal 0.000000e+00 0.000000e+00 -1.000000e+00
    outer loop
      vertex   -9.297288e+00 -4.879593e+00 -5.250000e+00
      vertex   -1.164980e+01 -6.375122e+00 -5.250000e+00
      vertex   -1.194535e+01 -6.096285e+00 -5.250000e+00
    endloop
  endfacet
  facet normal -0.000000e+00 0.000000e+00 -1.000000e+00
    outer loop
      vertex   -9.297288e+00 -4.879593e+00 -5.250000e+00
      vertex   -1.194535e+01 -6.096285e+00 -5.250000e+00
      vertex   -9.724834e+00 -3.959496e+00 -5.250000e+00
    endloop
  endfacet
  facet normal 0.000000e+00 0.000000e+00 -1.000000e+00
    outer loop
      vertex   -9.724834e+00 -3.959496e+00 -5.250000e+00
      vertex   -1.194535e+01 -6.096285e+00 -5.250000e+00
      vertex   -1.229724e+01 -5.893122e+00 -5.250000e+00
    endloop
  endfacet
  facet normal -0.000000e+00 0.000000e+00 -1.000000e+00
    outer loop
      vertex   -9.724834e+00 -3.959496e+00 -5.250000e+00
      vertex   -1.229724e+01 -5.893122e+00 -5.250000e+00
      vertex   -1.006158e+01 -3.002430e+00 -5.250000e+00
    endloop
  endfacet
  facet normal 0.000000e+00 0.000000e+00 -1.000000e+00
    outer loop
      vertex   -1.006158e+01 -3.002430e+00 -5.250000e+00
      vertex   -1.229724e+01 -5.893122e+00 -5.250000e+00
      vertex   -1.268650e+01 -5.776587e+00 -5.250000e+00
    endloop
  endfacet
  facet normal -0.000000e+00 0.000000e+00 -1.000000e+00
    outer loop
      vertex   -1.006158e+01 -3.002430e+00 -5.250000e+00
      vertex   -1.268650e+01 -5.776587e+00 -5.250000e+00
      vertex   -1.030439e+01 -2.017330e+00 -5.250000e+00
    endloop
  endfacet
  facet normal 0.000000e+00 0.000000e+00 -1.000000e+00
    outer loop
      vertex   -1.030439e+01 -2.017330e+00 -5.250000e+00
      vertex   -1.268650e+01 -5.776587e+00 -5.250000e+00
      vertex   -1.309213e+01 -5.752961e+00 -5.250000e+00
    endloop
  endfacet
  facet normal 0.000000e+00 0.000000e+00 -1.000000e+00
    outer loop
      vertex   -1.030439e+01 -2.017330e+00 -5.250000e+00
      vertex   -1.309213e+01 -5.752961e+00 -5.250000e+00
      vertex   -1.349229e+01 -5.823518e+00 -5.250000e+00
    endloop
  endfacet
  facet normal 0.000000e+00 0.000000e+00 -1.000000e+00
    outer loop
      vertex   -1.880214e+01 -2.734847e+00 -5.250000e+00
      vertex   -1.386538e+01 -5.984456e+00 -5.250000e+00
      vertex   -1.855579e+01 -4.084438e+00 -5.250000e+00
    endloop
  endfacet
  facet normal 0.000000e+00 0.000000e+00 -1.000000e+00
    outer loop
      vertex   -1.855579e+01 -4.084438e+00 -5.250000e+00
      vertex   -1.386538e+01 -5.984456e+00 -5.250000e+00
      vertex   -1.419130e+01 -6.227096e+00 -5.250000e+00
    endloop
  endfacet
  facet normal 0.000000e+00 0.000000e+00 -1.000000e+00
    outer loop
      vertex   -1.855579e+01 -4.084438e+00 -5.250000e+00
      vertex   -1.419130e+01 -6.227096e+00 -5.250000e+00
      vertex   -1.821270e+01 -5.412735e+00 -5.250000e+00
    endloop
  endfacet
  facet normal 0.000000e+00 0.000000e+00 -1.000000e+00
    outer loop
      vertex   -1.821270e+01 -5.412735e+00 -5.250000e+00
      vertex   -1.419130e+01 -6.227096e+00 -5.250000e+00
      vertex   -1.445248e+01 -6.538359e+00 -5.250000e+00
    endloop
  endfacet
  facet normal 0.000000e+00 0.000000e+00 -1.000000e+00
    outer loop
      vertex   -1.821270e+01 -5.412735e+00 -5.250000e+00
      vertex   -1.445248e+01 -6.538359e+00 -5.250000e+00
      vertex   -1.777465e+01 -6.712813e+00 -5.250000e+00
    endloop
  endfacet
  facet normal 0.000000e+00 0.000000e+00 -1.000000e+00
    outer loop
      vertex   -1.777465e+01 -6.712813e+00 -5.250000e+00
      vertex   -1.445248e+01 -6.538359e+00 -5.250000e+00
      vertex   -1.463484e+01 -6.901465e+00 -5.250000e+00
    endloop
  endfacet
  facet normal 0.000000e+00 0.000000e+00 -1.000000e+00
    outer loop
      vertex   -1.777465e+01 -6.712813e+00 -5.250000e+00
      vertex   -1.463484e+01 -6.901465e+00 -5.250000e+00
      vertex   -1.472855e+01 -7.296838e+00 -5.250000e+00
    endloop
  endfacet
  facet normal 0.000000e+00 0.000000e+00 -1.000000e+00
    outer loop
      vertex   -1.777465e+01 -6.712813e+00 -5.250000e+00
      vertex   -1.472855e+01 -7.296838e+00 -5.250000e+00
      vertex   -1.724393e+01 -7.977893e+00 -5.250000e+00
    endloop
  endfacet
  facet normal 0.000000e+00 0.000000e+00 -1.000000e+00
    outer loop
      vertex   -1.724393e+01 -7.977893e+00 -5.250000e+00
      vertex   -1.472855e+01 -7.296838e+00 -5.250000e+00
      vertex   -1.472855e+01 -7.703163e+00 -5.250000e+00
    endloop
  endfacet
  facet normal 0.000000e+00 0.000000e+00 -1.000000e+00
    outer loop
      vertex   -1.724393e+01 -7.977893e+00 -5.250000e+00
      vertex   -1.472855e+01 -7.703163e+00 -5.250000e+00
      vertex   -1.662332e+01 -9.201380e+00 -5.250000e+00
    endloop
  endfacet
  facet normal 0.000000e+00 0.000000e+00 -1.000000e+00
    outer loop
      vertex   -1.662332e+01 -9.201380e+00 -5.250000e+00
      vertex   -1.472855e+01 -7.703163e+00 -5.250000e+00
      vertex   -1.463484e+01 -8.098535e+00 -5.250000e+00
    endloop
  endfacet
  facet normal 0.000000e+00 0.000000e+00 -1.000000e+00
    outer loop
      vertex   -1.662332e+01 -9.201380e+00 -5.250000e+00
      vertex   -1.463484e+01 -8.098535e+00 -5.250000e+00
      vertex   -1.445248e+01 -8.461641e+00 -5.250000e+00
    endloop
  endfacet
  facet normal 0.000000e+00 0.000000e+00 -1.000000e+00
    outer loop
      vertex   -1.662332e+01 -9.201380e+00 -5.250000e+00
      vertex   -1.445248e+01 -8.461641e+00 -5.250000e+00
      vertex   -1.591603e+01 -1.037690e+01 -5.250000e+00
    endloop
  endfacet
  facet normal 0.000000e+00 0.000000e+00 -1.000000e+00
    outer loop
      vertex   -1.591603e+01 -1.037690e+01 -5.250000e+00
      vertex   -1.445248e+01 -8.461641e+00 -5.250000e+00
      vertex   -1.419130e+01 -8.772904e+00 -5.250000e+00
    endloop
  endfacet
  facet normal 0.000000e+00 0.000000e+00 -1.000000e+00
    outer loop
      vertex   -1.591603e+01 -1.037690e+01 -5.250000e+00
      vertex   -1.419130e+01 -8.772904e+00 -5.250000e+00
      vertex   -1.386538e+01 -9.015545e+00 -5.250000e+00
    endloop
  endfacet
  facet normal 0.000000e+00 0.000000e+00 -1.000000e+00
    outer loop
      vertex   -1.591603e+01 -1.037690e+01 -5.250000e+00
      vertex   -1.386538e+01 -9.015545e+00 -5.250000e+00
      vertex   -1.512577e+01 -1.149831e+01 -5.250000e+00
    endloop
  endfacet
  facet normal 0.000000e+00 0.000000e+00 -1.000000e+00
    outer loop
      vertex   -1.512577e+01 -1.149831e+01 -5.250000e+00
      vertex   -1.386538e+01 -9.015545e+00 -5.250000e+00
      vertex   -1.349229e+01 -9.176482e+00 -5.250000e+00
    endloop
  endfacet
  facet normal 0.000000e+00 0.000000e+00 -1.000000e+00
    outer loop
      vertex   -1.512577e+01 -1.149831e+01 -5.250000e+00
      vertex   -1.349229e+01 -9.176482e+00 -5.250000e+00
      vertex   -1.309213e+01 -9.247039e+00 -5.250000e+00
    endloop
  endfacet
  facet normal 0.000000e+00 0.000000e+00 -1.000000e+00
    outer loop
      vertex   -1.512577e+01 -1.149831e+01 -5.250000e+00
      vertex   -1.309213e+01 -9.247039e+00 -5.250000e+00
      vertex   -1.425665e+01 -1.255978e+01 -5.250000e+00
    endloop
  endfacet
  facet normal 0.000000e+00 0.000000e+00 -1.000000e+00
    outer loop
      vertex   -1.425665e+01 -1.255978e+01 -5.250000e+00
      vertex   -1.309213e+01 -9.247039e+00 -5.250000e+00
      vertex   -1.268650e+01 -9.223414e+00 -5.250000e+00
    endloop
  endfacet
  facet normal 0.000000e+00 0.000000e+00 -1.000000e+00
    outer loop
      vertex   -1.425665e+01 -1.255978e+01 -5.250000e+00
      vertex   -1.268650e+01 -9.223414e+00 -5.250000e+00
      vertex   -1.331320e+01 -1.355577e+01 -5.250000e+00
    endloop
  endfacet
  facet normal 0.000000e+00 0.000000e+00 -1.000000e+00
    outer loop
      vertex   -1.331320e+01 -1.355577e+01 -5.250000e+00
      vertex   -1.268650e+01 -9.223414e+00 -5.250000e+00
      vertex   -1.229724e+01 -9.106878e+00 -5.250000e+00
    endloop
  endfacet
  facet normal 0.000000e+00 0.000000e+00 -1.000000e+00
    outer loop
      vertex   -1.331320e+01 -1.355577e+01 -5.250000e+00
      vertex   -1.229724e+01 -9.106878e+00 -5.250000e+00
      vertex   -1.230034e+01 -1.448108e+01 -5.250000e+00
    endloop
  endfacet
  facet normal 0.000000e+00 0.000000e+00 -1.000000e+00
    outer loop
      vertex   -1.230034e+01 -1.448108e+01 -5.250000e+00
      vertex   -1.229724e+01 -9.106878e+00 -5.250000e+00
      vertex   -1.194535e+01 -8.903716e+00 -5.250000e+00
    endloop
  endfacet
  facet normal 0.000000e+00 0.000000e+00 -1.000000e+00
    outer loop
      vertex   -1.230034e+01 -1.448108e+01 -5.250000e+00
      vertex   -1.194535e+01 -8.903716e+00 -5.250000e+00
      vertex   -1.122335e+01 -1.533090e+01 -5.250000e+00
    endloop
  endfacet
  facet normal 0.000000e+00 0.000000e+00 -1.000000e+00
    outer loop
      vertex   -1.122335e+01 -1.533090e+01 -5.250000e+00
      vertex   -1.194535e+01 -8.903716e+00 -5.250000e+00
      vertex   -1.164980e+01 -8.624878e+00 -5.250000e+00
    endloop
  endfacet
  facet normal 0.000000e+00 0.000000e+00 -1.000000e+00
    outer loop
      vertex   -1.122335e+01 -1.533090e+01 -5.250000e+00
      vertex   -1.164980e+01 -8.624878e+00 -5.250000e+00
      vertex   -5.964680e+00 -8.641330e+00 -5.250000e+00
    endloop
  endfacet
  facet normal 0.000000e+00 0.000000e+00 -1.000000e+00
    outer loop
      vertex   -5.964680e+00 -8.641330e+00 -5.250000e+00
      vertex   -1.164980e+01 -8.624878e+00 -5.250000e+00
      vertex   -6.770843e+00 -8.025315e+00 -5.250000e+00
    endloop
  endfacet
  facet normal 0.000000e+00 0.000000e+00 -1.000000e+00
    outer loop
      vertex   -6.770843e+00 -8.025315e+00 -5.250000e+00
      vertex   -1.164980e+01 -8.624878e+00 -5.250000e+00
      vertex   -1.142652e+01 -8.285399e+00 -5.250000e+00
    endloop
  endfacet
  facet normal -0.000000e+00 0.000000e+00 -1.000000e+00
    outer loop
      vertex   -6.770843e+00 -8.025315e+00 -5.250000e+00
      vertex   -1.142652e+01 -8.285399e+00 -5.250000e+00
      vertex   -7.513789e+00 -7.334369e+00 -5.250000e+00
    endloop
  endfacet
  facet normal 0.000000e+00 0.000000e+00 -1.000000e+00
    outer loop
      vertex   -7.513789e+00 -7.334369e+00 -5.250000e+00
      vertex   -1.142652e+01 -8.285399e+00 -5.250000e+00
      vertex   -1.128755e+01 -7.903578e+00 -5.250000e+00
    endloop
  endfacet
  facet normal -0.000000e+00 0.000000e+00 -1.000000e+00
    outer loop
      vertex   -7.513789e+00 -7.334369e+00 -5.250000e+00
      vertex   -1.128755e+01 -7.903578e+00 -5.250000e+00
      vertex   -8.186581e+00 -6.574944e+00 -5.250000e+00
    endloop
  endfacet
  facet normal 0.000000e+00 -0.000000e+00 -1.000000e+00
    outer loop
      vertex   -1.045098e+01 -1.013396e+00 -5.250000e+00
      vertex   -1.030439e+01 -2.017330e+00 -5.250000e+00
      vertex   -1.349229e+01 -5.823518e+00 -5.250000e+00
    endloop
  endfacet
  facet normal 0.000000e+00 0.000000e+00 -1.000000e+00
    outer loop
      vertex   -1.122335e+01 -1.533090e+01 -5.250000e+00
      vertex   -5.964680e+00 -8.641330e+00 -5.250000e+00
      vertex   -1.008785e+01 -1.610078e+01 -5.250000e+00
    endloop
  endfacet
  facet normal 0.000000e+00 0.000000e+00 -1.000000e+00
    outer loop
      vertex   -1.008785e+01 -1.610078e+01 -5.250000e+00
      vertex   -5.964680e+00 -8.641330e+00 -5.250000e+00
      vertex   -5.102826e+00 -9.176664e+00 -5.250000e+00
    endloop
  endfacet
  facet normal 0.000000e+00 0.000000e+00 -1.000000e+00
    outer loop
      vertex   -1.008785e+01 -1.610078e+01 -5.250000e+00
      vertex   -5.102826e+00 -9.176664e+00 -5.250000e+00
      vertex   -8.899761e+00 -1.678673e+01 -5.250000e+00
    endloop
  endfacet
  facet normal 0.000000e+00 0.000000e+00 -1.000000e+00
    outer loop
      vertex   -8.899761e+00 -1.678673e+01 -5.250000e+00
      vertex   -5.102826e+00 -9.176664e+00 -5.250000e+00
      vertex   -4.193328e+00 -9.626318e+00 -5.250000e+00
    endloop
  endfacet
  facet normal 0.000000e+00 0.000000e+00 -1.000000e+00
    outer loop
      vertex   -8.899761e+00 -1.678673e+01 -5.250000e+00
      vertex   -4.193328e+00 -9.626318e+00 -5.250000e+00
      vertex   -7.665268e+00 -1.738516e+01 -5.250000e+00
    endloop
  endfacet
  facet normal 0.000000e+00 0.000000e+00 -1.000000e+00
    outer loop
      vertex   -7.665268e+00 -1.738516e+01 -5.250000e+00
      vertex   -4.193328e+00 -9.626318e+00 -5.250000e+00
      vertex   -6.390813e+00 -1.789295e+01 -5.250000e+00
    endloop
  endfacet
  facet normal 0.000000e+00 0.000000e+00 -1.000000e+00
    outer loop
      vertex   -6.390813e+00 -1.789295e+01 -5.250000e+00
      vertex   -4.193328e+00 -9.626318e+00 -5.250000e+00
      vertex   -3.244678e+00 -9.986093e+00 -5.250000e+00
    endloop
  endfacet
  facet normal 0.000000e+00 0.000000e+00 -1.000000e+00
    outer loop
      vertex   -6.390813e+00 -1.789295e+01 -5.250000e+00
      vertex   -3.244678e+00 -9.986093e+00 -5.250000e+00
      vertex   -5.083039e+00 -1.830745e+01 -5.250000e+00
    endloop
  endfacet
  facet normal 0.000000e+00 0.000000e+00 -1.000000e+00
    outer loop
      vertex   -5.083039e+00 -1.830745e+01 -5.250000e+00
      vertex   -3.244678e+00 -9.986093e+00 -5.250000e+00
      vertex   -2.265734e+00 -1.025263e+01 -5.250000e+00
    endloop
  endfacet
  facet normal 0.000000e+00 0.000000e+00 -1.000000e+00
    outer loop
      vertex   -5.083039e+00 -1.830745e+01 -5.250000e+00
      vertex   -2.265734e+00 -1.025263e+01 -5.250000e+00
      vertex   -3.748764e+00 -1.862651e+01 -5.250000e+00
    endloop
  endfacet
  facet normal 0.000000e+00 0.000000e+00 -1.000000e+00
    outer loop
      vertex   -3.748764e+00 -1.862651e+01 -5.250000e+00
      vertex   -2.265734e+00 -1.025263e+01 -5.250000e+00
      vertex   -1.265635e+00 -1.042344e+01 -5.250000e+00
    endloop
  endfacet
  facet normal 0.000000e+00 0.000000e+00 -1.000000e+00
    outer loop
      vertex   -3.748764e+00 -1.862651e+01 -5.250000e+00
      vertex   -1.265635e+00 -1.042344e+01 -5.250000e+00
      vertex   -2.394945e+00 -1.884845e+01 -5.250000e+00
    endloop
  endfacet
  facet normal 0.000000e+00 0.000000e+00 -1.000000e+00
    outer loop
      vertex   -2.394945e+00 -1.884845e+01 -5.250000e+00
      vertex   -1.265635e+00 -1.042344e+01 -5.250000e+00
      vertex   -1.028639e+00 -1.897214e+01 -5.250000e+00
    endloop
  endfacet
  facet normal 0.000000e+00 0.000000e+00 -1.000000e+00
    outer loop
      vertex   -1.028639e+00 -1.897214e+01 -5.250000e+00
      vertex   -1.265635e+00 -1.042344e+01 -5.250000e+00
      vertex   -2.537193e-01 -1.049693e+01 -5.250000e+00
    endloop
  endfacet
  facet normal 0.000000e+00 0.000000e+00 -1.000000e+00
    outer loop
      vertex   -1.028639e+00 -1.897214e+01 -5.250000e+00
      vertex   -2.537193e-01 -1.049693e+01 -5.250000e+00
      vertex   3.430288e-01 -1.899690e+01 -5.250000e+00
    endloop
  endfacet
  facet normal 0.000000e+00 0.000000e+00 -1.000000e+00
    outer loop
      vertex   3.430288e-01 -1.899690e+01 -5.250000e+00
      vertex   -2.537193e-01 -1.049693e+01 -5.250000e+00
      vertex   7.605654e-01 -1.047242e+01 -5.250000e+00
    endloop
  endfacet
  facet normal 0.000000e+00 0.000000e+00 -1.000000e+00
    outer loop
      vertex   3.430288e-01 -1.899690e+01 -5.250000e+00
      vertex   7.605654e-01 -1.047242e+01 -5.250000e+00
      vertex   1.712909e+00 -1.892263e+01 -5.250000e+00
    endloop
  endfacet
  facet normal 0.000000e+00 0.000000e+00 -1.000000e+00
    outer loop
      vertex   1.712909e+00 -1.892263e+01 -5.250000e+00
      vertex   7.605654e-01 -1.047242e+01 -5.250000e+00
      vertex   1.767749e+00 -1.035012e+01 -5.250000e+00
    endloop
  endfacet
  facet normal 0.000000e+00 0.000000e+00 -1.000000e+00
    outer loop
      vertex   1.712909e+00 -1.892263e+01 -5.250000e+00
      vertex   1.767749e+00 -1.035012e+01 -5.250000e+00
      vertex   3.073858e+00 -1.874970e+01 -5.250000e+00
    endloop
  endfacet
  facet normal 0.000000e+00 0.000000e+00 -1.000000e+00
    outer loop
      vertex   3.073858e+00 -1.874970e+01 -5.250000e+00
      vertex   1.767749e+00 -1.035012e+01 -5.250000e+00
      vertex   4.418782e+00 -1.847903e+01 -5.250000e+00
    endloop
  endfacet
  facet normal 0.000000e+00 0.000000e+00 -1.000000e+00
    outer loop
      vertex   4.418782e+00 -1.847903e+01 -5.250000e+00
      vertex   1.767749e+00 -1.035012e+01 -5.250000e+00
      vertex   2.758427e+00 -1.013119e+01 -5.250000e+00
    endloop
  endfacet
  facet normal 0.000000e+00 0.000000e+00 -1.000000e+00
    outer loop
      vertex   4.418782e+00 -1.847903e+01 -5.250000e+00
      vertex   2.758427e+00 -1.013119e+01 -5.250000e+00
      vertex   5.740668e+00 -1.811201e+01 -5.250000e+00
    endloop
  endfacet
  facet normal 0.000000e+00 0.000000e+00 -1.000000e+00
    outer loop
      vertex   5.740668e+00 -1.811201e+01 -5.250000e+00
      vertex   2.758427e+00 -1.013119e+01 -5.250000e+00
      vertex   3.723351e+00 -9.817670e+00 -5.250000e+00
    endloop
  endfacet
  facet normal 0.000000e+00 0.000000e+00 -1.000000e+00
    outer loop
      vertex   5.740668e+00 -1.811201e+01 -5.250000e+00
      vertex   3.723351e+00 -9.817670e+00 -5.250000e+00
      vertex   7.032625e+00 -1.765056e+01 -5.250000e+00
    endloop
  endfacet
  facet normal 0.000000e+00 0.000000e+00 -1.000000e+00
    outer loop
      vertex   7.032625e+00 -1.765056e+01 -5.250000e+00
      vertex   3.723351e+00 -9.817670e+00 -5.250000e+00
      vertex   4.653511e+00 -9.412483e+00 -5.250000e+00
    endloop
  endfacet
  facet normal 0.000000e+00 0.000000e+00 -1.000000e+00
    outer loop
      vertex   7.032625e+00 -1.765056e+01 -5.250000e+00
      vertex   4.653511e+00 -9.412483e+00 -5.250000e+00
      vertex   8.287917e+00 -1.709709e+01 -5.250000e+00
    endloop
  endfacet
  facet normal 0.000000e+00 0.000000e+00 -1.000000e+00
    outer loop
      vertex   8.287917e+00 -1.709709e+01 -5.250000e+00
      vertex   4.653511e+00 -9.412483e+00 -5.250000e+00
      vertex   9.500000e+00 -1.645448e+01 -5.250000e+00
    endloop
  endfacet
  facet normal 0.000000e+00 0.000000e+00 -1.000000e+00
    outer loop
      vertex   9.500000e+00 -1.645448e+01 -5.250000e+00
      vertex   4.653511e+00 -9.412483e+00 -5.250000e+00
      vertex   5.540222e+00 -8.919413e+00 -5.250000e+00
    endloop
  endfacet
  facet normal 0.000000e+00 0.000000e+00 -1.000000e+00
    outer loop
      vertex   9.500000e+00 -1.645448e+01 -5.250000e+00
      vertex   5.540222e+00 -8.919413e+00 -5.250000e+00
      vertex   1.066255e+01 -1.572609e+01 -5.250000e+00
    endloop
  endfacet
  facet normal 0.000000e+00 0.000000e+00 -1.000000e+00
    outer loop
      vertex   1.066255e+01 -1.572609e+01 -5.250000e+00
      vertex   5.540222e+00 -8.919413e+00 -5.250000e+00
      vertex   6.375206e+00 -8.343065e+00 -5.250000e+00
    endloop
  endfacet
  facet normal 0.000000e+00 0.000000e+00 -1.000000e+00
    outer loop
      vertex   1.066255e+01 -1.572609e+01 -5.250000e+00
      vertex   6.375206e+00 -8.343065e+00 -5.250000e+00
      vertex   1.176952e+01 -1.491571e+01 -5.250000e+00
    endloop
  endfacet
  facet normal 9.988295e-01 -4.831325e-02 2.335540e-03
    outer loop
      vertex   -1.045098e+01 1.013396e+00 -5.250000e+00
      vertex   -1.048774e+01 5.072905e-01 3.308833e-16
      vertex   -1.050000e+01 -1.323145e-15 -5.250000e+00
    endloop
  endfacet
  facet normal 9.999973e-01 0.000000e+00 -2.335540e-03
    outer loop
      vertex   -1.050000e+01 -1.323145e-15 -5.250000e+00
      vertex   -1.048774e+01 5.072905e-01 3.308833e-16
      vertex   -1.048774e+01 -5.072905e-01 -3.308833e-16
    endloop
  endfacet
  facet normal 9.988295e-01 4.831325e-02 2.335540e-03
    outer loop
      vertex   -1.050000e+01 -1.323145e-15 -5.250000e+00
      vertex   -1.048774e+01 -5.072905e-01 -3.308833e-16
      vertex   -1.045098e+01 -1.013396e+00 -5.250000e+00
    endloop
  endfacet
  facet normal 9.953289e-01 9.651366e-02 -2.335540e-03
    outer loop
      vertex   -1.045098e+01 -1.013396e+00 -5.250000e+00
      vertex   -1.048774e+01 -5.072905e-01 -3.308833e-16
      vertex   -1.038982e+01 -1.517135e+00 -9.895604e-16
    endloop
  endfacet
  facet normal 9.895037e-01 1.444887e-01 2.335540e-03
    outer loop
      vertex   -1.045098e+01 -1.013396e+00 -5.250000e+00
      vertex   -1.038982e+01 -1.517135e+00 -9.895604e-16
      vertex   -1.030439e+01 -2.017330e+00 -5.250000e+00
    endloop
  endfacet
  facet normal 9.813674e-01 1.921262e-01 -2.335540e-03
    outer loop
      vertex   -1.030439e+01 -2.017330e+00 -5.250000e+00
      vertex   -1.038982e+01 -1.517135e+00 -9.895604e-16
      vertex   -1.019489e+01 -2.512814e+00 -1.638998e-15
    endloop
  endfacet
  facet normal 9.709392e-01 2.393150e-01 2.335540e-03
    outer loop
      vertex   -1.030439e+01 -2.017330e+00 -5.250000e+00
      vertex   -1.019489e+01 -2.512814e+00 -1.638998e-15
      vertex   -1.006158e+01 -3.002430e+00 -5.250000e+00
    endloop
  endfacet
  facet normal 9.582432e-01 2.859449e-01 -2.335540e-03
    outer loop
      vertex   -1.006158e+01 -3.002430e+00 -5.250000e+00
      vertex   -1.019489e+01 -2.512814e+00 -1.638998e-15
      vertex   -9.904774e+00 -3.485032e+00 -2.273133e-15
    endloop
  endfacet
  facet normal 9.433092e-01 3.319069e-01 2.335540e-03
    outer loop
      vertex   -1.006158e+01 -3.002430e+00 -5.250000e+00
      vertex   -9.904774e+00 -3.485032e+00 -2.273133e-15
      vertex   -9.724834e+00 -3.959496e+00 -5.250000e+00
    endloop
  endfacet
  facet normal 9.261721e-01 3.770938e-01 -2.335540e-03
    outer loop
      vertex   -9.724834e+00 -3.959496e+00 -5.250000e+00
      vertex   -9.904774e+00 -3.485032e+00 -2.273133e-15
      vertex   -9.522181e+00 -4.424712e+00 -2.886045e-15
    endloop
  endfacet
  facet normal 9.068719e-01 4.214000e-01 2.335540e-03
    outer loop
      vertex   -9.724834e+00 -3.959496e+00 -5.250000e+00
      vertex   -9.522181e+00 -4.424712e+00 -2.886045e-15
      vertex   -9.297288e+00 -4.879593e+00 -5.250000e+00
    endloop
  endfacet
  facet normal 8.854536e-01 4.647219e-01 -2.335540e-03
    outer loop
      vertex   -9.297288e+00 -4.879593e+00 -5.250000e+00
      vertex   -9.522181e+00 -4.424712e+00 -2.886045e-15
      vertex   -9.050681e+00 -5.323078e+00 -3.472010e-15
    endloop
  endfacet
  facet normal 8.619673e-01 5.069585e-01 2.335540e-03
    outer loop
      vertex   -9.297288e+00 -4.879593e+00 -5.250000e+00
      vertex   -9.050681e+00 -5.323078e+00 -3.472010e-15
      vertex   -8.782936e+00 -5.754131e+00 -5.250000e+00
    endloop
  endfacet
  facet normal 8.364679e-01 5.480110e-01 -2.335540e-03
    outer loop
      vertex   -8.782936e+00 -5.754131e+00 -5.250000e+00
      vertex   -9.050681e+00 -5.323078e+00 -3.472010e-15
      vertex   -8.494678e+00 -6.171745e+00 -4.025558e-15
    endloop
  endfacet
  facet normal 8.090148e-01 5.877836e-01 2.335540e-03
    outer loop
      vertex   -8.782936e+00 -5.754131e+00 -5.250000e+00
      vertex   -8.494678e+00 -6.171745e+00 -4.025558e-15
      vertex   -8.186581e+00 -6.574944e+00 -5.250000e+00
    endloop
  endfacet
  facet normal 7.796722e-01 6.261835e-01 -2.335540e-03
    outer loop
      vertex   -8.186581e+00 -6.574944e+00 -5.250000e+00
      vertex   -8.494678e+00 -6.171745e+00 -4.025558e-15
      vertex   -7.859363e+00 -6.962788e+00 -4.541520e-15
    endloop
  endfacet
  facet normal 7.485087e-01 6.631208e-01 2.335540e-03
    outer loop
      vertex   -8.186581e+00 -6.574944e+00 -5.250000e+00
      vertex   -7.859363e+00 -6.962788e+00 -4.541520e-15
      vertex   -7.513789e+00 -7.334369e+00 -5.250000e+00
    endloop
  endfacet
  facet normal 7.155970e-01 6.985095e-01 -2.335540e-03
    outer loop
      vertex   -7.513789e+00 -7.334369e+00 -5.250000e+00
      vertex   -7.859363e+00 -6.962788e+00 -4.541520e-15
      vertex   -7.150666e+00 -7.688821e+00 -5.015080e-15
    endloop
  endfacet
  facet normal 6.810140e-01 7.322667e-01 2.335540e-03
    outer loop
      vertex   -7.513789e+00 -7.334369e+00 -5.250000e+00
      vertex   -7.150666e+00 -7.688821e+00 -5.015080e-15
      vertex   -6.770843e+00 -8.025315e+00 -5.250000e+00
    endloop
  endfacet
  facet normal 6.448405e-01 7.643136e-01 -2.335540e-03
    outer loop
      vertex   -6.770843e+00 -8.025315e+00 -5.250000e+00
      vertex   -7.150666e+00 -7.688821e+00 -5.015080e-15
      vertex   -6.375206e+00 -8.343065e+00 -5.441815e-15
    endloop
  endfacet
  facet normal 6.071609e-01 7.945755e-01 2.335540e-03
    outer loop
      vertex   -6.770843e+00 -8.025315e+00 -5.250000e+00
      vertex   -6.375206e+00 -8.343065e+00 -5.441815e-15
      vertex   -5.964680e+00 -8.641330e+00 -5.250000e+00
    endloop
  endfacet
  facet normal 5.680632e-01 8.229816e-01 -2.335540e-03
    outer loop
      vertex   -5.964680e+00 -8.641330e+00 -5.250000e+00
      vertex   -6.375206e+00 -8.343065e+00 -5.441815e-15
      vertex   -5.540222e+00 -8.919413e+00 -5.817741e-15
    endloop
  endfacet
  facet normal 5.276388e-01 8.494656e-01 2.335540e-03
    outer loop
      vertex   -5.964680e+00 -8.641330e+00 -5.250000e+00
      vertex   -5.540222e+00 -8.919413e+00 -5.817741e-15
      vertex   -5.102826e+00 -9.176664e+00 -5.250000e+00
    endloop
  endfacet
  facet normal 4.859821e-01 8.739656e-01 -2.335540e-03
    outer loop
      vertex   -5.102826e+00 -9.176664e+00 -5.250000e+00
      vertex   -5.540222e+00 -8.919413e+00 -5.817741e-15
      vertex   -4.653511e+00 -9.412483e+00 -6.139349e-15
    endloop
  endfacet
  facet normal 4.431903e-01 8.964245e-01 2.335540e-03
    outer loop
      vertex   -5.102826e+00 -9.176664e+00 -5.250000e+00
      vertex   -4.653511e+00 -9.412483e+00 -6.139349e-15
      vertex   -4.193328e+00 -9.626318e+00 -5.250000e+00
    endloop
  endfacet
  facet normal 3.993635e-01 9.167897e-01 -2.335540e-03
    outer loop
      vertex   -4.193328e+00 -9.626318e+00 -5.250000e+00
      vertex   -4.653511e+00 -9.412483e+00 -6.139349e-15
      vertex   -3.723351e+00 -9.817670e+00 -6.403635e-15
    endloop
  endfacet
  facet normal 3.546039e-01 9.350137e-01 2.335540e-03
    outer loop
      vertex   -4.193328e+00 -9.626318e+00 -5.250000e+00
      vertex   -3.723351e+00 -9.817670e+00 -6.403635e-15
      vertex   -3.244678e+00 -9.986093e+00 -5.250000e+00
    endloop
  endfacet
  facet normal 3.090162e-01 9.510539e-01 -2.335540e-03
    outer loop
      vertex   -3.244678e+00 -9.986093e+00 -5.250000e+00
      vertex   -3.723351e+00 -9.817670e+00 -6.403635e-15
      vertex   -2.758427e+00 -1.013119e+01 -6.608132e-15
    endloop
  endfacet
  facet normal 2.627067e-01 9.648729e-01 2.335540e-03
    outer loop
      vertex   -3.244678e+00 -9.986093e+00 -5.250000e+00
      vertex   -2.758427e+00 -1.013119e+01 -6.608132e-15
      vertex   -2.265734e+00 -1.025263e+01 -5.250000e+00
    endloop
  endfacet
  facet normal 2.157836e-01 9.764384e-01 -2.335540e-03
    outer loop
      vertex   -2.265734e+00 -1.025263e+01 -5.250000e+00
      vertex   -2.758427e+00 -1.013119e+01 -6.608132e-15
      vertex   -1.767749e+00 -1.035012e+01 -6.750931e-15
    endloop
  endfacet
  facet normal 1.683566e-01 9.857234e-01 2.335540e-03
    outer loop
      vertex   -2.265734e+00 -1.025263e+01 -5.250000e+00
      vertex   -1.767749e+00 -1.035012e+01 -6.750931e-15
      vertex   -1.265635e+00 -1.042344e+01 -5.250000e+00
    endloop
  endfacet
  facet normal 1.205364e-01 9.927062e-01 -2.335540e-03
    outer loop
      vertex   -1.265635e+00 -1.042344e+01 -5.250000e+00
      vertex   -1.767749e+00 -1.035012e+01 -6.750931e-15
      vertex   -7.605654e-01 -1.047242e+01 -6.830698e-15
    endloop
  endfacet
  facet normal 7.243460e-02 9.973704e-01 2.335540e-03
    outer loop
      vertex   -1.265635e+00 -1.042344e+01 -5.250000e+00
      vertex   -7.605654e-01 -1.047242e+01 -6.830698e-15
      vertex   -2.537193e-01 -1.049693e+01 -5.250000e+00
    endloop
  endfacet
  facet normal 2.416368e-02 9.997053e-01 -2.335540e-03
    outer loop
      vertex   -2.537193e-01 -1.049693e+01 -5.250000e+00
      vertex   -7.605654e-01 -1.047242e+01 -6.830698e-15
      vertex   2.537193e-01 -1.049693e+01 -6.846688e-15
    endloop
  endfacet
  facet normal -2.416368e-02 9.997053e-01 2.335540e-03
    outer loop
      vertex   -2.537193e-01 -1.049693e+01 -5.250000e+00
      vertex   2.537193e-01 -1.049693e+01 -6.846688e-15
      vertex   7.605654e-01 -1.047242e+01 -5.250000e+00
    endloop
  endfacet
  facet normal -7.243460e-02 9.973704e-01 -2.335540e-03
    outer loop
      vertex   7.605654e-01 -1.047242e+01 -5.250000e+00
      vertex   2.537193e-01 -1.049693e+01 -6.846688e-15
      vertex   1.265635e+00 -1.042344e+01 -6.798753e-15
    endloop
  endfacet
  facet normal -1.205364e-01 9.927062e-01 2.335540e-03
    outer loop
      vertex   7.605654e-01 -1.047242e+01 -5.250000e+00
      vertex   1.265635e+00 -1.042344e+01 -6.798753e-15
      vertex   1.767749e+00 -1.035012e+01 -5.250000e+00
    endloop
  endfacet
  facet normal -1.683566e-01 9.857234e-01 -2.335540e-03
    outer loop
      vertex   1.767749e+00 -1.035012e+01 -5.250000e+00
      vertex   1.265635e+00 -1.042344e+01 -6.798753e-15
      vertex   2.265734e+00 -1.025263e+01 -6.687340e-15
    endloop
  endfacet
  facet normal -2.157836e-01 9.764384e-01 2.335540e-03
    outer loop
      vertex   1.767749e+00 -1.035012e+01 -5.250000e+00
      vertex   2.265734e+00 -1.025263e+01 -6.687340e-15
      vertex   2.758427e+00 -1.013119e+01 -5.250000e+00
    endloop
  endfacet
  facet normal -2.627067e-01 9.648729e-01 -2.335540e-03
    outer loop
      vertex   2.758427e+00 -1.013119e+01 -5.250000e+00
      vertex   2.265734e+00 -1.025263e+01 -6.687340e-15
      vertex   3.244678e+00 -9.986093e+00 -6.513489e-15
    endloop
  endfacet
  facet normal -3.090162e-01 9.510539e-01 2.335540e-03
    outer loop
      vertex   2.758427e+00 -1.013119e+01 -5.250000e+00
      vertex   3.244678e+00 -9.986093e+00 -6.513489e-15
      vertex   3.723351e+00 -9.817670e+00 -5.250000e+00
    endloop
  endfacet
  facet normal -3.546039e-01 9.350137e-01 -2.335540e-03
    outer loop
      vertex   3.723351e+00 -9.817670e+00 -5.250000e+00
      vertex   3.244678e+00 -9.986093e+00 -6.513489e-15
      vertex   4.193328e+00 -9.626318e+00 -6.278824e-15
    endloop
  endfacet
  facet normal -3.993635e-01 9.167897e-01 2.335540e-03
    outer loop
      vertex   3.723351e+00 -9.817670e+00 -5.250000e+00
      vertex   4.193328e+00 -9.626318e+00 -6.278824e-15
      vertex   4.653511e+00 -9.412483e+00 -5.250000e+00
    endloop
  endfacet
  facet normal -4.431903e-01 8.964245e-01 -2.335540e-03
    outer loop
      vertex   4.653511e+00 -9.412483e+00 -5.250000e+00
      vertex   4.193328e+00 -9.626318e+00 -6.278824e-15
      vertex   5.102826e+00 -9.176664e+00 -5.985534e-15
    endloop
  endfacet
  facet normal -4.859821e-01 8.739656e-01 2.335540e-03
    outer loop
      vertex   4.653511e+00 -9.412483e+00 -5.250000e+00
      vertex   5.102826e+00 -9.176664e+00 -5.985534e-15
      vertex   5.540222e+00 -8.919413e+00 -5.250000e+00
    endloop
  endfacet
  facet normal -5.276388e-01 8.494656e-01 -2.335540e-03
    outer loop
      vertex   5.540222e+00 -8.919413e+00 -5.250000e+00
      vertex   5.102826e+00 -9.176664e+00 -5.985534e-15
      vertex   5.964680e+00 -8.641330e+00 -5.636360e-15
    endloop
  endfacet
  facet normal -5.680632e-01 8.229816e-01 2.335540e-03
    outer loop
      vertex   5.540222e+00 -8.919413e+00 -5.250000e+00
      vertex   5.964680e+00 -8.641330e+00 -5.636360e-15
      vertex   6.375206e+00 -8.343065e+00 -5.250000e+00
    endloop
  endfacet
  facet normal -6.071609e-01 7.945755e-01 -2.335540e-03
    outer loop
      vertex   6.375206e+00 -8.343065e+00 -5.250000e+00
      vertex   5.964680e+00 -8.641330e+00 -5.636360e-15
      vertex   6.770843e+00 -8.025315e+00 -5.234560e-15
    endloop
  endfacet
  facet normal -6.448405e-01 7.643136e-01 2.335540e-03
    outer loop
      vertex   6.375206e+00 -8.343065e+00 -5.250000e+00
      vertex   6.770843e+00 -8.025315e+00 -5.234560e-15
      vertex   7.150666e+00 -7.688821e+00 -5.250000e+00
    endloop
  endfacet
  facet normal -6.810140e-01 7.322667e-01 -2.335540e-03
    outer loop
      vertex   7.150666e+00 -7.688821e+00 -5.250000e+00
      vertex   6.770843e+00 -8.025315e+00 -5.234560e-15
      vertex   7.513789e+00 -7.334369e+00 -4.783886e-15
    endloop
  endfacet
  facet normal -7.155970e-01 6.985095e-01 2.335540e-03
    outer loop
      vertex   7.150666e+00 -7.688821e+00 -5.250000e+00
      vertex   7.513789e+00 -7.334369e+00 -4.783886e-15
      vertex   7.859363e+00 -6.962788e+00 -5.250000e+00
    endloop
  endfacet
  facet normal -7.485087e-01 6.631208e-01 -2.335540e-03
    outer loop
      vertex   7.859363e+00 -6.962788e+00 -5.250000e+00
      vertex   7.513789e+00 -7.334369e+00 -4.783886e-15
      vertex   8.186581e+00 -6.574944e+00 -4.288547e-15
    endloop
  endfacet
  facet normal -7.796722e-01 6.261835e-01 2.335540e-03
    outer loop
      vertex   7.859363e+00 -6.962788e+00 -5.250000e+00
      vertex   8.186581e+00 -6.574944e+00 -4.288547e-15
      vertex   8.494678e+00 -6.171745e+00 -5.250000e+00
    endloop
  endfacet
  facet normal -8.090148e-01 5.877836e-01 -2.335540e-03
    outer loop
      vertex   8.494678e+00 -6.171745e+00 -5.250000e+00
      vertex   8.186581e+00 -6.574944e+00 -4.288547e-15
      vertex   8.782936e+00 -5.754131e+00 -3.753167e-15
    endloop
  endfacet
  facet normal -8.364679e-01 5.480110e-01 2.335540e-03
    outer loop
      vertex   8.494678e+00 -6.171745e+00 -5.250000e+00
      vertex   8.782936e+00 -5.754131e+00 -3.753167e-15
      vertex   9.050681e+00 -5.323078e+00 -5.250000e+00
    endloop
  endfacet
  facet normal -8.619673e-01 5.069585e-01 -2.335540e-03
    outer loop
      vertex   9.050681e+00 -5.323078e+00 -5.250000e+00
      vertex   8.782936e+00 -5.754131e+00 -3.753167e-15
      vertex   9.297288e+00 -4.879593e+00 -3.182744e-15
    endloop
  endfacet
  facet normal -8.854536e-01 4.647219e-01 2.335540e-03
    outer loop
      vertex   9.050681e+00 -5.323078e+00 -5.250000e+00
      vertex   9.297288e+00 -4.879593e+00 -3.182744e-15
      vertex   9.522181e+00 -4.424712e+00 -5.250000e+00
    endloop
  endfacet
  facet normal -9.068719e-01 4.214000e-01 -2.335540e-03
    outer loop
      vertex   9.522181e+00 -4.424712e+00 -5.250000e+00
      vertex   9.297288e+00 -4.879593e+00 -3.182744e-15
      vertex   9.724834e+00 -3.959496e+00 -2.582605e-15
    endloop
  endfacet
  facet normal -9.261721e-01 3.770938e-01 2.335540e-03
    outer loop
      vertex   9.522181e+00 -4.424712e+00 -5.250000e+00
      vertex   9.724834e+00 -3.959496e+00 -2.582605e-15
      vertex   9.904774e+00 -3.485032e+00 -5.250000e+00
    endloop
  endfacet
  facet normal -9.433092e-01 3.319069e-01 -2.335540e-03
    outer loop
      vertex   9.904774e+00 -3.485032e+00 -5.250000e+00
      vertex   9.724834e+00 -3.959496e+00 -2.582605e-15
      vertex   1.006158e+01 -3.002430e+00 -1.958353e-15
    endloop
  endfacet
  facet normal -9.582432e-01 2.859449e-01 2.335540e-03
    outer loop
      vertex   9.904774e+00 -3.485032e+00 -5.250000e+00
      vertex   1.006158e+01 -3.002430e+00 -1.958353e-15
      vertex   1.019489e+01 -2.512814e+00 -5.250000e+00
    endloop
  endfacet
  facet normal -9.709392e-01 2.393150e-01 -2.335540e-03
    outer loop
      vertex   1.019489e+01 -2.512814e+00 -5.250000e+00
      vertex   1.006158e+01 -3.002430e+00 -1.958353e-15
      vertex   1.030439e+01 -2.017330e+00 -1.315816e-15
    endloop
  endfacet
  facet normal -9.813674e-01 1.921262e-01 2.335540e-03
    outer loop
      vertex   1.019489e+01 -2.512814e+00 -5.250000e+00
      vertex   1.030439e+01 -2.017330e+00 -1.315816e-15
      vertex   1.038982e+01 -1.517135e+00 -5.250000e+00
    endloop
  endfacet
  facet normal -9.895037e-01 1.444887e-01 -2.335540e-03
    outer loop
      vertex   1.038982e+01 -1.517135e+00 -5.250000e+00
      vertex   1.030439e+01 -2.017330e+00 -1.315816e-15
      vertex   1.045098e+01 -1.013396e+00 -6.609937e-16
    endloop
  endfacet
  facet normal -9.953289e-01 9.651366e-02 2.335540e-03
    outer loop
      vertex   1.038982e+01 -1.517135e+00 -5.250000e+00
      vertex   1.045098e+01 -1.013396e+00 -6.609937e-16
      vertex   1.048774e+01 -5.072905e-01 -5.250000e+00
    endloop
  endfacet
  facet normal -9.988295e-01 4.831325e-02 -2.335540e-03
    outer loop
      vertex   1.048774e+01 -5.072905e-01 -5.250000e+00
      vertex   1.045098e+01 -1.013396e+00 -6.609937e-16
      vertex   1.050000e+01 1.285879e-15 1.084684e-30
    endloop
  endfacet
  facet normal -9.999973e-01 0.000000e+00 2.335540e-03
    outer loop
      vertex   1.048774e+01 -5.072905e-01 -5.250000e+00
      vertex   1.050000e+01 1.285879e-15 1.084684e-30
      vertex   1.048774e+01 5.072905e-01 -5.250000e+00
    endloop
  endfacet
  facet normal -9.988295e-01 -4.831325e-02 -2.335540e-03
    outer loop
      vertex   1.048774e+01 5.072905e-01 -5.250000e+00
      vertex   1.050000e+01 1.285879e-15 1.084684e-30
      vertex   1.045098e+01 1.013396e+00 6.609937e-16
    endloop
  endfacet
  facet normal -9.953289e-01 -9.651366e-02 2.335540e-03
    outer loop
      vertex   1.048774e+01 5.072905e-01 -5.250000e+00
      vertex   1.045098e+01 1.013396e+00 6.609937e-16
      vertex   1.038982e+01 1.517135e+00 -5.250000e+00
    endloop
  endfacet
  facet normal -9.895037e-01 -1.444887e-01 -2.335540e-03
    outer loop
      vertex   1.038982e+01 1.517135e+00 -5.250000e+00
      vertex   1.045098e+01 1.013396e+00 6.609937e-16
      vertex   1.030439e+01 2.017330e+00 1.315816e-15
    endloop
  endfacet
  facet normal -9.813674e-01 -1.921262e-01 2.335540e-03
    outer loop
      vertex   1.038982e+01 1.517135e+00 -5.250000e+00
      vertex   1.030439e+01 2.017330e+00 1.315816e-15
      vertex   1.019489e+01 2.512814e+00 -5.250000e+00
    endloop
  endfacet
  facet normal -9.709392e-01 -2.393150e-01 -2.335540e-03
    outer loop
      vertex   1.019489e+01 2.512814e+00 -5.250000e+00
      vertex   1.030439e+01 2.017330e+00 1.315816e-15
      vertex   1.006158e+01 3.002430e+00 1.958353e-15
    endloop
  endfacet
  facet normal -9.582432e-01 -2.859449e-01 2.335540e-03
    outer loop
      vertex   1.019489e+01 2.512814e+00 -5.250000e+00
      vertex   1.006158e+01 3.002430e+00 1.958353e-15
      vertex   9.904774e+00 3.485032e+00 -5.250000e+00
    endloop
  endfacet
  facet normal -9.433092e-01 -3.319069e-01 -2.335540e-03
    outer loop
      vertex   9.904774e+00 3.485032e+00 -5.250000e+00
      vertex   1.006158e+01 3.002430e+00 1.958353e-15
      vertex   9.724834e+00 3.959496e+00 2.582605e-15
    endloop
  endfacet
  facet normal -9.261721e-01 -3.770938e-01 2.335540e-03
    outer loop
      vertex   9.904774e+00 3.485032e+00 -5.250000e+00
      vertex   9.724834e+00 3.959496e+00 2.582605e-15
      vertex   9.522181e+00 4.424712e+00 -5.250000e+00
    endloop
  endfacet
  facet normal -9.068719e-01 -4.214000e-01 -2.335540e-03
    outer loop
      vertex   9.522181e+00 4.424712e+00 -5.250000e+00
      vertex   9.724834e+00 3.959496e+00 2.582605e-15
      vertex   9.297288e+00 4.879593e+00 3.182744e-15
    endloop
  endfacet
  facet normal -8.854536e-01 -4.647219e-01 2.335540e-03
    outer loop
      vertex   9.522181e+00 4.424712e+00 -5.250000e+00
      vertex   9.297288e+00 4.879593e+00 3.182744e-15
      vertex   9.050681e+00 5.323078e+00 -5.250000e+00
    endloop
  endfacet
  facet normal -8.619673e-01 -5.069585e-01 -2.335540e-03
    outer loop
      vertex   9.050681e+00 5.323078e+00 -5.250000e+00
      vertex   9.297288e+00 4.879593e+00 3.182744e-15
      vertex   8.782936e+00 5.754131e+00 3.753167e-15
    endloop
  endfacet
  facet normal -8.364679e-01 -5.480110e-01 2.335540e-03
    outer loop
      vertex   9.050681e+00 5.323078e+00 -5.250000e+00
      vertex   8.782936e+00 5.754131e+00 3.753167e-15
      vertex   8.494678e+00 6.171745e+00 -5.250000e+00
    endloop
  endfacet
  facet normal -8.090148e-01 -5.877836e-01 -2.335540e-03
    outer loop
      vertex   8.494678e+00 6.171745e+00 -5.250000e+00
      vertex   8.782936e+00 5.754131e+00 3.753167e-15
      vertex   8.186581e+00 6.574944e+00 4.288547e-15
    endloop
  endfacet
  facet normal -7.796722e-01 -6.261835e-01 2.335540e-03
    outer loop
      vertex   8.494678e+00 6.171745e+00 -5.250000e+00
      vertex   8.186581e+00 6.574944e+00 4.288547e-15
      vertex   7.859363e+00 6.962788e+00 -5.250000e+00
    endloop
  endfacet
  facet normal -7.485087e-01 -6.631208e-01 -2.335540e-03
    outer loop
      vertex   7.859363e+00 6.962788e+00 -5.250000e+00
      vertex   8.186581e+00 6.574944e+00 4.288547e-15
      vertex   7.513789e+00 7.334369e+00 4.783886e-15
    endloop
  endfacet
  facet normal -7.155970e-01 -6.985095e-01 2.335540e-03
    outer loop
      vertex   7.859363e+00 6.962788e+00 -5.250000e+00
      vertex   7.513789e+00 7.334369e+00 4.783886e-15
      vertex   7.150666e+00 7.688821e+00 -5.250000e+00
    endloop
  endfacet
  facet normal -6.810140e-01 -7.322667e-01 -2.335540e-03
    outer loop
      vertex   7.150666e+00 7.688821e+00 -5.250000e+00
      vertex   7.513789e+00 7.334369e+00 4.783886e-15
      vertex   6.770843e+00 8.025315e+00 5.234560e-15
    endloop
  endfacet
  facet normal -6.448405e-01 -7.643136e-01 2.335540e-03
    outer loop
      vertex   7.150666e+00 7.688821e+00 -5.250000e+00
      vertex   6.770843e+00 8.025315e+00 5.234560e-15
      vertex   6.375206e+00 8.343065e+00 -5.250000e+00
    endloop
  endfacet
  facet normal -6.071609e-01 -7.945755e-01 -2.335540e-03
    outer loop
      vertex   6.375206e+00 8.343065e+00 -5.250000e+00
      vertex   6.770843e+00 8.025315e+00 5.234560e-15
      vertex   5.964680e+00 8.641330e+00 5.636360e-15
    endloop
  endfacet
  facet normal -5.680632e-01 -8.229816e-01 2.335540e-03
    outer loop
      vertex   6.375206e+00 8.343065e+00 -5.250000e+00
      vertex   5.964680e+00 8.641330e+00 5.636360e-15
      vertex   5.540222e+00 8.919413e+00 -5.250000e+00
    endloop
  endfacet
  facet normal -5.276388e-01 -8.494656e-01 -2.335540e-03
    outer loop
      vertex   5.540222e+00 8.919413e+00 -5.250000e+00
      vertex   5.964680e+00 8.641330e+00 5.636360e-15
      vertex   5.102826e+00 9.176664e+00 5.985534e-15
    endloop
  endfacet
  facet normal -4.859821e-01 -8.739656e-01 2.335540e-03
    outer loop
      vertex   5.540222e+00 8.919413e+00 -5.250000e+00
      vertex   5.102826e+00 9.176664e+00 5.985534e-15
      vertex   4.653511e+00 9.412483e+00 -5.250000e+00
    endloop
  endfacet
  facet normal -4.431903e-01 -8.964245e-01 -2.335540e-03
    outer loop
      vertex   4.653511e+00 9.412483e+00 -5.250000e+00
      vertex   5.102826e+00 9.176664e+00 5.985534e-15
      vertex   4.193328e+00 9.626318e+00 6.278824e-15
    endloop
  endfacet
  facet normal -3.993635e-01 -9.167897e-01 2.335540e-03
    outer loop
      vertex   4.653511e+00 9.412483e+00 -5.250000e+00
      vertex   4.193328e+00 9.626318e+00 6.278824e-15
      vertex   3.723351e+00 9.817670e+00 -5.250000e+00
    endloop
  endfacet
  facet normal -3.546039e-01 -9.350137e-01 -2.335540e-03
    outer loop
      vertex   3.723351e+00 9.817670e+00 -5.250000e+00
      vertex   4.193328e+00 9.626318e+00 6.278824e-15
      vertex   3.244678e+00 9.986093e+00 6.513489e-15
    endloop
  endfacet
  facet normal -3.090162e-01 -9.510539e-01 2.335540e-03
    outer loop
      vertex   3.723351e+00 9.817670e+00 -5.250000e+00
      vertex   3.244678e+00 9.986093e+00 6.513489e-15
      vertex   2.758427e+00 1.013119e+01 -5.250000e+00
    endloop
  endfacet
  facet normal -2.627067e-01 -9.648729e-01 -2.335540e-03
    outer loop
      vertex   2.758427e+00 1.013119e+01 -5.250000e+00
      vertex   3.244678e+00 9.986093e+00 6.513489e-15
      vertex   2.265734e+00 1.025263e+01 6.687340e-15
    endloop
  endfacet
  facet normal -2.157836e-01 -9.764384e-01 2.335540e-03
    outer loop
      vertex   2.758427e+00 1.013119e+01 -5.250000e+00
      vertex   2.265734e+00 1.025263e+01 6.687340e-15
      vertex   1.767749e+00 1.035012e+01 -5.250000e+00
    endloop
  endfacet
  facet normal -1.683566e-01 -9.857234e-01 -2.335540e-03
    outer loop
      vertex   1.767749e+00 1.035012e+01 -5.250000e+00
      vertex   2.265734e+00 1.025263e+01 6.687340e-15
      vertex   1.265635e+00 1.042344e+01 6.798753e-15
    endloop
  endfacet
  facet normal -1.205364e-01 -9.927062e-01 2.335540e-03
    outer loop
      vertex   1.767749e+00 1.035012e+01 -5.250000e+00
      vertex   1.265635e+00 1.042344e+01 6.798753e-15
      vertex   7.605654e-01 1.047242e+01 -5.250000e+00
    endloop
  endfacet
  facet normal -7.243460e-02 -9.973704e-01 -2.335540e-03
    outer loop
      vertex   7.605654e-01 1.047242e+01 -5.250000e+00
      vertex   1.265635e+00 1.042344e+01 6.798753e-15
      vertex   2.537193e-01 1.049693e+01 6.846688e-15
    endloop
  endfacet
  facet normal -2.416368e-02 -9.997053e-01 2.335540e-03
    outer loop
      vertex   7.605654e-01 1.047242e+01 -5.250000e+00
      vertex   2.537193e-01 1.049693e+01 6.846688e-15
      vertex   -2.537193e-01 1.049693e+01 -5.250000e+00
    endloop
  endfacet
  facet normal 2.416368e-02 -9.997053e-01 -2.335540e-03
    outer loop
      vertex   -2.537193e-01 1.049693e+01 -5.250000e+00
      vertex   2.537193e-01 1.049693e+01 6.846688e-15
      vertex   -7.605654e-01 1.047242e+01 6.830698e-15
    endloop
  endfacet
  facet normal 7.243460e-02 -9.973704e-01 2.335540e-03
    outer loop
      vertex   -2.537193e-01 1.049693e+01 -5.250000e+00
      vertex   -7.605654e-01 1.047242e+01 6.830698e-15
      vertex   -1.265635e+00 1.042344e+01 -5.250000e+00
    endloop
  endfacet
  facet normal 1.205364e-01 -9.927062e-01 -2.335540e-03
    outer loop
      vertex   -1.265635e+00 1.042344e+01 -5.250000e+00
      vertex   -7.605654e-01 1.047242e+01 6.830698e-15
      vertex   -1.767749e+00 1.035012e+01 6.750931e-15
    endloop
  endfacet
  facet normal 1.683566e-01 -9.857234e-01 2.335540e-03
    outer loop
      vertex   -1.265635e+00 1.042344e+01 -5.250000e+00
      vertex   -1.767749e+00 1.035012e+01 6.750931e-15
      vertex   -2.265734e+00 1.025263e+01 -5.250000e+00
    endloop
  endfacet
  facet normal 2.157836e-01 -9.764384e-01 -2.335540e-03
    outer loop
      vertex   -2.265734e+00 1.025263e+01 -5.250000e+00
      vertex   -1.767749e+00 1.035012e+01 6.750931e-15
      vertex   -2.758427e+00 1.013119e+01 6.608132e-15
    endloop
  endfacet
  facet normal 2.627067e-01 -9.648729e-01 2.335540e-03
    outer loop
      vertex   -2.265734e+00 1.025263e+01 -5.250000e+00
      vertex   -2.758427e+00 1.013119e+01 6.608132e-15
      vertex   -3.244678e+00 9.986093e+00 -5.250000e+00
    endloop
  endfacet
  facet normal 3.090162e-01 -9.510539e-01 -2.335540e-03
    outer loop
      vertex   -3.244678e+00 9.986093e+00 -5.250000e+00
      vertex   -2.758427e+00 1.013119e+01 6.608132e-15
      vertex   -3.723351e+00 9.817670e+00 6.403635e-15
    endloop
  endfacet
  facet normal 3.546039e-01 -9.350137e-01 2.335540e-03
    outer loop
      vertex   -3.244678e+00 9.986093e+00 -5.250000e+00
      vertex   -3.723351e+00 9.817670e+00 6.403635e-15
      vertex   -4.193328e+00 9.626318e+00 -5.250000e+00
    endloop
  endfacet
  facet normal 3.993635e-01 -9.167897e-01 -2.335540e-03
    outer loop
      vertex   -4.193328e+00 9.626318e+00 -5.250000e+00
      vertex   -3.723351e+00 9.817670e+00 6.403635e-15
      vertex   -4.653511e+00 9.412483e+00 6.139349e-15
    endloop
  endfacet
  facet normal 4.431903e-01 -8.964245e-01 2.335540e-03
    outer loop
      vertex   -4.193328e+00 9.626318e+00 -5.250000e+00
      vertex   -4.653511e+00 9.412483e+00 6.139349e-15
      vertex   -5.102826e+00 9.176664e+00 -5.250000e+00
    endloop
  endfacet
  facet normal 4.859821e-01 -8.739656e-01 -2.335540e-03
    outer loop
      vertex   -5.102826e+00 9.176664e+00 -5.250000e+00
      vertex   -4.653511e+00 9.412483e+00 6.139349e-15
      vertex   -5.540222e+00 8.919413e+00 5.817741e-15
    endloop
  endfacet
  facet normal 5.276388e-01 -8.494656e-01 2.335540e-03
    outer loop
      vertex   -5.102826e+00 9.176664e+00 -5.250000e+00
      vertex   -5.540222e+00 8.919413e+00 5.817741e-15
      vertex   -5.964680e+00 8.641330e+00 -5.250000e+00
    endloop
  endfacet
  facet normal 5.680632e-01 -8.229816e-01 -2.335540e-03
    outer loop
      vertex   -5.964680e+00 8.641330e+00 -5.250000e+00
      vertex   -5.540222e+00 8.919413e+00 5.817741e-15
      vertex   -6.375206e+00 8.343065e+00 5.441815e-15
    endloop
  endfacet
  facet normal 6.071609e-01 -7.945755e-01 2.335540e-03
    outer loop
      vertex   -5.964680e+00 8.641330e+00 -5.250000e+00
      vertex   -6.375206e+00 8.343065e+00 5.441815e-15
      vertex   -6.770843e+00 8.025315e+00 -5.250000e+00
    endloop
  endfacet
  facet normal 6.448405e-01 -7.643136e-01 -2.335540e-03
    outer loop
      vertex   -6.770843e+00 8.025315e+00 -5.250000e+00
      vertex   -6.375206e+00 8.343065e+00 5.441815e-15
      vertex   -7.150666e+00 7.688821e+00 5.015080e-15
    endloop
  endfacet
  facet normal 6.810140e-01 -7.322667e-01 2.335540e-03
    outer loop
      vertex   -6.770843e+00 8.025315e+00 -5.250000e+00
      vertex   -7.150666e+00 7.688821e+00 5.015080e-15
      vertex   -7.513789e+00 7.334369e+00 -5.250000e+00
    endloop
  endfacet
  facet normal 7.155970e-01 -6.985095e-01 -2.335540e-03
    outer loop
      vertex   -7.513789e+00 7.334369e+00 -5.250000e+00
      vertex   -7.150666e+00 7.688821e+00 5.015080e-15
      vertex   -7.859363e+00 6.962788e+00 4.541520e-15
    endloop
  endfacet
  facet normal 7.485087e-01 -6.631208e-01 2.335540e-03
    outer loop
      vertex   -7.513789e+00 7.334369e+00 -5.250000e+00
      vertex   -7.859363e+00 6.962788e+00 4.541520e-15
      vertex   -8.186581e+00 6.574944e+00 -5.250000e+00
    endloop
  endfacet
  facet normal 7.796722e-01 -6.261835e-01 -2.335540e-03
    outer loop
      vertex   -8.186581e+00 6.574944e+00 -5.250000e+00
      vertex   -7.859363e+00 6.962788e+00 4.541520e-15
      vertex   -8.494678e+00 6.171745e+00 4.025558e-15
    endloop
  endfacet
  facet normal 8.090148e-01 -5.877836e-01 2.335540e-03
    outer loop
      vertex   -8.186581e+00 6.574944e+00 -5.250000e+00
      vertex   -8.494678e+00 6.171745e+00 4.025558e-15
      vertex   -8.782936e+00 5.754131e+00 -5.250000e+00
    endloop
  endfacet
  facet normal 8.364679e-01 -5.480110e-01 -2.335540e-03
    outer loop
      vertex   -8.782936e+00 5.754131e+00 -5.250000e+00
      vertex   -8.494678e+00 6.171745e+00 4.025558e-15
      vertex   -9.050681e+00 5.323078e+00 3.472010e-15
    endloop
  endfacet
  facet normal 8.619673e-01 -5.069585e-01 2.335540e-03
    outer loop
      vertex   -8.782936e+00 5.754131e+00 -5.250000e+00
      vertex   -9.050681e+00 5.323078e+00 3.472010e-15
      vertex   -9.297288e+00 4.879593e+00 -5.250000e+00
    endloop
  endfacet
  facet normal 8.854536e-01 -4.647219e-01 -2.335540e-03
    outer loop
      vertex   -9.297288e+00 4.879593e+00 -5.250000e+00
      vertex   -9.050681e+00 5.323078e+00 3.472010e-15
      vertex   -9.522181e+00 4.424712e+00 2.886045e-15
    endloop
  endfacet
  facet normal 9.068719e-01 -4.214000e-01 2.335540e-03
    outer loop
      vertex   -9.297288e+00 4.879593e+00 -5.250000e+00
      vertex   -9.522181e+00 4.424712e+00 2.886045e-15
      vertex   -9.724834e+00 3.959496e+00 -5.250000e+00
    endloop
  endfacet
  facet normal 9.261721e-01 -3.770938e-01 -2.335540e-03
    outer loop
      vertex   -9.724834e+00 3.959496e+00 -5.250000e+00
      vertex   -9.522181e+00 4.424712e+00 2.886045e-15
      vertex   -9.904774e+00 3.485032e+00 2.273133e-15
    endloop
  endfacet
  facet normal 9.433092e-01 -3.319069e-01 2.335540e-03
    outer loop
      vertex   -9.724834e+00 3.959496e+00 -5.250000e+00
      vertex   -9.904774e+00 3.485032e+00 2.273133e-15
      vertex   -1.006158e+01 3.002430e+00 -5.250000e+00
    endloop
  endfacet
  facet normal 9.582432e-01 -2.859449e-01 -2.335540e-03
    outer loop
      vertex   -1.006158e+01 3.002430e+00 -5.250000e+00
      vertex   -9.904774e+00 3.485032e+00 2.273133e-15
      vertex   -1.019489e+01 2.512814e+00 1.638998e-15
    endloop
  endfacet
  facet normal 9.709392e-01 -2.393150e-01 2.335540e-03
    outer loop
      vertex   -1.006158e+01 3.002430e+00 -5.250000e+00
      vertex   -1.019489e+01 2.512814e+00 1.638998e-15
      vertex   -1.030439e+01 2.017330e+00 -5.250000e+00
    endloop
  endfacet
  facet normal 9.813674e-01 -1.921262e-01 -2.335540e-03
    outer loop
      vertex   -1.030439e+01 2.017330e+00 -5.250000e+00
      vertex   -1.019489e+01 2.512814e+00 1.638998e-15
      vertex   -1.038982e+01 1.517135e+00 9.895604e-16
    endloop
  endfacet
  facet normal 9.895037e-01 -1.444887e-01 2.335540e-03
    outer loop
      vertex   -1.030439e+01 2.017330e+00 -5.250000e+00
      vertex   -1.038982e+01 1.517135e+00 9.895604e-16
      vertex   -1.045098e+01 1.013396e+00 -5.250000e+00
    endloop
  endfacet
  facet normal 9.953289e-01 -9.651366e-02 -2.335540e-03
    outer loop
      vertex   -1.045098e+01 1.013396e+00 -5.250000e+00
      vertex   -1.038982e+01 1.517135e+00 9.895604e-16
      vertex   -1.048774e+01 5.072905e-01 3.308833e-16
    endloop
  endfacet
  facet normal -9.957342e-01 9.226836e-02 4.097538e-17
    outer loop
      vertex   3.030147e+01 1.297631e+01 -4.000000e+00
      vertex   3.030147e+01 1.297631e+01 1.182802e-14
      vertex   3.035000e+01 1.350000e+01 -4.000000e+00
    endloop
  endfacet
  facet normal -9.957342e-01 9.226836e-02 4.097538e-17
    outer loop
      vertex   3.035000e+01 1.350000e+01 -4.000000e+00
      vertex   3.030147e+01 1.297631e+01 1.182802e-14
      vertex   3.035000e+01 1.350000e+01 1.217498e-14
    endloop
  endfacet
  facet normal -9.957342e-01 -9.226836e-02 -4.097538e-17
    outer loop
      vertex   3.035000e+01 1.350000e+01 -4.000000e+00
      vertex   3.035000e+01 1.350000e+01 1.217498e-14
      vertex   3.030147e+01 1.402369e+01 -4.000000e+00
    endloop
  endfacet
  facet normal -9.957342e-01 -9.226836e-02 -4.097538e-17
    outer loop
      vertex   3.030147e+01 1.402369e+01 -4.000000e+00
      vertex   3.035000e+01 1.350000e+01 1.217498e-14
      vertex   3.030147e+01 1.402369e+01 1.251117e-14
    endloop
  endfacet
  facet normal -9.618256e-01 -2.736630e-01 -1.215308e-16
    outer loop
      vertex   3.030147e+01 1.402369e+01 -4.000000e+00
      vertex   3.030147e+01 1.402369e+01 1.251117e-14
      vertex   3.015755e+01 1.452954e+01 -4.000000e+00
    endloop
  endfacet
  facet normal -9.618256e-01 -2.736630e-01 -2.430616e-16
    outer loop
      vertex   3.015755e+01 1.452954e+01 -4.000000e+00
      vertex   3.030147e+01 1.402369e+01 1.251117e-14
      vertex   3.015755e+01 1.452954e+01 1.282514e-14
    endloop
  endfacet
  facet normal -8.951633e-01 -4.457384e-01 -3.958952e-16
    outer loop
      vertex   3.015755e+01 1.452954e+01 -4.000000e+00
      vertex   3.015755e+01 1.452954e+01 1.282514e-14
      vertex   2.992312e+01 1.500033e+01 -4.000000e+00
    endloop
  endfacet
  facet normal -8.951633e-01 -4.457384e-01 -3.958952e-16
    outer loop
      vertex   2.992312e+01 1.500033e+01 -4.000000e+00
      vertex   3.015755e+01 1.452954e+01 1.282514e-14
      vertex   2.992312e+01 1.500033e+01 1.310619e-14
    endloop
  endfacet
  facet normal -7.980172e-01 -6.026346e-01 -5.352471e-16
    outer loop
      vertex   2.992312e+01 1.500033e+01 -4.000000e+00
      vertex   2.992312e+01 1.500033e+01 1.310619e-14
      vertex   2.960618e+01 1.542003e+01 -4.000000e+00
    endloop
  endfacet
  facet normal -7.980172e-01 -6.026346e-01 -5.352471e-16
    outer loop
      vertex   2.960618e+01 1.542003e+01 -4.000000e+00
      vertex   2.992312e+01 1.500033e+01 1.310619e-14
      vertex   2.960618e+01 1.542003e+01 1.334475e-14
    endloop
  endfacet
  facet normal -6.736956e-01 -7.390089e-01 -6.563718e-16
    outer loop
      vertex   2.960618e+01 1.542003e+01 -4.000000e+00
      vertex   2.960618e+01 1.542003e+01 1.334475e-14
      vertex   2.921751e+01 1.577435e+01 -4.000000e+00
    endloop
  endfacet
  facet normal -6.736956e-01 -7.390089e-01 -3.281859e-16
    outer loop
      vertex   2.921751e+01 1.577435e+01 -4.000000e+00
      vertex   2.960618e+01 1.542003e+01 1.334475e-14
      vertex   2.921751e+01 1.577435e+01 1.353271e-14
    endloop
  endfacet
  facet normal -5.264322e-01 -8.502171e-01 -3.775723e-16
    outer loop
      vertex   2.921751e+01 1.577435e+01 -4.000000e+00
      vertex   2.921751e+01 1.577435e+01 1.353271e-14
      vertex   2.877035e+01 1.605122e+01 -4.000000e+00
    endloop
  endfacet
  facet normal -5.264322e-01 -8.502171e-01 0.000000e+00
    outer loop
      vertex   2.877035e+01 1.605122e+01 -4.000000e+00
      vertex   2.921751e+01 1.577435e+01 1.353271e-14
      vertex   2.877035e+01 1.605122e+01 1.366365e-14
    endloop
  endfacet
  facet normal -3.612417e-01 -9.324722e-01 0.000000e+00
    outer loop
      vertex   2.877035e+01 1.605122e+01 -4.000000e+00
      vertex   2.877035e+01 1.605122e+01 1.366365e-14
      vertex   2.827994e+01 1.624120e+01 -4.000000e+00
    endloop
  endfacet
  facet normal -3.612417e-01 -9.324722e-01 0.000000e+00
    outer loop
      vertex   2.827994e+01 1.624120e+01 -4.000000e+00
      vertex   2.877035e+01 1.605122e+01 1.366365e-14
      vertex   2.827994e+01 1.624120e+01 1.373313e-14
    endloop
  endfacet
  facet normal -1.837495e-01 -9.829731e-01 0.000000e+00
    outer loop
      vertex   2.827994e+01 1.624120e+01 -4.000000e+00
      vertex   2.827994e+01 1.624120e+01 1.373313e-14
      vertex   2.776296e+01 1.633784e+01 -4.000000e+00
    endloop
  endfacet
  facet normal -1.837495e-01 -9.829731e-01 -8.730555e-16
    outer loop
      vertex   2.776296e+01 1.633784e+01 -4.000000e+00
      vertex   2.827994e+01 1.624120e+01 1.373313e-14
      vertex   2.776296e+01 1.633784e+01 1.373876e-14
    endloop
  endfacet
  facet normal 6.755112e-15 -1.000000e+00 -8.881784e-16
    outer loop
      vertex   2.776296e+01 1.633784e+01 -4.000000e+00
      vertex   2.776296e+01 1.633784e+01 1.373876e-14
      vertex   2.723704e+01 1.633784e+01 -4.000000e+00
    endloop
  endfacet
  facet normal 0.000000e+00 -1.000000e+00 0.000000e+00
    outer loop
      vertex   2.723704e+01 1.633784e+01 -4.000000e+00
      vertex   2.776296e+01 1.633784e+01 1.373876e-14
      vertex   2.723704e+01 1.633784e+01 1.368037e-14
    endloop
  endfacet
  facet normal 1.837495e-01 -9.829731e-01 -1.632024e-16
    outer loop
      vertex   2.723704e+01 1.633784e+01 -4.000000e+00
      vertex   2.723704e+01 1.633784e+01 1.368037e-14
      vertex   2.672006e+01 1.624120e+01 -4.000000e+00
    endloop
  endfacet
  facet normal 1.837495e-01 -9.829731e-01 0.000000e+00
    outer loop
      vertex   2.672006e+01 1.624120e+01 -4.000000e+00
      vertex   2.723704e+01 1.633784e+01 1.368037e-14
      vertex   2.672006e+01 1.624120e+01 1.355995e-14
    endloop
  endfacet
  facet normal 3.612417e-01 -9.324722e-01 0.000000e+00
    outer loop
      vertex   2.672006e+01 1.624120e+01 -4.000000e+00
      vertex   2.672006e+01 1.624120e+01 1.355995e-14
      vertex   2.622965e+01 1.605122e+01 -4.000000e+00
    endloop
  endfacet
  facet normal 3.612417e-01 -9.324722e-01 0.000000e+00
    outer loop
      vertex   2.622965e+01 1.605122e+01 -4.000000e+00
      vertex   2.672006e+01 1.624120e+01 1.355995e-14
      vertex   2.622965e+01 1.605122e+01 1.338158e-14
    endloop
  endfacet
  facet normal 5.264322e-01 -8.502171e-01 0.000000e+00
    outer loop
      vertex   2.622965e+01 1.605122e+01 -4.000000e+00
      vertex   2.622965e+01 1.605122e+01 1.338158e-14
      vertex   2.578249e+01 1.577435e+01 -4.000000e+00
    endloop
  endfacet
  facet normal 5.264322e-01 -8.502171e-01 -3.775723e-16
    outer loop
      vertex   2.578249e+01 1.577435e+01 -4.000000e+00
      vertex   2.622965e+01 1.605122e+01 1.338158e-14
      vertex   2.578249e+01 1.577435e+01 1.315135e-14
    endloop
  endfacet
  facet normal 6.736956e-01 -7.390089e-01 -3.281859e-16
    outer loop
      vertex   2.578249e+01 1.577435e+01 -4.000000e+00
      vertex   2.578249e+01 1.577435e+01 1.315135e-14
      vertex   2.539382e+01 1.542003e+01 -4.000000e+00
    endloop
  endfacet
  facet normal 6.736956e-01 -7.390089e-01 -3.281859e-16
    outer loop
      vertex   2.539382e+01 1.542003e+01 -4.000000e+00
      vertex   2.578249e+01 1.577435e+01 1.315135e-14
      vertex   2.539382e+01 1.542003e+01 1.287709e-14
    endloop
  endfacet
  facet normal 7.980172e-01 -6.026346e-01 -2.676235e-16
    outer loop
      vertex   2.539382e+01 1.542003e+01 -4.000000e+00
      vertex   2.539382e+01 1.542003e+01 1.287709e-14
      vertex   2.507688e+01 1.500033e+01 -4.000000e+00
    endloop
  endfacet
  facet normal 7.980172e-01 -6.026346e-01 -5.352471e-16
    outer loop
      vertex   2.507688e+01 1.500033e+01 -4.000000e+00
      vertex   2.539382e+01 1.542003e+01 1.287709e-14
      vertex   2.507688e+01 1.500033e+01 1.256815e-14
    endloop
  endfacet
  facet normal 8.951633e-01 -4.457384e-01 -3.958952e-16
    outer loop
      vertex   2.507688e+01 1.500033e+01 -4.000000e+00
      vertex   2.507688e+01 1.500033e+01 1.256815e-14
      vertex   2.484245e+01 1.452954e+01 -4.000000e+00
    endloop
  endfacet
  facet normal 8.951633e-01 -4.457384e-01 0.000000e+00
    outer loop
      vertex   2.484245e+01 1.452954e+01 -4.000000e+00
      vertex   2.507688e+01 1.500033e+01 1.256815e-14
      vertex   2.484245e+01 1.452954e+01 1.223505e-14
    endloop
  endfacet
  facet normal 9.618256e-01 -2.736630e-01 0.000000e+00
    outer loop
      vertex   2.484245e+01 1.452954e+01 -4.000000e+00
      vertex   2.484245e+01 1.452954e+01 1.223505e-14
      vertex   2.469853e+01 1.402369e+01 -4.000000e+00
    endloop
  endfacet
  facet normal 9.618256e-01 -2.736630e-01 -1.215308e-16
    outer loop
      vertex   2.469853e+01 1.402369e+01 -4.000000e+00
      vertex   2.484245e+01 1.452954e+01 1.223505e-14
      vertex   2.469853e+01 1.402369e+01 1.188912e-14
    endloop
  endfacet
  facet normal 9.957342e-01 -9.226836e-02 -4.097538e-17
    outer loop
      vertex   2.469853e+01 1.402369e+01 -4.000000e+00
      vertex   2.469853e+01 1.402369e+01 1.188912e-14
      vertex   2.465000e+01 1.350000e+01 -4.000000e+00
    endloop
  endfacet
  facet normal 9.957342e-01 -9.226836e-02 -4.097538e-17
    outer loop
      vertex   2.465000e+01 1.350000e+01 -4.000000e+00
      vertex   2.469853e+01 1.402369e+01 1.188912e-14
      vertex   2.465000e+01 1.350000e+01 1.154216e-14
    endloop
  endfacet
  facet normal 9.957342e-01 9.226836e-02 4.097538e-17
    outer loop
      vertex   2.465000e+01 1.350000e+01 -4.000000e+00
      vertex   2.465000e+01 1.350000e+01 1.154216e-14
      vertex   2.469853e+01 1.297631e+01 -4.000000e+00
    endloop
  endfacet
  facet normal 9.957342e-01 9.226836e-02 4.097538e-17
    outer loop
      vertex   2.469853e+01 1.297631e+01 -4.000000e+00
      vertex   2.465000e+01 1.350000e+01 1.154216e-14
      vertex   2.469853e+01 1.297631e+01 1.120597e-14
    endloop
  endfacet
  facet normal 9.618256e-01 2.736630e-01 1.215308e-16
    outer loop
      vertex   2.469853e+01 1.297631e+01 -4.000000e+00
      vertex   2.469853e+01 1.297631e+01 1.120597e-14
      vertex   2.484245e+01 1.247046e+01 -4.000000e+00
    endloop
  endfacet
  facet normal 9.618256e-01 2.736630e-01 -0.000000e+00
    outer loop
      vertex   2.484245e+01 1.247046e+01 -4.000000e+00
      vertex   2.469853e+01 1.297631e+01 1.120597e-14
      vertex   2.484245e+01 1.247046e+01 1.089200e-14
    endloop
  endfacet
  facet normal 8.951633e-01 4.457384e-01 -0.000000e+00
    outer loop
      vertex   2.484245e+01 1.247046e+01 -4.000000e+00
      vertex   2.484245e+01 1.247046e+01 1.089200e-14
      vertex   2.507688e+01 1.199967e+01 -4.000000e+00
    endloop
  endfacet
  facet normal 8.951633e-01 4.457384e-01 1.979476e-16
    outer loop
      vertex   2.507688e+01 1.199967e+01 -4.000000e+00
      vertex   2.484245e+01 1.247046e+01 1.089200e-14
      vertex   2.507688e+01 1.199967e+01 1.061095e-14
    endloop
  endfacet
  facet normal 7.980172e-01 6.026346e-01 2.676235e-16
    outer loop
      vertex   2.507688e+01 1.199967e+01 -4.000000e+00
      vertex   2.507688e+01 1.199967e+01 1.061095e-14
      vertex   2.539382e+01 1.157997e+01 -4.000000e+00
    endloop
  endfacet
  facet normal 7.980172e-01 6.026346e-01 2.676235e-16
    outer loop
      vertex   2.539382e+01 1.157997e+01 -4.000000e+00
      vertex   2.507688e+01 1.199967e+01 1.061095e-14
      vertex   2.539382e+01 1.157997e+01 1.037238e-14
    endloop
  endfacet
  facet normal 6.736956e-01 7.390089e-01 3.281859e-16
    outer loop
      vertex   2.539382e+01 1.157997e+01 -4.000000e+00
      vertex   2.539382e+01 1.157997e+01 1.037238e-14
      vertex   2.578249e+01 1.122565e+01 -4.000000e+00
    endloop
  endfacet
  facet normal 6.736956e-01 7.390089e-01 3.281859e-16
    outer loop
      vertex   2.578249e+01 1.122565e+01 -4.000000e+00
      vertex   2.539382e+01 1.157997e+01 1.037238e-14
      vertex   2.578249e+01 1.122565e+01 1.018443e-14
    endloop
  endfacet
  facet normal 5.264322e-01 8.502171e-01 3.775723e-16
    outer loop
      vertex   2.578249e+01 1.122565e+01 -4.000000e+00
      vertex   2.578249e+01 1.122565e+01 1.018443e-14
      vertex   2.622965e+01 1.094878e+01 -4.000000e+00
    endloop
  endfacet
  facet normal 5.264322e-01 8.502171e-01 7.551445e-16
    outer loop
      vertex   2.622965e+01 1.094878e+01 -4.000000e+00
      vertex   2.578249e+01 1.122565e+01 1.018443e-14
      vertex   2.622965e+01 1.094878e+01 1.005349e-14
    endloop
  endfacet
  facet normal 3.612417e-01 9.324722e-01 8.282017e-16
    outer loop
      vertex   2.622965e+01 1.094878e+01 -4.000000e+00
      vertex   2.622965e+01 1.094878e+01 1.005349e-14
      vertex   2.672006e+01 1.075880e+01 -4.000000e+00
    endloop
  endfacet
  facet normal 3.612417e-01 9.324722e-01 8.282017e-16
    outer loop
      vertex   2.672006e+01 1.075880e+01 -4.000000e+00
      vertex   2.622965e+01 1.094878e+01 1.005349e-14
      vertex   2.672006e+01 1.075880e+01 9.984013e-15
    endloop
  endfacet
  facet normal 1.837495e-01 9.829731e-01 8.730555e-16
    outer loop
      vertex   2.672006e+01 1.075880e+01 -4.000000e+00
      vertex   2.672006e+01 1.075880e+01 9.984013e-15
      vertex   2.723704e+01 1.066216e+01 -4.000000e+00
    endloop
  endfacet
  facet normal 1.837495e-01 9.829731e-01 1.632024e-16
    outer loop
      vertex   2.723704e+01 1.066216e+01 -4.000000e+00
      vertex   2.672006e+01 1.075880e+01 9.984013e-15
      vertex   2.723704e+01 1.066216e+01 9.978375e-15
    endloop
  endfacet
  facet normal 0.000000e+00 1.000000e+00 -0.000000e+00
    outer loop
      vertex   2.723704e+01 1.066216e+01 -4.000000e+00
      vertex   2.723704e+01 1.066216e+01 9.978375e-15
      vertex   2.776296e+01 1.066216e+01 -4.000000e+00
    endloop
  endfacet
  facet normal 0.000000e+00 1.000000e+00 -0.000000e+00
    outer loop
      vertex   2.776296e+01 1.066216e+01 -4.000000e+00
      vertex   2.723704e+01 1.066216e+01 9.978375e-15
      vertex   2.776296e+01 1.066216e+01 1.003676e-14
    endloop
  endfacet
  facet normal -1.837495e-01 9.829731e-01 0.000000e+00
    outer loop
      vertex   2.776296e+01 1.066216e+01 -4.000000e+00
      vertex   2.776296e+01 1.066216e+01 1.003676e-14
      vertex   2.827994e+01 1.075880e+01 -4.000000e+00
    endloop
  endfacet
  facet normal -1.837495e-01 9.829731e-01 8.730555e-16
    outer loop
      vertex   2.827994e+01 1.075880e+01 -4.000000e+00
      vertex   2.776296e+01 1.066216e+01 1.003676e-14
      vertex   2.827994e+01 1.075880e+01 1.015719e-14
    endloop
  endfacet
  facet normal -3.612417e-01 9.324722e-01 8.282017e-16
    outer loop
      vertex   2.827994e+01 1.075880e+01 -4.000000e+00
      vertex   2.827994e+01 1.075880e+01 1.015719e-14
      vertex   2.877035e+01 1.094878e+01 -4.000000e+00
    endloop
  endfacet
  facet normal -3.612417e-01 9.324722e-01 8.282017e-16
    outer loop
      vertex   2.877035e+01 1.094878e+01 -4.000000e+00
      vertex   2.827994e+01 1.075880e+01 1.015719e-14
      vertex   2.877035e+01 1.094878e+01 1.033556e-14
    endloop
  endfacet
  facet normal -5.264322e-01 8.502171e-01 7.551445e-16
    outer loop
      vertex   2.877035e+01 1.094878e+01 -4.000000e+00
      vertex   2.877035e+01 1.094878e+01 1.033556e-14
      vertex   2.921751e+01 1.122565e+01 -4.000000e+00
    endloop
  endfacet
  facet normal -5.264322e-01 8.502171e-01 3.775723e-16
    outer loop
      vertex   2.921751e+01 1.122565e+01 -4.000000e+00
      vertex   2.877035e+01 1.094878e+01 1.033556e-14
      vertex   2.921751e+01 1.122565e+01 1.056579e-14
    endloop
  endfacet
  facet normal -6.736956e-01 7.390089e-01 3.281859e-16
    outer loop
      vertex   2.921751e+01 1.122565e+01 -4.000000e+00
      vertex   2.921751e+01 1.122565e+01 1.056579e-14
      vertex   2.960618e+01 1.157997e+01 -4.000000e+00
    endloop
  endfacet
  facet normal -6.736956e-01 7.390089e-01 6.563718e-16
    outer loop
      vertex   2.960618e+01 1.157997e+01 -4.000000e+00
      vertex   2.921751e+01 1.122565e+01 1.056579e-14
      vertex   2.960618e+01 1.157997e+01 1.084005e-14
    endloop
  endfacet
  facet normal -7.980172e-01 6.026346e-01 5.352471e-16
    outer loop
      vertex   2.960618e+01 1.157997e+01 -4.000000e+00
      vertex   2.960618e+01 1.157997e+01 1.084005e-14
      vertex   2.992312e+01 1.199967e+01 -4.000000e+00
    endloop
  endfacet
  facet normal -7.980172e-01 6.026346e-01 2.676235e-16
    outer loop
      vertex   2.992312e+01 1.199967e+01 -4.000000e+00
      vertex   2.960618e+01 1.157997e+01 1.084005e-14
      vertex   2.992312e+01 1.199967e+01 1.114899e-14
    endloop
  endfacet
  facet normal -8.951633e-01 4.457384e-01 1.979476e-16
    outer loop
      vertex   2.992312e+01 1.199967e+01 -4.000000e+00
      vertex   2.992312e+01 1.199967e+01 1.114899e-14
      vertex   3.015755e+01 1.247046e+01 -4.000000e+00
    endloop
  endfacet
  facet normal -8.951633e-01 4.457384e-01 1.979476e-16
    outer loop
      vertex   3.015755e+01 1.247046e+01 -4.000000e+00
      vertex   2.992312e+01 1.199967e+01 1.114899e-14
      vertex   3.015755e+01 1.247046e+01 1.148209e-14
    endloop
  endfacet
  facet normal -9.618256e-01 2.736630e-01 1.215308e-16
    outer loop
      vertex   3.015755e+01 1.247046e+01 -4.000000e+00
      vertex   3.015755e+01 1.247046e+01 1.148209e-14
      vertex   3.030147e+01 1.297631e+01 -4.000000e+00
    endloop
  endfacet
  facet normal -9.618256e-01 2.736630e-01 1.215308e-16
    outer loop
      vertex   3.030147e+01 1.297631e+01 -4.000000e+00
      vertex   3.015755e+01 1.247046e+01 1.148209e-14
      vertex   3.030147e+01 1.297631e+01 1.182802e-14
    endloop
  endfacet
  facet normal -9.957342e-01 9.226836e-02 4.097538e-17
    outer loop
      vertex   -2.469853e+01 1.297631e+01 -4.000000e+00
      vertex   -2.469853e+01 1.297631e+01 5.721792e-15
      vertex   -2.465000e+01 1.350000e+01 -4.000000e+00
    endloop
  endfacet
  facet normal -9.957342e-01 9.226836e-02 4.097538e-17
    outer loop
      vertex   -2.465000e+01 1.350000e+01 -4.000000e+00
      vertex   -2.469853e+01 1.297631e+01 5.721792e-15
      vertex   -2.465000e+01 1.350000e+01 6.068757e-15
    endloop
  endfacet
  facet normal -9.957342e-01 -9.226836e-02 -4.097538e-17
    outer loop
      vertex   -2.465000e+01 1.350000e+01 -4.000000e+00
      vertex   -2.465000e+01 1.350000e+01 6.068757e-15
      vertex   -2.469853e+01 1.402369e+01 -4.000000e+00
    endloop
  endfacet
  facet normal -9.957342e-01 -9.226836e-02 -4.097538e-17
    outer loop
      vertex   -2.469853e+01 1.402369e+01 -4.000000e+00
      vertex   -2.465000e+01 1.350000e+01 6.068757e-15
      vertex   -2.469853e+01 1.402369e+01 6.404946e-15
    endloop
  endfacet
  facet normal -9.618256e-01 -2.736630e-01 -1.215308e-16
    outer loop
      vertex   -2.469853e+01 1.402369e+01 -4.000000e+00
      vertex   -2.469853e+01 1.402369e+01 6.404946e-15
      vertex   -2.484245e+01 1.452954e+01 -4.000000e+00
    endloop
  endfacet
  facet normal -9.618256e-01 -2.736630e-01 -1.215308e-16
    outer loop
      vertex   -2.484245e+01 1.452954e+01 -4.000000e+00
      vertex   -2.469853e+01 1.402369e+01 6.404946e-15
      vertex   -2.484245e+01 1.452954e+01 6.718913e-15
    endloop
  endfacet
  facet normal -8.951633e-01 -4.457384e-01 -1.979476e-16
    outer loop
      vertex   -2.484245e+01 1.452954e+01 -4.000000e+00
      vertex   -2.484245e+01 1.452954e+01 6.718913e-15
      vertex   -2.507688e+01 1.500033e+01 -4.000000e+00
    endloop
  endfacet
  facet normal -8.951633e-01 -4.457384e-01 -1.979476e-16
    outer loop
      vertex   -2.507688e+01 1.500033e+01 -4.000000e+00
      vertex   -2.484245e+01 1.452954e+01 6.718913e-15
      vertex   -2.507688e+01 1.500033e+01 6.999964e-15
    endloop
  endfacet
  facet normal -7.980172e-01 -6.026346e-01 -2.676235e-16
    outer loop
      vertex   -2.507688e+01 1.500033e+01 -4.000000e+00
      vertex   -2.507688e+01 1.500033e+01 6.999964e-15
      vertex   -2.539382e+01 1.542003e+01 -4.000000e+00
    endloop
  endfacet
  facet normal -7.980172e-01 -6.026346e-01 -8.028706e-16
    outer loop
      vertex   -2.539382e+01 1.542003e+01 -4.000000e+00
      vertex   -2.507688e+01 1.500033e+01 6.999964e-15
      vertex   -2.539382e+01 1.542003e+01 7.238528e-15
    endloop
  endfacet
  facet normal -6.736956e-01 -7.390089e-01 -9.845577e-16
    outer loop
      vertex   -2.539382e+01 1.542003e+01 -4.000000e+00
      vertex   -2.539382e+01 1.542003e+01 7.238528e-15
      vertex   -2.578249e+01 1.577435e+01 -4.000000e+00
    endloop
  endfacet
  facet normal -6.736956e-01 -7.390089e-01 -6.563718e-16
    outer loop
      vertex   -2.578249e+01 1.577435e+01 -4.000000e+00
      vertex   -2.539382e+01 1.542003e+01 7.238528e-15
      vertex   -2.578249e+01 1.577435e+01 7.426483e-15
    endloop
  endfacet
  facet normal -5.264322e-01 -8.502171e-01 -7.551445e-16
    outer loop
      vertex   -2.578249e+01 1.577435e+01 -4.000000e+00
      vertex   -2.578249e+01 1.577435e+01 7.426483e-15
      vertex   -2.622965e+01 1.605122e+01 -4.000000e+00
    endloop
  endfacet
  facet normal -5.264322e-01 -8.502171e-01 -7.551445e-16
    outer loop
      vertex   -2.622965e+01 1.605122e+01 -4.000000e+00
      vertex   -2.578249e+01 1.577435e+01 7.426483e-15
      vertex   -2.622965e+01 1.605122e+01 7.557426e-15
    endloop
  endfacet
  facet normal -3.612417e-01 -9.324722e-01 -8.282017e-16
    outer loop
      vertex   -2.622965e+01 1.605122e+01 -4.000000e+00
      vertex   -2.622965e+01 1.605122e+01 7.557426e-15
      vertex   -2.672006e+01 1.624120e+01 -4.000000e+00
    endloop
  endfacet
  facet normal -3.612417e-01 -9.324722e-01 -8.282017e-16
    outer loop
      vertex   -2.672006e+01 1.624120e+01 -4.000000e+00
      vertex   -2.622965e+01 1.605122e+01 7.557426e-15
      vertex   -2.672006e+01 1.624120e+01 7.626900e-15
    endloop
  endfacet
  facet normal -1.837495e-01 -9.829731e-01 -8.730555e-16
    outer loop
      vertex   -2.672006e+01 1.624120e+01 -4.000000e+00
      vertex   -2.672006e+01 1.624120e+01 7.626900e-15
      vertex   -2.723704e+01 1.633784e+01 -4.000000e+00
    endloop
  endfacet
  facet normal -1.837495e-01 -9.829731e-01 -8.730555e-16
    outer loop
      vertex   -2.723704e+01 1.633784e+01 -4.000000e+00
      vertex   -2.672006e+01 1.624120e+01 7.626900e-15
      vertex   -2.723704e+01 1.633784e+01 7.632538e-15
    endloop
  endfacet
  facet normal 6.755112e-15 -1.000000e+00 -8.881784e-16
    outer loop
      vertex   -2.723704e+01 1.633784e+01 -4.000000e+00
      vertex   -2.723704e+01 1.633784e+01 7.632538e-15
      vertex   -2.776296e+01 1.633784e+01 -4.000000e+00
    endloop
  endfacet
  facet normal 0.000000e+00 -1.000000e+00 0.000000e+00
    outer loop
      vertex   -2.776296e+01 1.633784e+01 -4.000000e+00
      vertex   -2.723704e+01 1.633784e+01 7.632538e-15
      vertex   -2.776296e+01 1.633784e+01 7.574148e-15
    endloop
  endfacet
  facet normal 1.837495e-01 -9.829731e-01 -1.632024e-16
    outer loop
      vertex   -2.776296e+01 1.633784e+01 -4.000000e+00
      vertex   -2.776296e+01 1.633784e+01 7.574148e-15
      vertex   -2.827994e+01 1.624120e+01 -4.000000e+00
    endloop
  endfacet
  facet normal 1.837495e-01 -9.829731e-01 -8.730555e-16
    outer loop
      vertex   -2.827994e+01 1.624120e+01 -4.000000e+00
      vertex   -2.776296e+01 1.633784e+01 7.574148e-15
      vertex   -2.827994e+01 1.624120e+01 7.453719e-15
    endloop
  endfacet
  facet normal 3.612417e-01 -9.324722e-01 -8.282017e-16
    outer loop
      vertex   -2.827994e+01 1.624120e+01 -4.000000e+00
      vertex   -2.827994e+01 1.624120e+01 7.453719e-15
      vertex   -2.877035e+01 1.605122e+01 -4.000000e+00
    endloop
  endfacet
  facet normal 3.612417e-01 -9.324722e-01 -8.282017e-16
    outer loop
      vertex   -2.877035e+01 1.605122e+01 -4.000000e+00
      vertex   -2.827994e+01 1.624120e+01 7.453719e-15
      vertex   -2.877035e+01 1.605122e+01 7.275351e-15
    endloop
  endfacet
  facet normal 5.264322e-01 -8.502171e-01 -7.551445e-16
    outer loop
      vertex   -2.877035e+01 1.605122e+01 -4.000000e+00
      vertex   -2.877035e+01 1.605122e+01 7.275351e-15
      vertex   -2.921751e+01 1.577435e+01 -4.000000e+00
    endloop
  endfacet
  facet normal 5.264322e-01 -8.502171e-01 -7.551445e-16
    outer loop
      vertex   -2.921751e+01 1.577435e+01 -4.000000e+00
      vertex   -2.877035e+01 1.605122e+01 7.275351e-15
      vertex   -2.921751e+01 1.577435e+01 7.045119e-15
    endloop
  endfacet
  facet normal 6.736956e-01 -7.390089e-01 -6.563718e-16
    outer loop
      vertex   -2.921751e+01 1.577435e+01 -4.000000e+00
      vertex   -2.921751e+01 1.577435e+01 7.045119e-15
      vertex   -2.960618e+01 1.542003e+01 -4.000000e+00
    endloop
  endfacet
  facet normal 6.736956e-01 -7.390089e-01 -3.281859e-16
    outer loop
      vertex   -2.960618e+01 1.542003e+01 -4.000000e+00
      vertex   -2.921751e+01 1.577435e+01 7.045119e-15
      vertex   -2.960618e+01 1.542003e+01 6.770863e-15
    endloop
  endfacet
  facet normal 7.980172e-01 -6.026346e-01 -2.676235e-16
    outer loop
      vertex   -2.960618e+01 1.542003e+01 -4.000000e+00
      vertex   -2.960618e+01 1.542003e+01 6.770863e-15
      vertex   -2.992312e+01 1.500033e+01 -4.000000e+00
    endloop
  endfacet
  facet normal 7.980172e-01 -6.026346e-01 -2.676235e-16
    outer loop
      vertex   -2.992312e+01 1.500033e+01 -4.000000e+00
      vertex   -2.960618e+01 1.542003e+01 6.770863e-15
      vertex   -2.992312e+01 1.500033e+01 6.461923e-15
    endloop
  endfacet
  facet normal 8.951633e-01 -4.457384e-01 -1.979476e-16
    outer loop
      vertex   -2.992312e+01 1.500033e+01 -4.000000e+00
      vertex   -2.992312e+01 1.500033e+01 6.461923e-15
      vertex   -3.015755e+01 1.452954e+01 -4.000000e+00
    endloop
  endfacet
  facet normal 8.951633e-01 -4.457384e-01 0.000000e+00
    outer loop
      vertex   -3.015755e+01 1.452954e+01 -4.000000e+00
      vertex   -2.992312e+01 1.500033e+01 6.461923e-15
      vertex   -3.015755e+01 1.452954e+01 6.128819e-15
    endloop
  endfacet
  facet normal 9.618256e-01 -2.736630e-01 0.000000e+00
    outer loop
      vertex   -3.015755e+01 1.452954e+01 -4.000000e+00
      vertex   -3.015755e+01 1.452954e+01 6.128819e-15
      vertex   -3.030147e+01 1.402369e+01 -4.000000e+00
    endloop
  endfacet
  facet normal 9.618256e-01 -2.736630e-01 -1.215308e-16
    outer loop
      vertex   -3.030147e+01 1.402369e+01 -4.000000e+00
      vertex   -3.015755e+01 1.452954e+01 6.128819e-15
      vertex   -3.030147e+01 1.402369e+01 5.782894e-15
    endloop
  endfacet
  facet normal 9.957342e-01 -9.226836e-02 -4.097538e-17
    outer loop
      vertex   -3.030147e+01 1.402369e+01 -4.000000e+00
      vertex   -3.030147e+01 1.402369e+01 5.782894e-15
      vertex   -3.035000e+01 1.350000e+01 -4.000000e+00
    endloop
  endfacet
  facet normal 9.957342e-01 -9.226836e-02 -4.097538e-17
    outer loop
      vertex   -3.035000e+01 1.350000e+01 -4.000000e+00
      vertex   -3.030147e+01 1.402369e+01 5.782894e-15
      vertex   -3.035000e+01 1.350000e+01 5.435929e-15
    endloop
  endfacet
  facet normal 9.957342e-01 9.226836e-02 4.097538e-17
    outer loop
      vertex   -3.035000e+01 1.350000e+01 -4.000000e+00
      vertex   -3.035000e+01 1.350000e+01 5.435929e-15
      vertex   -3.030147e+01 1.297631e+01 -4.000000e+00
    endloop
  endfacet
  facet normal 9.957342e-01 9.226836e-02 4.097538e-17
    outer loop
      vertex   -3.030147e+01 1.297631e+01 -4.000000e+00
      vertex   -3.035000e+01 1.350000e+01 5.435929e-15
      vertex   -3.030147e+01 1.297631e+01 5.099740e-15
    endloop
  endfacet
  facet normal 9.618256e-01 2.736630e-01 1.215308e-16
    outer loop
      vertex   -3.030147e+01 1.297631e+01 -4.000000e+00
      vertex   -3.030147e+01 1.297631e+01 5.099740e-15
      vertex   -3.015755e+01 1.247046e+01 -4.000000e+00
    endloop
  endfacet
  facet normal 9.618256e-01 2.736630e-01 -0.000000e+00
    outer loop
      vertex   -3.015755e+01 1.247046e+01 -4.000000e+00
      vertex   -3.030147e+01 1.297631e+01 5.099740e-15
      vertex   -3.015755e+01 1.247046e+01 4.785773e-15
    endloop
  endfacet
  facet normal 8.951633e-01 4.457384e-01 -0.000000e+00
    outer loop
      vertex   -3.015755e+01 1.247046e+01 -4.000000e+00
      vertex   -3.015755e+01 1.247046e+01 4.785773e-15
      vertex   -2.992312e+01 1.199967e+01 -4.000000e+00
    endloop
  endfacet
  facet normal 8.951633e-01 4.457384e-01 3.958952e-16
    outer loop
      vertex   -2.992312e+01 1.199967e+01 -4.000000e+00
      vertex   -3.015755e+01 1.247046e+01 4.785773e-15
      vertex   -2.992312e+01 1.199967e+01 4.504722e-15
    endloop
  endfacet
  facet normal 7.980172e-01 6.026346e-01 5.352471e-16
    outer loop
      vertex   -2.992312e+01 1.199967e+01 -4.000000e+00
      vertex   -2.992312e+01 1.199967e+01 4.504722e-15
      vertex   -2.960618e+01 1.157997e+01 -4.000000e+00
    endloop
  endfacet
  facet normal 7.980172e-01 6.026346e-01 2.676235e-16
    outer loop
      vertex   -2.960618e+01 1.157997e+01 -4.000000e+00
      vertex   -2.992312e+01 1.199967e+01 4.504722e-15
      vertex   -2.960618e+01 1.157997e+01 4.266158e-15
    endloop
  endfacet
  facet normal 6.736956e-01 7.390089e-01 3.281859e-16
    outer loop
      vertex   -2.960618e+01 1.157997e+01 -4.000000e+00
      vertex   -2.960618e+01 1.157997e+01 4.266158e-15
      vertex   -2.921751e+01 1.122565e+01 -4.000000e+00
    endloop
  endfacet
  facet normal 6.736956e-01 7.390089e-01 6.563718e-16
    outer loop
      vertex   -2.921751e+01 1.122565e+01 -4.000000e+00
      vertex   -2.960618e+01 1.157997e+01 4.266158e-15
      vertex   -2.921751e+01 1.122565e+01 4.078203e-15
    endloop
  endfacet
  facet normal 5.264322e-01 8.502171e-01 7.551445e-16
    outer loop
      vertex   -2.921751e+01 1.122565e+01 -4.000000e+00
      vertex   -2.921751e+01 1.122565e+01 4.078203e-15
      vertex   -2.877035e+01 1.094878e+01 -4.000000e+00
    endloop
  endfacet
  facet normal 5.264322e-01 8.502171e-01 3.775723e-16
    outer loop
      vertex   -2.877035e+01 1.094878e+01 -4.000000e+00
      vertex   -2.921751e+01 1.122565e+01 4.078203e-15
      vertex   -2.877035e+01 1.094878e+01 3.947260e-15
    endloop
  endfacet
  facet normal 3.612417e-01 9.324722e-01 4.141009e-16
    outer loop
      vertex   -2.877035e+01 1.094878e+01 -4.000000e+00
      vertex   -2.877035e+01 1.094878e+01 3.947260e-15
      vertex   -2.827994e+01 1.075880e+01 -4.000000e+00
    endloop
  endfacet
  facet normal 3.612417e-01 9.324722e-01 4.141009e-16
    outer loop
      vertex   -2.827994e+01 1.075880e+01 -4.000000e+00
      vertex   -2.877035e+01 1.094878e+01 3.947260e-15
      vertex   -2.827994e+01 1.075880e+01 3.877786e-15
    endloop
  endfacet
  facet normal 1.837495e-01 9.829731e-01 4.365277e-16
    outer loop
      vertex   -2.827994e+01 1.075880e+01 -4.000000e+00
      vertex   -2.827994e+01 1.075880e+01 3.877786e-15
      vertex   -2.776296e+01 1.066216e+01 -4.000000e+00
    endloop
  endfacet
  facet normal 1.837495e-01 9.829731e-01 1.632024e-16
    outer loop
      vertex   -2.776296e+01 1.066216e+01 -4.000000e+00
      vertex   -2.827994e+01 1.075880e+01 3.877786e-15
      vertex   -2.776296e+01 1.066216e+01 3.872148e-15
    endloop
  endfacet
  facet normal 0.000000e+00 1.000000e+00 -0.000000e+00
    outer loop
      vertex   -2.776296e+01 1.066216e+01 -4.000000e+00
      vertex   -2.776296e+01 1.066216e+01 3.872148e-15
      vertex   -2.723704e+01 1.066216e+01 -4.000000e+00
    endloop
  endfacet
  facet normal 0.000000e+00 1.000000e+00 -0.000000e+00
    outer loop
      vertex   -2.723704e+01 1.066216e+01 -4.000000e+00
      vertex   -2.776296e+01 1.066216e+01 3.872148e-15
      vertex   -2.723704e+01 1.066216e+01 3.930538e-15
    endloop
  endfacet
  facet normal -1.837495e-01 9.829731e-01 0.000000e+00
    outer loop
      vertex   -2.723704e+01 1.066216e+01 -4.000000e+00
      vertex   -2.723704e+01 1.066216e+01 3.930538e-15
      vertex   -2.672006e+01 1.075880e+01 -4.000000e+00
    endloop
  endfacet
  facet normal -1.837495e-01 9.829731e-01 4.365277e-16
    outer loop
      vertex   -2.672006e+01 1.075880e+01 -4.000000e+00
      vertex   -2.723704e+01 1.066216e+01 3.930538e-15
      vertex   -2.672006e+01 1.075880e+01 4.050967e-15
    endloop
  endfacet
  facet normal -3.612417e-01 9.324722e-01 4.141009e-16
    outer loop
      vertex   -2.672006e+01 1.075880e+01 -4.000000e+00
      vertex   -2.672006e+01 1.075880e+01 4.050967e-15
      vertex   -2.622965e+01 1.094878e+01 -4.000000e+00
    endloop
  endfacet
  facet normal -3.612417e-01 9.324722e-01 4.141009e-16
    outer loop
      vertex   -2.622965e+01 1.094878e+01 -4.000000e+00
      vertex   -2.672006e+01 1.075880e+01 4.050967e-15
      vertex   -2.622965e+01 1.094878e+01 4.229335e-15
    endloop
  endfacet
  facet normal -5.264322e-01 8.502171e-01 3.775723e-16
    outer loop
      vertex   -2.622965e+01 1.094878e+01 -4.000000e+00
      vertex   -2.622965e+01 1.094878e+01 4.229335e-15
      vertex   -2.578249e+01 1.122565e+01 -4.000000e+00
    endloop
  endfacet
  facet normal -5.264322e-01 8.502171e-01 7.551445e-16
    outer loop
      vertex   -2.578249e+01 1.122565e+01 -4.000000e+00
      vertex   -2.622965e+01 1.094878e+01 4.229335e-15
      vertex   -2.578249e+01 1.122565e+01 4.459567e-15
    endloop
  endfacet
  facet normal -6.736956e-01 7.390089e-01 6.563718e-16
    outer loop
      vertex   -2.578249e+01 1.122565e+01 -4.000000e+00
      vertex   -2.578249e+01 1.122565e+01 4.459567e-15
      vertex   -2.539382e+01 1.157997e+01 -4.000000e+00
    endloop
  endfacet
  facet normal -6.736956e-01 7.390089e-01 9.845577e-16
    outer loop
      vertex   -2.539382e+01 1.157997e+01 -4.000000e+00
      vertex   -2.578249e+01 1.122565e+01 4.459567e-15
      vertex   -2.539382e+01 1.157997e+01 4.733823e-15
    endloop
  endfacet
  facet normal -7.980172e-01 6.026346e-01 8.028706e-16
    outer loop
      vertex   -2.539382e+01 1.157997e+01 -4.000000e+00
      vertex   -2.539382e+01 1.157997e+01 4.733823e-15
      vertex   -2.507688e+01 1.199967e+01 -4.000000e+00
    endloop
  endfacet
  facet normal -7.980172e-01 6.026346e-01 5.352471e-16
    outer loop
      vertex   -2.507688e+01 1.199967e+01 -4.000000e+00
      vertex   -2.539382e+01 1.157997e+01 4.733823e-15
      vertex   -2.507688e+01 1.199967e+01 5.042763e-15
    endloop
  endfacet
  facet normal -8.951633e-01 4.457384e-01 3.958952e-16
    outer loop
      vertex   -2.507688e+01 1.199967e+01 -4.000000e+00
      vertex   -2.507688e+01 1.199967e+01 5.042763e-15
      vertex   -2.484245e+01 1.247046e+01 -4.000000e+00
    endloop
  endfacet
  facet normal -8.951633e-01 4.457384e-01 3.958952e-16
    outer loop
      vertex   -2.484245e+01 1.247046e+01 -4.000000e+00
      vertex   -2.507688e+01 1.199967e+01 5.042763e-15
      vertex   -2.484245e+01 1.247046e+01 5.375867e-15
    endloop
  endfacet
  facet normal -9.618256e-01 2.736630e-01 2.430616e-16
    outer loop
      vertex   -2.484245e+01 1.247046e+01 -4.000000e+00
      vertex   -2.484245e+01 1.247046e+01 5.375867e-15
      vertex   -2.469853e+01 1.297631e+01 -4.000000e+00
    endloop
  endfacet
  facet normal -9.618256e-01 2.736630e-01 1.215308e-16
    outer loop
      vertex   -2.469853e+01 1.297631e+01 -4.000000e+00
      vertex   -2.484245e+01 1.247046e+01 5.375867e-15
      vertex   -2.469853e+01 1.297631e+01 5.721792e-15
    endloop
  endfacet
  facet normal -9.957342e-01 9.226836e-02 8.195077e-17
    outer loop
      vertex   3.030147e+01 -1.402369e+01 -4.000000e+00
      vertex   3.030147e+01 -1.402369e+01 -5.782894e-15
      vertex   3.035000e+01 -1.350000e+01 -4.000000e+00
    endloop
  endfacet
  facet normal -9.957342e-01 9.226836e-02 8.195077e-17
    outer loop
      vertex   3.035000e+01 -1.350000e+01 -4.000000e+00
      vertex   3.030147e+01 -1.402369e+01 -5.782894e-15
      vertex   3.035000e+01 -1.350000e+01 -5.435929e-15
    endloop
  endfacet
  facet normal -9.957342e-01 -9.226836e-02 -8.195077e-17
    outer loop
      vertex   3.035000e+01 -1.350000e+01 -4.000000e+00
      vertex   3.035000e+01 -1.350000e+01 -5.435929e-15
      vertex   3.030147e+01 -1.297631e+01 -4.000000e+00
    endloop
  endfacet
  facet normal -9.957342e-01 -9.226836e-02 -4.097538e-17
    outer loop
      vertex   3.030147e+01 -1.297631e+01 -4.000000e+00
      vertex   3.035000e+01 -1.350000e+01 -5.435929e-15
      vertex   3.030147e+01 -1.297631e+01 -5.099740e-15
    endloop
  endfacet
  facet normal -9.618256e-01 -2.736630e-01 -1.215308e-16
    outer loop
      vertex   3.030147e+01 -1.297631e+01 -4.000000e+00
      vertex   3.030147e+01 -1.297631e+01 -5.099740e-15
      vertex   3.015755e+01 -1.247046e+01 -4.000000e+00
    endloop
  endfacet
  facet normal -9.618256e-01 -2.736630e-01 -1.215308e-16
    outer loop
      vertex   3.015755e+01 -1.247046e+01 -4.000000e+00
      vertex   3.030147e+01 -1.297631e+01 -5.099740e-15
      vertex   3.015755e+01 -1.247046e+01 -4.785773e-15
    endloop
  endfacet
  facet normal -8.951633e-01 -4.457384e-01 -1.979476e-16
    outer loop
      vertex   3.015755e+01 -1.247046e+01 -4.000000e+00
      vertex   3.015755e+01 -1.247046e+01 -4.785773e-15
      vertex   2.992312e+01 -1.199967e+01 -4.000000e+00
    endloop
  endfacet
  facet normal -8.951633e-01 -4.457384e-01 -1.979476e-16
    outer loop
      vertex   2.992312e+01 -1.199967e+01 -4.000000e+00
      vertex   3.015755e+01 -1.247046e+01 -4.785773e-15
      vertex   2.992312e+01 -1.199967e+01 -4.504722e-15
    endloop
  endfacet
  facet normal -7.980172e-01 -6.026346e-01 -2.676235e-16
    outer loop
      vertex   2.992312e+01 -1.199967e+01 -4.000000e+00
      vertex   2.992312e+01 -1.199967e+01 -4.504722e-15
      vertex   2.960618e+01 -1.157997e+01 -4.000000e+00
    endloop
  endfacet
  facet normal -7.980172e-01 -6.026346e-01 -5.352471e-16
    outer loop
      vertex   2.960618e+01 -1.157997e+01 -4.000000e+00
      vertex   2.992312e+01 -1.199967e+01 -4.504722e-15
      vertex   2.960618e+01 -1.157997e+01 -4.266158e-15
    endloop
  endfacet
  facet normal -6.736956e-01 -7.390089e-01 -6.563718e-16
    outer loop
      vertex   2.960618e+01 -1.157997e+01 -4.000000e+00
      vertex   2.960618e+01 -1.157997e+01 -4.266158e-15
      vertex   2.921751e+01 -1.122565e+01 -4.000000e+00
    endloop
  endfacet
  facet normal -6.736956e-01 -7.390089e-01 -3.281859e-16
    outer loop
      vertex   2.921751e+01 -1.122565e+01 -4.000000e+00
      vertex   2.960618e+01 -1.157997e+01 -4.266158e-15
      vertex   2.921751e+01 -1.122565e+01 -4.078203e-15
    endloop
  endfacet
  facet normal -5.264322e-01 -8.502171e-01 -3.775723e-16
    outer loop
      vertex   2.921751e+01 -1.122565e+01 -4.000000e+00
      vertex   2.921751e+01 -1.122565e+01 -4.078203e-15
      vertex   2.877035e+01 -1.094878e+01 -4.000000e+00
    endloop
  endfacet
  facet normal -5.264322e-01 -8.502171e-01 -3.775723e-16
    outer loop
      vertex   2.877035e+01 -1.094878e+01 -4.000000e+00
      vertex   2.921751e+01 -1.122565e+01 -4.078203e-15
      vertex   2.877035e+01 -1.094878e+01 -3.947260e-15
    endloop
  endfacet
  facet normal -3.612417e-01 -9.324722e-01 -4.141009e-16
    outer loop
      vertex   2.877035e+01 -1.094878e+01 -4.000000e+00
      vertex   2.877035e+01 -1.094878e+01 -3.947260e-15
      vertex   2.827994e+01 -1.075880e+01 -4.000000e+00
    endloop
  endfacet
  facet normal -3.612417e-01 -9.324722e-01 -4.141009e-16
    outer loop
      vertex   2.827994e+01 -1.075880e+01 -4.000000e+00
      vertex   2.877035e+01 -1.094878e+01 -3.947260e-15
      vertex   2.827994e+01 -1.075880e+01 -3.877786e-15
    endloop
  endfacet
  facet normal -1.837495e-01 -9.829731e-01 -4.365277e-16
    outer loop
      vertex   2.827994e+01 -1.075880e+01 -4.000000e+00
      vertex   2.827994e+01 -1.075880e+01 -3.877786e-15
      vertex   2.776296e+01 -1.066216e+01 -4.000000e+00
    endloop
  endfacet
  facet normal -1.837495e-01 -9.829731e-01 -1.309583e-15
    outer loop
      vertex   2.776296e+01 -1.066216e+01 -4.000000e+00
      vertex   2.827994e+01 -1.075880e+01 -3.877786e-15
      vertex   2.776296e+01 -1.066216e+01 -3.872148e-15
    endloop
  endfacet
  facet normal 3.377556e-15 -1.000000e+00 -1.332268e-15
    outer loop
      vertex   2.776296e+01 -1.066216e+01 -4.000000e+00
      vertex   2.776296e+01 -1.066216e+01 -3.872148e-15
      vertex   2.723704e+01 -1.066216e+01 -4.000000e+00
    endloop
  endfacet
  facet normal 0.000000e+00 -1.000000e+00 -8.881784e-16
    outer loop
      vertex   2.723704e+01 -1.066216e+01 -4.000000e+00
      vertex   2.776296e+01 -1.066216e+01 -3.872148e-15
      vertex   2.723704e+01 -1.066216e+01 -3.930538e-15
    endloop
  endfacet
  facet normal 1.837495e-01 -9.829731e-01 -1.036258e-15
    outer loop
      vertex   2.723704e+01 -1.066216e+01 -4.000000e+00
      vertex   2.723704e+01 -1.066216e+01 -3.930538e-15
      vertex   2.672006e+01 -1.075880e+01 -4.000000e+00
    endloop
  endfacet
  facet normal 1.837495e-01 -9.829731e-01 -4.365277e-16
    outer loop
      vertex   2.672006e+01 -1.075880e+01 -4.000000e+00
      vertex   2.723704e+01 -1.066216e+01 -3.930538e-15
      vertex   2.672006e+01 -1.075880e+01 -4.050967e-15
    endloop
  endfacet
  facet normal 3.612417e-01 -9.324722e-01 -4.141009e-16
    outer loop
      vertex   2.672006e+01 -1.075880e+01 -4.000000e+00
      vertex   2.672006e+01 -1.075880e+01 -4.050967e-15
      vertex   2.622965e+01 -1.094878e+01 -4.000000e+00
    endloop
  endfacet
  facet normal 3.612417e-01 -9.324722e-01 -4.141009e-16
    outer loop
      vertex   2.622965e+01 -1.094878e+01 -4.000000e+00
      vertex   2.672006e+01 -1.075880e+01 -4.050967e-15
      vertex   2.622965e+01 -1.094878e+01 -4.229335e-15
    endloop
  endfacet
  facet normal 5.264322e-01 -8.502171e-01 -3.775723e-16
    outer loop
      vertex   2.622965e+01 -1.094878e+01 -4.000000e+00
      vertex   2.622965e+01 -1.094878e+01 -4.229335e-15
      vertex   2.578249e+01 -1.122565e+01 -4.000000e+00
    endloop
  endfacet
  facet normal 5.264322e-01 -8.502171e-01 -3.775723e-16
    outer loop
      vertex   2.578249e+01 -1.122565e+01 -4.000000e+00
      vertex   2.622965e+01 -1.094878e+01 -4.229335e-15
      vertex   2.578249e+01 -1.122565e+01 -4.459567e-15
    endloop
  endfacet
  facet normal 6.736956e-01 -7.390089e-01 -3.281859e-16
    outer loop
      vertex   2.578249e+01 -1.122565e+01 -4.000000e+00
      vertex   2.578249e+01 -1.122565e+01 -4.459567e-15
      vertex   2.539382e+01 -1.157997e+01 -4.000000e+00
    endloop
  endfacet
  facet normal 6.736956e-01 -7.390089e-01 -3.281859e-16
    outer loop
      vertex   2.539382e+01 -1.157997e+01 -4.000000e+00
      vertex   2.578249e+01 -1.122565e+01 -4.459567e-15
      vertex   2.539382e+01 -1.157997e+01 -4.733823e-15
    endloop
  endfacet
  facet normal 7.980172e-01 -6.026346e-01 -2.676235e-16
    outer loop
      vertex   2.539382e+01 -1.157997e+01 -4.000000e+00
      vertex   2.539382e+01 -1.157997e+01 -4.733823e-15
      vertex   2.507688e+01 -1.199967e+01 -4.000000e+00
    endloop
  endfacet
  facet normal 7.980172e-01 -6.026346e-01 -2.676235e-16
    outer loop
      vertex   2.507688e+01 -1.199967e+01 -4.000000e+00
      vertex   2.539382e+01 -1.157997e+01 -4.733823e-15
      vertex   2.507688e+01 -1.199967e+01 -5.042763e-15
    endloop
  endfacet
  facet normal 8.951633e-01 -4.457384e-01 -1.979476e-16
    outer loop
      vertex   2.507688e+01 -1.199967e+01 -4.000000e+00
      vertex   2.507688e+01 -1.199967e+01 -5.042763e-15
      vertex   2.484245e+01 -1.247046e+01 -4.000000e+00
    endloop
  endfacet
  facet normal 8.951633e-01 -4.457384e-01 0.000000e+00
    outer loop
      vertex   2.484245e+01 -1.247046e+01 -4.000000e+00
      vertex   2.507688e+01 -1.199967e+01 -5.042763e-15
      vertex   2.484245e+01 -1.247046e+01 -5.375867e-15
    endloop
  endfacet
  facet normal 9.618256e-01 -2.736630e-01 0.000000e+00
    outer loop
      vertex   2.484245e+01 -1.247046e+01 -4.000000e+00
      vertex   2.484245e+01 -1.247046e+01 -5.375867e-15
      vertex   2.469853e+01 -1.297631e+01 -4.000000e+00
    endloop
  endfacet
  facet normal 9.618256e-01 -2.736630e-01 -1.215308e-16
    outer loop
      vertex   2.469853e+01 -1.297631e+01 -4.000000e+00
      vertex   2.484245e+01 -1.247046e+01 -5.375867e-15
      vertex   2.469853e+01 -1.297631e+01 -5.721792e-15
    endloop
  endfacet
  facet normal 9.957342e-01 -9.226836e-02 -4.097538e-17
    outer loop
      vertex   2.469853e+01 -1.297631e+01 -4.000000e+00
      vertex   2.469853e+01 -1.297631e+01 -5.721792e-15
      vertex   2.465000e+01 -1.350000e+01 -4.000000e+00
    endloop
  endfacet
  facet normal 9.957342e-01 -9.226836e-02 -8.195077e-17
    outer loop
      vertex   2.465000e+01 -1.350000e+01 -4.000000e+00
      vertex   2.469853e+01 -1.297631e+01 -5.721792e-15
      vertex   2.465000e+01 -1.350000e+01 -6.068757e-15
    endloop
  endfacet
  facet normal 9.957342e-01 9.226836e-02 8.195077e-17
    outer loop
      vertex   2.465000e+01 -1.350000e+01 -4.000000e+00
      vertex   2.465000e+01 -1.350000e+01 -6.068757e-15
      vertex   2.469853e+01 -1.402369e+01 -4.000000e+00
    endloop
  endfacet
  facet normal 9.957342e-01 9.226836e-02 8.195077e-17
    outer loop
      vertex   2.469853e+01 -1.402369e+01 -4.000000e+00
      vertex   2.465000e+01 -1.350000e+01 -6.068757e-15
      vertex   2.469853e+01 -1.402369e+01 -6.404946e-15
    endloop
  endfacet
  facet normal 9.618256e-01 2.736630e-01 2.430616e-16
    outer loop
      vertex   2.469853e+01 -1.402369e+01 -4.000000e+00
      vertex   2.469853e+01 -1.402369e+01 -6.404946e-15
      vertex   2.484245e+01 -1.452954e+01 -4.000000e+00
    endloop
  endfacet
  facet normal 9.618256e-01 2.736630e-01 -0.000000e+00
    outer loop
      vertex   2.484245e+01 -1.452954e+01 -4.000000e+00
      vertex   2.469853e+01 -1.402369e+01 -6.404946e-15
      vertex   2.484245e+01 -1.452954e+01 -6.718913e-15
    endloop
  endfacet
  facet normal 8.951633e-01 4.457384e-01 -0.000000e+00
    outer loop
      vertex   2.484245e+01 -1.452954e+01 -4.000000e+00
      vertex   2.484245e+01 -1.452954e+01 -6.718913e-15
      vertex   2.507688e+01 -1.500033e+01 -4.000000e+00
    endloop
  endfacet
  facet normal 8.951633e-01 4.457384e-01 1.979476e-16
    outer loop
      vertex   2.507688e+01 -1.500033e+01 -4.000000e+00
      vertex   2.484245e+01 -1.452954e+01 -6.718913e-15
      vertex   2.507688e+01 -1.500033e+01 -6.999964e-15
    endloop
  endfacet
  facet normal 7.980172e-01 6.026346e-01 2.676235e-16
    outer loop
      vertex   2.507688e+01 -1.500033e+01 -4.000000e+00
      vertex   2.507688e+01 -1.500033e+01 -6.999964e-15
      vertex   2.539382e+01 -1.542003e+01 -4.000000e+00
    endloop
  endfacet
  facet normal 7.980172e-01 6.026346e-01 5.352471e-16
    outer loop
      vertex   2.539382e+01 -1.542003e+01 -4.000000e+00
      vertex   2.507688e+01 -1.500033e+01 -6.999964e-15
      vertex   2.539382e+01 -1.542003e+01 -7.238528e-15
    endloop
  endfacet
  facet normal 6.736956e-01 7.390089e-01 6.563718e-16
    outer loop
      vertex   2.539382e+01 -1.542003e+01 -4.000000e+00
      vertex   2.539382e+01 -1.542003e+01 -7.238528e-15
      vertex   2.578249e+01 -1.577435e+01 -4.000000e+00
    endloop
  endfacet
  facet normal 6.736956e-01 7.390089e-01 3.281859e-16
    outer loop
      vertex   2.578249e+01 -1.577435e+01 -4.000000e+00
      vertex   2.539382e+01 -1.542003e+01 -7.238528e-15
      vertex   2.578249e+01 -1.577435e+01 -7.426483e-15
    endloop
  endfacet
  facet normal 5.264322e-01 8.502171e-01 3.775723e-16
    outer loop
      vertex   2.578249e+01 -1.577435e+01 -4.000000e+00
      vertex   2.578249e+01 -1.577435e+01 -7.426483e-15
      vertex   2.622965e+01 -1.605122e+01 -4.000000e+00
    endloop
  endfacet
  facet normal 5.264322e-01 8.502171e-01 7.551445e-16
    outer loop
      vertex   2.622965e+01 -1.605122e+01 -4.000000e+00
      vertex   2.578249e+01 -1.577435e+01 -7.426483e-15
      vertex   2.622965e+01 -1.605122e+01 -7.557426e-15
    endloop
  endfacet
  facet normal 3.612417e-01 9.324722e-01 8.282017e-16
    outer loop
      vertex   2.622965e+01 -1.605122e+01 -4.000000e+00
      vertex   2.622965e+01 -1.605122e+01 -7.557426e-15
      vertex   2.672006e+01 -1.624120e+01 -4.000000e+00
    endloop
  endfacet
  facet normal 3.612417e-01 9.324722e-01 8.282017e-16
    outer loop
      vertex   2.672006e+01 -1.624120e+01 -4.000000e+00
      vertex   2.622965e+01 -1.605122e+01 -7.557426e-15
      vertex   2.672006e+01 -1.624120e+01 -7.626900e-15
    endloop
  endfacet
  facet normal 1.837495e-01 9.829731e-01 8.730555e-16
    outer loop
      vertex   2.672006e+01 -1.624120e+01 -4.000000e+00
      vertex   2.672006e+01 -1.624120e+01 -7.626900e-15
      vertex   2.723704e+01 -1.633784e+01 -4.000000e+00
    endloop
  endfacet
  facet normal 1.837495e-01 9.829731e-01 1.632024e-16
    outer loop
      vertex   2.723704e+01 -1.633784e+01 -4.000000e+00
      vertex   2.672006e+01 -1.624120e+01 -7.626900e-15
      vertex   2.723704e+01 -1.633784e+01 -7.632538e-15
    endloop
  endfacet
  facet normal 0.000000e+00 1.000000e+00 -0.000000e+00
    outer loop
      vertex   2.723704e+01 -1.633784e+01 -4.000000e+00
      vertex   2.723704e+01 -1.633784e+01 -7.632538e-15
      vertex   2.776296e+01 -1.633784e+01 -4.000000e+00
    endloop
  endfacet
  facet normal 0.000000e+00 1.000000e+00 -0.000000e+00
    outer loop
      vertex   2.776296e+01 -1.633784e+01 -4.000000e+00
      vertex   2.723704e+01 -1.633784e+01 -7.632538e-15
      vertex   2.776296e+01 -1.633784e+01 -7.574148e-15
    endloop
  endfacet
  facet normal -1.837495e-01 9.829731e-01 0.000000e+00
    outer loop
      vertex   2.776296e+01 -1.633784e+01 -4.000000e+00
      vertex   2.776296e+01 -1.633784e+01 -7.574148e-15
      vertex   2.827994e+01 -1.624120e+01 -4.000000e+00
    endloop
  endfacet
  facet normal -1.837495e-01 9.829731e-01 8.730555e-16
    outer loop
      vertex   2.827994e+01 -1.624120e+01 -4.000000e+00
      vertex   2.776296e+01 -1.633784e+01 -7.574148e-15
      vertex   2.827994e+01 -1.624120e+01 -7.453719e-15
    endloop
  endfacet
  facet normal -3.612417e-01 9.324722e-01 8.282017e-16
    outer loop
      vertex   2.827994e+01 -1.624120e+01 -4.000000e+00
      vertex   2.827994e+01 -1.624120e+01 -7.453719e-15
      vertex   2.877035e+01 -1.605122e+01 -4.000000e+00
    endloop
  endfacet
  facet normal -3.612417e-01 9.324722e-01 8.282017e-16
    outer loop
      vertex   2.877035e+01 -1.605122e+01 -4.000000e+00
      vertex   2.827994e+01 -1.624120e+01 -7.453719e-15
      vertex   2.877035e+01 -1.605122e+01 -7.275351e-15
    endloop
  endfacet
  facet normal -5.264322e-01 8.502171e-01 7.551445e-16
    outer loop
      vertex   2.877035e+01 -1.605122e+01 -4.000000e+00
      vertex   2.877035e+01 -1.605122e+01 -7.275351e-15
      vertex   2.921751e+01 -1.577435e+01 -4.000000e+00
    endloop
  endfacet
  facet normal -5.264322e-01 8.502171e-01 3.775723e-16
    outer loop
      vertex   2.921751e+01 -1.577435e+01 -4.000000e+00
      vertex   2.877035e+01 -1.605122e+01 -7.275351e-15
      vertex   2.921751e+01 -1.577435e+01 -7.045119e-15
    endloop
  endfacet
  facet normal -6.736956e-01 7.390089e-01 3.281859e-16
    outer loop
      vertex   2.921751e+01 -1.577435e+01 -4.000000e+00
      vertex   2.921751e+01 -1.577435e+01 -7.045119e-15
      vertex   2.960618e+01 -1.542003e+01 -4.000000e+00
    endloop
  endfacet
  facet normal -6.736956e-01 7.390089e-01 9.845577e-16
    outer loop
      vertex   2.960618e+01 -1.542003e+01 -4.000000e+00
      vertex   2.921751e+01 -1.577435e+01 -7.045119e-15
      vertex   2.960618e+01 -1.542003e+01 -6.770863e-15
    endloop
  endfacet
  facet normal -7.980172e-01 6.026346e-01 8.028706e-16
    outer loop
      vertex   2.960618e+01 -1.542003e+01 -4.000000e+00
      vertex   2.960618e+01 -1.542003e+01 -6.770863e-15
      vertex   2.992312e+01 -1.500033e+01 -4.000000e+00
    endloop
  endfacet
  facet normal -7.980172e-01 6.026346e-01 2.676235e-16
    outer loop
      vertex   2.992312e+01 -1.500033e+01 -4.000000e+00
      vertex   2.960618e+01 -1.542003e+01 -6.770863e-15
      vertex   2.992312e+01 -1.500033e+01 -6.461923e-15
    endloop
  endfacet
  facet normal -8.951633e-01 4.457384e-01 1.979476e-16
    outer loop
      vertex   2.992312e+01 -1.500033e+01 -4.000000e+00
      vertex   2.992312e+01 -1.500033e+01 -6.461923e-15
      vertex   3.015755e+01 -1.452954e+01 -4.000000e+00
    endloop
  endfacet
  facet normal -8.951633e-01 4.457384e-01 1.979476e-16
    outer loop
      vertex   3.015755e+01 -1.452954e+01 -4.000000e+00
      vertex   2.992312e+01 -1.500033e+01 -6.461923e-15
      vertex   3.015755e+01 -1.452954e+01 -6.128819e-15
    endloop
  endfacet
  facet normal -9.618256e-01 2.736630e-01 1.215308e-16
    outer loop
      vertex   3.015755e+01 -1.452954e+01 -4.000000e+00
      vertex   3.015755e+01 -1.452954e+01 -6.128819e-15
      vertex   3.030147e+01 -1.402369e+01 -4.000000e+00
    endloop
  endfacet
  facet normal -9.618256e-01 2.736630e-01 2.430616e-16
    outer loop
      vertex   3.030147e+01 -1.402369e+01 -4.000000e+00
      vertex   3.015755e+01 -1.452954e+01 -6.128819e-15
      vertex   3.030147e+01 -1.402369e+01 -5.782894e-15
    endloop
  endfacet
  facet normal -9.957342e-01 9.226836e-02 4.097538e-17
    outer loop
      vertex   -2.469853e+01 -1.402369e+01 -4.000000e+00
      vertex   -2.469853e+01 -1.402369e+01 -1.188912e-14
      vertex   -2.465000e+01 -1.350000e+01 -4.000000e+00
    endloop
  endfacet
  facet normal -9.957342e-01 9.226836e-02 4.097538e-17
    outer loop
      vertex   -2.465000e+01 -1.350000e+01 -4.000000e+00
      vertex   -2.469853e+01 -1.402369e+01 -1.188912e-14
      vertex   -2.465000e+01 -1.350000e+01 -1.154216e-14
    endloop
  endfacet
  facet normal -9.957342e-01 -9.226836e-02 -4.097538e-17
    outer loop
      vertex   -2.465000e+01 -1.350000e+01 -4.000000e+00
      vertex   -2.465000e+01 -1.350000e+01 -1.154216e-14
      vertex   -2.469853e+01 -1.297631e+01 -4.000000e+00
    endloop
  endfacet
  facet normal -9.957342e-01 -9.226836e-02 -4.097538e-17
    outer loop
      vertex   -2.469853e+01 -1.297631e+01 -4.000000e+00
      vertex   -2.465000e+01 -1.350000e+01 -1.154216e-14
      vertex   -2.469853e+01 -1.297631e+01 -1.120597e-14
    endloop
  endfacet
  facet normal -9.618256e-01 -2.736630e-01 -1.215308e-16
    outer loop
      vertex   -2.469853e+01 -1.297631e+01 -4.000000e+00
      vertex   -2.469853e+01 -1.297631e+01 -1.120597e-14
      vertex   -2.484245e+01 -1.247046e+01 -4.000000e+00
    endloop
  endfacet
  facet normal -9.618256e-01 -2.736630e-01 -2.430616e-16
    outer loop
      vertex   -2.484245e+01 -1.247046e+01 -4.000000e+00
      vertex   -2.469853e+01 -1.297631e+01 -1.120597e-14
      vertex   -2.484245e+01 -1.247046e+01 -1.089200e-14
    endloop
  endfacet
  facet normal -8.951633e-01 -4.457384e-01 -3.958952e-16
    outer loop
      vertex   -2.484245e+01 -1.247046e+01 -4.000000e+00
      vertex   -2.484245e+01 -1.247046e+01 -1.089200e-14
      vertex   -2.507688e+01 -1.199967e+01 -4.000000e+00
    endloop
  endfacet
  facet normal -8.951633e-01 -4.457384e-01 -3.958952e-16
    outer loop
      vertex   -2.507688e+01 -1.199967e+01 -4.000000e+00
      vertex   -2.484245e+01 -1.247046e+01 -1.089200e-14
      vertex   -2.507688e+01 -1.199967e+01 -1.061095e-14
    endloop
  endfacet
  facet normal -7.980172e-01 -6.026346e-01 -5.352471e-16
    outer loop
      vertex   -2.507688e+01 -1.199967e+01 -4.000000e+00
      vertex   -2.507688e+01 -1.199967e+01 -1.061095e-14
      vertex   -2.539382e+01 -1.157997e+01 -4.000000e+00
    endloop
  endfacet
  facet normal -7.980172e-01 -6.026346e-01 -5.352471e-16
    outer loop
      vertex   -2.539382e+01 -1.157997e+01 -4.000000e+00
      vertex   -2.507688e+01 -1.199967e+01 -1.061095e-14
      vertex   -2.539382e+01 -1.157997e+01 -1.037238e-14
    endloop
  endfacet
  facet normal -6.736956e-01 -7.390089e-01 -6.563718e-16
    outer loop
      vertex   -2.539382e+01 -1.157997e+01 -4.000000e+00
      vertex   -2.539382e+01 -1.157997e+01 -1.037238e-14
      vertex   -2.578249e+01 -1.122565e+01 -4.000000e+00
    endloop
  endfacet
  facet normal -6.736956e-01 -7.390089e-01 -3.281859e-16
    outer loop
      vertex   -2.578249e+01 -1.122565e+01 -4.000000e+00
      vertex   -2.539382e+01 -1.157997e+01 -1.037238e-14
      vertex   -2.578249e+01 -1.122565e+01 -1.018443e-14
    endloop
  endfacet
  facet normal -5.264322e-01 -8.502171e-01 -3.775723e-16
    outer loop
      vertex   -2.578249e+01 -1.122565e+01 -4.000000e+00
      vertex   -2.578249e+01 -1.122565e+01 -1.018443e-14
      vertex   -2.622965e+01 -1.094878e+01 -4.000000e+00
    endloop
  endfacet
  facet normal -5.264322e-01 -8.502171e-01 -3.775723e-16
    outer loop
      vertex   -2.622965e+01 -1.094878e+01 -4.000000e+00
      vertex   -2.578249e+01 -1.122565e+01 -1.018443e-14
      vertex   -2.622965e+01 -1.094878e+01 -1.005349e-14
    endloop
  endfacet
  facet normal -3.612417e-01 -9.324722e-01 -4.141009e-16
    outer loop
      vertex   -2.622965e+01 -1.094878e+01 -4.000000e+00
      vertex   -2.622965e+01 -1.094878e+01 -1.005349e-14
      vertex   -2.672006e+01 -1.075880e+01 -4.000000e+00
    endloop
  endfacet
  facet normal -3.612417e-01 -9.324722e-01 -4.141009e-16
    outer loop
      vertex   -2.672006e+01 -1.075880e+01 -4.000000e+00
      vertex   -2.622965e+01 -1.094878e+01 -1.005349e-14
      vertex   -2.672006e+01 -1.075880e+01 -9.984013e-15
    endloop
  endfacet
  facet normal -1.837495e-01 -9.829731e-01 -4.365277e-16
    outer loop
      vertex   -2.672006e+01 -1.075880e+01 -4.000000e+00
      vertex   -2.672006e+01 -1.075880e+01 -9.984013e-15
      vertex   -2.723704e+01 -1.066216e+01 -4.000000e+00
    endloop
  endfacet
  facet normal -1.837495e-01 -9.829731e-01 -1.309583e-15
    outer loop
      vertex   -2.723704e+01 -1.066216e+01 -4.000000e+00
      vertex   -2.672006e+01 -1.075880e+01 -9.984013e-15
      vertex   -2.723704e+01 -1.066216e+01 -9.978375e-15
    endloop
  endfacet
  facet normal 6.755112e-15 -1.000000e+00 -1.332268e-15
    outer loop
      vertex   -2.723704e+01 -1.066216e+01 -4.000000e+00
      vertex   -2.723704e+01 -1.066216e+01 -9.978375e-15
      vertex   -2.776296e+01 -1.066216e+01 -4.000000e+00
    endloop
  endfacet
  facet normal 0.000000e+00 -1.000000e+00 -4.440892e-16
    outer loop
      vertex   -2.776296e+01 -1.066216e+01 -4.000000e+00
      vertex   -2.723704e+01 -1.066216e+01 -9.978375e-15
      vertex   -2.776296e+01 -1.066216e+01 -1.003676e-14
    endloop
  endfacet
  facet normal 1.837495e-01 -9.829731e-01 -5.997301e-16
    outer loop
      vertex   -2.776296e+01 -1.066216e+01 -4.000000e+00
      vertex   -2.776296e+01 -1.066216e+01 -1.003676e-14
      vertex   -2.827994e+01 -1.075880e+01 -4.000000e+00
    endloop
  endfacet
  facet normal 1.837495e-01 -9.829731e-01 -4.365277e-16
    outer loop
      vertex   -2.827994e+01 -1.075880e+01 -4.000000e+00
      vertex   -2.776296e+01 -1.066216e+01 -1.003676e-14
      vertex   -2.827994e+01 -1.075880e+01 -1.015719e-14
    endloop
  endfacet
  facet normal 3.612417e-01 -9.324722e-01 -4.141009e-16
    outer loop
      vertex   -2.827994e+01 -1.075880e+01 -4.000000e+00
      vertex   -2.827994e+01 -1.075880e+01 -1.015719e-14
      vertex   -2.877035e+01 -1.094878e+01 -4.000000e+00
    endloop
  endfacet
  facet normal 3.612417e-01 -9.324722e-01 -4.141009e-16
    outer loop
      vertex   -2.877035e+01 -1.094878e+01 -4.000000e+00
      vertex   -2.827994e+01 -1.075880e+01 -1.015719e-14
      vertex   -2.877035e+01 -1.094878e+01 -1.033556e-14
    endloop
  endfacet
  facet normal 5.264322e-01 -8.502171e-01 -3.775723e-16
    outer loop
      vertex   -2.877035e+01 -1.094878e+01 -4.000000e+00
      vertex   -2.877035e+01 -1.094878e+01 -1.033556e-14
      vertex   -2.921751e+01 -1.122565e+01 -4.000000e+00
    endloop
  endfacet
  facet normal 5.264322e-01 -8.502171e-01 -3.775723e-16
    outer loop
      vertex   -2.921751e+01 -1.122565e+01 -4.000000e+00
      vertex   -2.877035e+01 -1.094878e+01 -1.033556e-14
      vertex   -2.921751e+01 -1.122565e+01 -1.056579e-14
    endloop
  endfacet
  facet normal 6.736956e-01 -7.390089e-01 -3.281859e-16
    outer loop
      vertex   -2.921751e+01 -1.122565e+01 -4.000000e+00
      vertex   -2.921751e+01 -1.122565e+01 -1.056579e-14
      vertex   -2.960618e+01 -1.157997e+01 -4.000000e+00
    endloop
  endfacet
  facet normal 6.736956e-01 -7.390089e-01 -3.281859e-16
    outer loop
      vertex   -2.960618e+01 -1.157997e+01 -4.000000e+00
      vertex   -2.921751e+01 -1.122565e+01 -1.056579e-14
      vertex   -2.960618e+01 -1.157997e+01 -1.084005e-14
    endloop
  endfacet
  facet normal 7.980172e-01 -6.026346e-01 -2.676235e-16
    outer loop
      vertex   -2.960618e+01 -1.157997e+01 -4.000000e+00
      vertex   -2.960618e+01 -1.157997e+01 -1.084005e-14
      vertex   -2.992312e+01 -1.199967e+01 -4.000000e+00
    endloop
  endfacet
  facet normal 7.980172e-01 -6.026346e-01 -5.352471e-16
    outer loop
      vertex   -2.992312e+01 -1.199967e+01 -4.000000e+00
      vertex   -2.960618e+01 -1.157997e+01 -1.084005e-14
      vertex   -2.992312e+01 -1.199967e+01 -1.114899e-14
    endloop
  endfacet
  facet normal 8.951633e-01 -4.457384e-01 -3.958952e-16
    outer loop
      vertex   -2.992312e+01 -1.199967e+01 -4.000000e+00
      vertex   -2.992312e+01 -1.199967e+01 -1.114899e-14
      vertex   -3.015755e+01 -1.247046e+01 -4.000000e+00
    endloop
  endfacet
  facet normal 8.951633e-01 -4.457384e-01 0.000000e+00
    outer loop
      vertex   -3.015755e+01 -1.247046e+01 -4.000000e+00
      vertex   -2.992312e+01 -1.199967e+01 -1.114899e-14
      vertex   -3.015755e+01 -1.247046e+01 -1.148209e-14
    endloop
  endfacet
  facet normal 9.618256e-01 -2.736630e-01 0.000000e+00
    outer loop
      vertex   -3.015755e+01 -1.247046e+01 -4.000000e+00
      vertex   -3.015755e+01 -1.247046e+01 -1.148209e-14
      vertex   -3.030147e+01 -1.297631e+01 -4.000000e+00
    endloop
  endfacet
  facet normal 9.618256e-01 -2.736630e-01 -1.215308e-16
    outer loop
      vertex   -3.030147e+01 -1.297631e+01 -4.000000e+00
      vertex   -3.015755e+01 -1.247046e+01 -1.148209e-14
      vertex   -3.030147e+01 -1.297631e+01 -1.182802e-14
    endloop
  endfacet
  facet normal 9.957342e-01 -9.226836e-02 -4.097538e-17
    outer loop
      vertex   -3.030147e+01 -1.297631e+01 -4.000000e+00
      vertex   -3.030147e+01 -1.297631e+01 -1.182802e-14
      vertex   -3.035000e+01 -1.350000e+01 -4.000000e+00
    endloop
  endfacet
  facet normal 9.957342e-01 -9.226836e-02 -4.097538e-17
    outer loop
      vertex   -3.035000e+01 -1.350000e+01 -4.000000e+00
      vertex   -3.030147e+01 -1.297631e+01 -1.182802e-14
      vertex   -3.035000e+01 -1.350000e+01 -1.217498e-14
    endloop
  endfacet
  facet normal 9.957342e-01 9.226836e-02 4.097538e-17
    outer loop
      vertex   -3.035000e+01 -1.350000e+01 -4.000000e+00
      vertex   -3.035000e+01 -1.350000e+01 -1.217498e-14
      vertex   -3.030147e+01 -1.402369e+01 -4.000000e+00
    endloop
  endfacet
  facet normal 9.957342e-01 9.226836e-02 4.097538e-17
    outer loop
      vertex   -3.030147e+01 -1.402369e+01 -4.000000e+00
      vertex   -3.035000e+01 -1.350000e+01 -1.217498e-14
      vertex   -3.030147e+01 -1.402369e+01 -1.251117e-14
    endloop
  endfacet
  facet normal 9.618256e-01 2.736630e-01 1.215308e-16
    outer loop
      vertex   -3.030147e+01 -1.402369e+01 -4.000000e+00
      vertex   -3.030147e+01 -1.402369e+01 -1.251117e-14
      vertex   -3.015755e+01 -1.452954e+01 -4.000000e+00
    endloop
  endfacet
  facet normal 9.618256e-01 2.736630e-01 -0.000000e+00
    outer loop
      vertex   -3.015755e+01 -1.452954e+01 -4.000000e+00
      vertex   -3.030147e+01 -1.402369e+01 -1.251117e-14
      vertex   -3.015755e+01 -1.452954e+01 -1.282514e-14
    endloop
  endfacet
  facet normal 8.951633e-01 4.457384e-01 -0.000000e+00
    outer loop
      vertex   -3.015755e+01 -1.452954e+01 -4.000000e+00
      vertex   -3.015755e+01 -1.452954e+01 -1.282514e-14
      vertex   -2.992312e+01 -1.500033e+01 -4.000000e+00
    endloop
  endfacet
  facet normal 8.951633e-01 4.457384e-01 1.979476e-16
    outer loop
      vertex   -2.992312e+01 -1.500033e+01 -4.000000e+00
      vertex   -3.015755e+01 -1.452954e+01 -1.282514e-14
      vertex   -2.992312e+01 -1.500033e+01 -1.310619e-14
    endloop
  endfacet
  facet normal 7.980172e-01 6.026346e-01 2.676235e-16
    outer loop
      vertex   -2.992312e+01 -1.500033e+01 -4.000000e+00
      vertex   -2.992312e+01 -1.500033e+01 -1.310619e-14
      vertex   -2.960618e+01 -1.542003e+01 -4.000000e+00
    endloop
  endfacet
  facet normal 7.980172e-01 6.026346e-01 2.676235e-16
    outer loop
      vertex   -2.960618e+01 -1.542003e+01 -4.000000e+00
      vertex   -2.992312e+01 -1.500033e+01 -1.310619e-14
      vertex   -2.960618e+01 -1.542003e+01 -1.334475e-14
    endloop
  endfacet
  facet normal 6.736956e-01 7.390089e-01 3.281859e-16
    outer loop
      vertex   -2.960618e+01 -1.542003e+01 -4.000000e+00
      vertex   -2.960618e+01 -1.542003e+01 -1.334475e-14
      vertex   -2.921751e+01 -1.577435e+01 -4.000000e+00
    endloop
  endfacet
  facet normal 6.736956e-01 7.390089e-01 3.281859e-16
    outer loop
      vertex   -2.921751e+01 -1.577435e+01 -4.000000e+00
      vertex   -2.960618e+01 -1.542003e+01 -1.334475e-14
      vertex   -2.921751e+01 -1.577435e+01 -1.353271e-14
    endloop
  endfacet
  facet normal 5.264322e-01 8.502171e-01 3.775723e-16
    outer loop
      vertex   -2.921751e+01 -1.577435e+01 -4.000000e+00
      vertex   -2.921751e+01 -1.577435e+01 -1.353271e-14
      vertex   -2.877035e+01 -1.605122e+01 -4.000000e+00
    endloop
  endfacet
  facet normal 5.264322e-01 8.502171e-01 7.551445e-16
    outer loop
      vertex   -2.877035e+01 -1.605122e+01 -4.000000e+00
      vertex   -2.921751e+01 -1.577435e+01 -1.353271e-14
      vertex   -2.877035e+01 -1.605122e+01 -1.366365e-14
    endloop
  endfacet
  facet normal 3.612417e-01 9.324722e-01 8.282017e-16
    outer loop
      vertex   -2.877035e+01 -1.605122e+01 -4.000000e+00
      vertex   -2.877035e+01 -1.605122e+01 -1.366365e-14
      vertex   -2.827994e+01 -1.624120e+01 -4.000000e+00
    endloop
  endfacet
  facet normal 3.612417e-01 9.324722e-01 8.282017e-16
    outer loop
      vertex   -2.827994e+01 -1.624120e+01 -4.000000e+00
      vertex   -2.877035e+01 -1.605122e+01 -1.366365e-14
      vertex   -2.827994e+01 -1.624120e+01 -1.373313e-14
    endloop
  endfacet
  facet normal 1.837495e-01 9.829731e-01 8.730555e-16
    outer loop
      vertex   -2.827994e+01 -1.624120e+01 -4.000000e+00
      vertex   -2.827994e+01 -1.624120e+01 -1.373313e-14
      vertex   -2.776296e+01 -1.633784e+01 -4.000000e+00
    endloop
  endfacet
  facet normal 1.837495e-01 9.829731e-01 1.632024e-16
    outer loop
      vertex   -2.776296e+01 -1.633784e+01 -4.000000e+00
      vertex   -2.827994e+01 -1.624120e+01 -1.373313e-14
      vertex   -2.776296e+01 -1.633784e+01 -1.373876e-14
    endloop
  endfacet
  facet normal 0.000000e+00 1.000000e+00 -0.000000e+00
    outer loop
      vertex   -2.776296e+01 -1.633784e+01 -4.000000e+00
      vertex   -2.776296e+01 -1.633784e+01 -1.373876e-14
      vertex   -2.723704e+01 -1.633784e+01 -4.000000e+00
    endloop
  endfacet
  facet normal 0.000000e+00 1.000000e+00 -0.000000e+00
    outer loop
      vertex   -2.723704e+01 -1.633784e+01 -4.000000e+00
      vertex   -2.776296e+01 -1.633784e+01 -1.373876e-14
      vertex   -2.723704e+01 -1.633784e+01 -1.368037e-14
    endloop
  endfacet
  facet normal -1.837495e-01 9.829731e-01 0.000000e+00
    outer loop
      vertex   -2.723704e+01 -1.633784e+01 -4.000000e+00
      vertex   -2.723704e+01 -1.633784e+01 -1.368037e-14
      vertex   -2.672006e+01 -1.624120e+01 -4.000000e+00
    endloop
  endfacet
  facet normal -1.837495e-01 9.829731e-01 8.730555e-16
    outer loop
      vertex   -2.672006e+01 -1.624120e+01 -4.000000e+00
      vertex   -2.723704e+01 -1.633784e+01 -1.368037e-14
      vertex   -2.672006e+01 -1.624120e+01 -1.355995e-14
    endloop
  endfacet
  facet normal -3.612417e-01 9.324722e-01 8.282017e-16
    outer loop
      vertex   -2.672006e+01 -1.624120e+01 -4.000000e+00
      vertex   -2.672006e+01 -1.624120e+01 -1.355995e-14
      vertex   -2.622965e+01 -1.605122e+01 -4.000000e+00
    endloop
  endfacet
  facet normal -3.612417e-01 9.324722e-01 8.282017e-16
    outer loop
      vertex   -2.622965e+01 -1.605122e+01 -4.000000e+00
      vertex   -2.672006e+01 -1.624120e+01 -1.355995e-14
      vertex   -2.622965e+01 -1.605122e+01 -1.338158e-14
    endloop
  endfacet
  facet normal -5.264322e-01 8.502171e-01 7.551445e-16
    outer loop
      vertex   -2.622965e+01 -1.605122e+01 -4.000000e+00
      vertex   -2.622965e+01 -1.605122e+01 -1.338158e-14
      vertex   -2.578249e+01 -1.577435e+01 -4.000000e+00
    endloop
  endfacet
  facet normal -5.264322e-01 8.502171e-01 3.775723e-16
    outer loop
      vertex   -2.578249e+01 -1.577435e+01 -4.000000e+00
      vertex   -2.622965e+01 -1.605122e+01 -1.338158e-14
      vertex   -2.578249e+01 -1.577435e+01 -1.315135e-14
    endloop
  endfacet
  facet normal -6.736956e-01 7.390089e-01 3.281859e-16
    outer loop
      vertex   -2.578249e+01 -1.577435e+01 -4.000000e+00
      vertex   -2.578249e+01 -1.577435e+01 -1.315135e-14
      vertex   -2.539382e+01 -1.542003e+01 -4.000000e+00
    endloop
  endfacet
  facet normal -6.736956e-01 7.390089e-01 6.563718e-16
    outer loop
      vertex   -2.539382e+01 -1.542003e+01 -4.000000e+00
      vertex   -2.578249e+01 -1.577435e+01 -1.315135e-14
      vertex   -2.539382e+01 -1.542003e+01 -1.287709e-14
    endloop
  endfacet
  facet normal -7.980172e-01 6.026346e-01 5.352471e-16
    outer loop
      vertex   -2.539382e+01 -1.542003e+01 -4.000000e+00
      vertex   -2.539382e+01 -1.542003e+01 -1.287709e-14
      vertex   -2.507688e+01 -1.500033e+01 -4.000000e+00
    endloop
  endfacet
  facet normal -7.980172e-01 6.026346e-01 2.676235e-16
    outer loop
      vertex   -2.507688e+01 -1.500033e+01 -4.000000e+00
      vertex   -2.539382e+01 -1.542003e+01 -1.287709e-14
      vertex   -2.507688e+01 -1.500033e+01 -1.256815e-14
    endloop
  endfacet
  facet normal -8.951633e-01 4.457384e-01 1.979476e-16
    outer loop
      vertex   -2.507688e+01 -1.500033e+01 -4.000000e+00
      vertex   -2.507688e+01 -1.500033e+01 -1.256815e-14
      vertex   -2.484245e+01 -1.452954e+01 -4.000000e+00
    endloop
  endfacet
  facet normal -8.951633e-01 4.457384e-01 1.979476e-16
    outer loop
      vertex   -2.484245e+01 -1.452954e+01 -4.000000e+00
      vertex   -2.507688e+01 -1.500033e+01 -1.256815e-14
      vertex   -2.484245e+01 -1.452954e+01 -1.223505e-14
    endloop
  endfacet
  facet normal -9.618256e-01 2.736630e-01 1.215308e-16
    outer loop
      vertex   -2.484245e+01 -1.452954e+01 -4.000000e+00
      vertex   -2.484245e+01 -1.452954e+01 -1.223505e-14
      vertex   -2.469853e+01 -1.402369e+01 -4.000000e+00
    endloop
  endfacet
  facet normal -9.618256e-01 2.736630e-01 1.215308e-16
    outer loop
      vertex   -2.469853e+01 -1.402369e+01 -4.000000e+00
      vertex   -2.484245e+01 -1.452954e+01 -1.223505e-14
      vertex   -2.469853e+01 -1.402369e+01 -1.188912e-14
    endloop
  endfacet
  facet normal 9.969173e-01 -7.845910e-02 -6.968568e-17
    outer loop
      vertex   3.400000e+01 -1.600000e+01 -4.000000e+00
      vertex   3.400000e+01 -1.600000e+01 -6.661338e-15
      vertex   3.395075e+01 -1.662574e+01 -4.000000e+00
    endloop
  endfacet
  facet normal 9.969173e-01 -7.845910e-02 -1.393714e-16
    outer loop
      vertex   3.395075e+01 -1.662574e+01 -4.000000e+00
      vertex   3.400000e+01 -1.600000e+01 -6.661338e-15
      vertex   3.395075e+01 -1.662574e+01 -7.074947e-15
    endloop
  endfacet
  facet normal 9.723699e-01 -2.334454e-01 -4.146823e-16
    outer loop
      vertex   3.395075e+01 -1.662574e+01 -4.000000e+00
      vertex   3.395075e+01 -1.662574e+01 -7.074947e-15
      vertex   3.380423e+01 -1.723607e+01 -4.000000e+00
    endloop
  endfacet
  facet normal 9.723699e-01 -2.334454e-01 0.000000e+00
    outer loop
      vertex   3.380423e+01 -1.723607e+01 -4.000000e+00
      vertex   3.395075e+01 -1.662574e+01 -7.074947e-15
      vertex   3.380423e+01 -1.723607e+01 -7.489306e-15
    endloop
  endfacet
  facet normal 9.238795e-01 -3.826834e-01 0.000000e+00
    outer loop
      vertex   3.380423e+01 -1.723607e+01 -4.000000e+00
      vertex   3.380423e+01 -1.723607e+01 -7.489306e-15
      vertex   3.356403e+01 -1.781596e+01 -4.000000e+00
    endloop
  endfacet
  facet normal 9.238795e-01 -3.826834e-01 -3.398912e-16
    outer loop
      vertex   3.356403e+01 -1.781596e+01 -4.000000e+00
      vertex   3.380423e+01 -1.723607e+01 -7.489306e-15
      vertex   3.356403e+01 -1.781596e+01 -7.894213e-15
    endloop
  endfacet
  facet normal 8.526402e-01 -5.224986e-01 -4.640719e-16
    outer loop
      vertex   3.356403e+01 -1.781596e+01 -4.000000e+00
      vertex   3.356403e+01 -1.781596e+01 -7.894213e-15
      vertex   3.323607e+01 -1.835114e+01 -4.000000e+00
    endloop
  endfacet
  facet normal 8.526402e-01 -5.224986e-01 0.000000e+00
    outer loop
      vertex   3.323607e+01 -1.835114e+01 -4.000000e+00
      vertex   3.356403e+01 -1.781596e+01 -7.894213e-15
      vertex   3.323607e+01 -1.835114e+01 -8.279698e-15
    endloop
  endfacet
  facet normal 7.604060e-01 -6.494480e-01 0.000000e+00
    outer loop
      vertex   3.323607e+01 -1.835114e+01 -4.000000e+00
      vertex   3.323607e+01 -1.835114e+01 -8.279698e-15
      vertex   3.282843e+01 -1.882843e+01 -4.000000e+00
    endloop
  endfacet
  facet normal 7.604060e-01 -6.494480e-01 -5.768257e-16
    outer loop
      vertex   3.282843e+01 -1.882843e+01 -4.000000e+00
      vertex   3.323607e+01 -1.835114e+01 -8.279698e-15
      vertex   3.282843e+01 -1.882843e+01 -8.636268e-15
    endloop
  endfacet
  facet normal 6.494480e-01 -7.604060e-01 -6.753762e-16
    outer loop
      vertex   3.282843e+01 -1.882843e+01 -4.000000e+00
      vertex   3.282843e+01 -1.882843e+01 -8.636268e-15
      vertex   3.235114e+01 -1.923607e+01 -4.000000e+00
    endloop
  endfacet
  facet normal 6.494480e-01 -7.604060e-01 0.000000e+00
    outer loop
      vertex   3.235114e+01 -1.923607e+01 -4.000000e+00
      vertex   3.282843e+01 -1.882843e+01 -8.636268e-15
      vertex   3.235114e+01 -1.923607e+01 -8.955143e-15
    endloop
  endfacet
  facet normal 5.224986e-01 -8.526402e-01 0.000000e+00
    outer loop
      vertex   3.235114e+01 -1.923607e+01 -4.000000e+00
      vertex   3.235114e+01 -1.923607e+01 -8.955143e-15
      vertex   3.181596e+01 -1.956403e+01 -4.000000e+00
    endloop
  endfacet
  facet normal 5.224986e-01 -8.526402e-01 -2.932246e-16
    outer loop
      vertex   3.181596e+01 -1.956403e+01 -4.000000e+00
      vertex   3.235114e+01 -1.923607e+01 -8.955143e-15
      vertex   3.181596e+01 -1.956403e+01 -9.228473e-15
    endloop
  endfacet
  facet normal 3.826834e-01 -9.238795e-01 -4.806787e-16
    outer loop
      vertex   3.181596e+01 -1.956403e+01 -4.000000e+00
      vertex   3.181596e+01 -1.956403e+01 -9.228473e-15
      vertex   3.123607e+01 -1.980423e+01 -4.000000e+00
    endloop
  endfacet
  facet normal 3.826834e-01 -9.238795e-01 0.000000e+00
    outer loop
      vertex   3.123607e+01 -1.980423e+01 -4.000000e+00
      vertex   3.181596e+01 -1.956403e+01 -9.228473e-15
      vertex   3.123607e+01 -1.980423e+01 -9.449526e-15
    endloop
  endfacet
  facet normal 2.334454e-01 -9.723699e-01 0.000000e+00
    outer loop
      vertex   3.123607e+01 -1.980423e+01 -4.000000e+00
      vertex   3.123607e+01 -1.980423e+01 -9.449526e-15
      vertex   3.062574e+01 -1.995075e+01 -4.000000e+00
    endloop
  endfacet
  facet normal 2.334454e-01 -9.723699e-01 -8.636380e-16
    outer loop
      vertex   3.062574e+01 -1.995075e+01 -4.000000e+00
      vertex   3.123607e+01 -1.980423e+01 -9.449526e-15
      vertex   3.062574e+01 -1.995075e+01 -9.612859e-15
    endloop
  endfacet
  facet normal 7.845910e-02 -9.969173e-01 -8.854405e-16
    outer loop
      vertex   3.062574e+01 -1.995075e+01 -4.000000e+00
      vertex   3.062574e+01 -1.995075e+01 -9.612859e-15
      vertex   3.000000e+01 -2.000000e+01 -4.000000e+00
    endloop
  endfacet
  facet normal 7.845910e-02 -9.969173e-01 0.000000e+00
    outer loop
      vertex   3.000000e+01 -2.000000e+01 -4.000000e+00
      vertex   3.062574e+01 -1.995075e+01 -9.612859e-15
      vertex   3.000000e+01 -2.000000e+01 -9.714451e-15
    endloop
  endfacet
  facet normal 1.000000e+00 -2.220446e-16 0.000000e+00
    outer loop
      vertex   3.400000e+01 1.600000e+01 1.421085e-14
      vertex   3.400000e+01 -1.600000e+01 -6.661338e-15
      vertex   3.400000e+01 1.600000e+01 -4.000000e+00
    endloop
  endfacet
  facet normal 1.000000e+00 -2.220446e-16 0.000000e+00
    outer loop
      vertex   3.400000e+01 1.600000e+01 -4.000000e+00
      vertex   3.400000e+01 -1.600000e+01 -6.661338e-15
      vertex   3.400000e+01 -1.600000e+01 -4.000000e+00
    endloop
  endfacet
  facet normal 7.845910e-02 9.969173e-01 -0.000000e+00
    outer loop
      vertex   3.000000e+01 2.000000e+01 -4.000000e+00
      vertex   3.000000e+01 2.000000e+01 1.637579e-14
      vertex   3.062574e+01 1.995075e+01 -4.000000e+00
    endloop
  endfacet
  facet normal 7.845910e-02 9.969173e-01 8.854405e-16
    outer loop
      vertex   3.062574e+01 1.995075e+01 -4.000000e+00
      vertex   3.000000e+01 2.000000e+01 1.637579e-14
      vertex   3.062574e+01 1.995075e+01 1.641314e-14
    endloop
  endfacet
  facet normal 2.334454e-01 9.723699e-01 8.636380e-16
    outer loop
      vertex   3.062574e+01 1.995075e+01 -4.000000e+00
      vertex   3.062574e+01 1.995075e+01 1.641314e-14
      vertex   3.123607e+01 1.980423e+01 -4.000000e+00
    endloop
  endfacet
  facet normal 2.334454e-01 9.723699e-01 8.636380e-16
    outer loop
      vertex   3.123607e+01 1.980423e+01 -4.000000e+00
      vertex   3.062574e+01 1.995075e+01 1.641314e-14
      vertex   3.123607e+01 1.980423e+01 1.638533e-14
    endloop
  endfacet
  facet normal 3.826834e-01 9.238795e-01 8.205699e-16
    outer loop
      vertex   3.123607e+01 1.980423e+01 -4.000000e+00
      vertex   3.123607e+01 1.980423e+01 1.638533e-14
      vertex   3.181596e+01 1.956403e+01 -4.000000e+00
    endloop
  endfacet
  facet normal 3.826834e-01 9.238795e-01 8.205699e-16
    outer loop
      vertex   3.181596e+01 1.956403e+01 -4.000000e+00
      vertex   3.123607e+01 1.980423e+01 1.638533e-14
      vertex   3.181596e+01 1.956403e+01 1.629304e-14
    endloop
  endfacet
  facet normal 5.224986e-01 8.526402e-01 7.572966e-16
    outer loop
      vertex   3.181596e+01 1.956403e+01 -4.000000e+00
      vertex   3.181596e+01 1.956403e+01 1.629304e-14
      vertex   3.235114e+01 1.923607e+01 -4.000000e+00
    endloop
  endfacet
  facet normal 5.224986e-01 8.526402e-01 7.572966e-16
    outer loop
      vertex   3.235114e+01 1.923607e+01 -4.000000e+00
      vertex   3.181596e+01 1.956403e+01 1.629304e-14
      vertex   3.235114e+01 1.923607e+01 1.613854e-14
    endloop
  endfacet
  facet normal 6.494480e-01 7.604060e-01 6.753762e-16
    outer loop
      vertex   3.235114e+01 1.923607e+01 -4.000000e+00
      vertex   3.235114e+01 1.923607e+01 1.613854e-14
      vertex   3.282843e+01 1.882843e+01 -4.000000e+00
    endloop
  endfacet
  facet normal 6.494480e-01 7.604060e-01 -0.000000e+00
    outer loop
      vertex   3.282843e+01 1.882843e+01 -4.000000e+00
      vertex   3.235114e+01 1.923607e+01 1.613854e-14
      vertex   3.282843e+01 1.882843e+01 1.592564e-14
    endloop
  endfacet
  facet normal 7.604060e-01 6.494480e-01 -0.000000e+00
    outer loop
      vertex   3.282843e+01 1.882843e+01 -4.000000e+00
      vertex   3.282843e+01 1.882843e+01 1.592564e-14
      vertex   3.323607e+01 1.835114e+01 -4.000000e+00
    endloop
  endfacet
  facet normal 7.604060e-01 6.494480e-01 -0.000000e+00
    outer loop
      vertex   3.323607e+01 1.835114e+01 -4.000000e+00
      vertex   3.282843e+01 1.882843e+01 1.592564e-14
      vertex   3.323607e+01 1.835114e+01 1.565959e-14
    endloop
  endfacet
  facet normal 8.526402e-01 5.224986e-01 -0.000000e+00
    outer loop
      vertex   3.323607e+01 1.835114e+01 -4.000000e+00
      vertex   3.323607e+01 1.835114e+01 1.565959e-14
      vertex   3.356403e+01 1.781596e+01 -4.000000e+00
    endloop
  endfacet
  facet normal 8.526402e-01 5.224986e-01 1.978665e-15
    outer loop
      vertex   3.356403e+01 1.781596e+01 -4.000000e+00
      vertex   3.323607e+01 1.835114e+01 1.565959e-14
      vertex   3.356403e+01 1.781596e+01 1.534692e-14
    endloop
  endfacet
  facet normal 9.238795e-01 3.826834e-01 1.981031e-15
    outer loop
      vertex   3.356403e+01 1.781596e+01 -4.000000e+00
      vertex   3.356403e+01 1.781596e+01 1.534692e-14
      vertex   3.380423e+01 1.723607e+01 -4.000000e+00
    endloop
  endfacet
  facet normal 9.238795e-01 3.826834e-01 -0.000000e+00
    outer loop
      vertex   3.380423e+01 1.723607e+01 -4.000000e+00
      vertex   3.356403e+01 1.781596e+01 1.534692e-14
      vertex   3.380423e+01 1.723607e+01 1.499535e-14
    endloop
  endfacet
  facet normal 9.723699e-01 2.334454e-01 -0.000000e+00
    outer loop
      vertex   3.380423e+01 1.723607e+01 -4.000000e+00
      vertex   3.380423e+01 1.723607e+01 1.499535e-14
      vertex   3.395075e+01 1.662574e+01 -4.000000e+00
    endloop
  endfacet
  facet normal 9.723699e-01 2.334454e-01 2.073411e-16
    outer loop
      vertex   3.395075e+01 1.662574e+01 -4.000000e+00
      vertex   3.380423e+01 1.723607e+01 1.499535e-14
      vertex   3.395075e+01 1.662574e+01 1.461353e-14
    endloop
  endfacet
  facet normal 9.969173e-01 7.845910e-02 6.968568e-17
    outer loop
      vertex   3.395075e+01 1.662574e+01 -4.000000e+00
      vertex   3.395075e+01 1.662574e+01 1.461353e-14
      vertex   3.400000e+01 1.600000e+01 -4.000000e+00
    endloop
  endfacet
  facet normal 9.969173e-01 7.845910e-02 -0.000000e+00
    outer loop
      vertex   3.400000e+01 1.600000e+01 -4.000000e+00
      vertex   3.395075e+01 1.662574e+01 1.461353e-14
      vertex   3.400000e+01 1.600000e+01 1.421085e-14
    endloop
  endfacet
  facet normal 1.184238e-16 1.000000e+00 8.881784e-16
    outer loop
      vertex   -3.000000e+01 2.000000e+01 9.714451e-15
      vertex   3.000000e+01 2.000000e+01 1.637579e-14
      vertex   -3.000000e+01 2.000000e+01 -4.000000e+00
    endloop
  endfacet
  facet normal 1.776357e-16 1.000000e+00 0.000000e+00
    outer loop
      vertex   -3.000000e+01 2.000000e+01 -4.000000e+00
      vertex   3.000000e+01 2.000000e+01 1.637579e-14
      vertex   3.000000e+01 2.000000e+01 -4.000000e+00
    endloop
  endfacet
  facet normal -9.969173e-01 7.845910e-02 0.000000e+00
    outer loop
      vertex   -3.400000e+01 1.600000e+01 -4.000000e+00
      vertex   -3.400000e+01 1.600000e+01 6.661338e-15
      vertex   -3.395075e+01 1.662574e+01 -4.000000e+00
    endloop
  endfacet
  facet normal -9.969173e-01 7.845910e-02 0.000000e+00
    outer loop
      vertex   -3.395075e+01 1.662574e+01 -4.000000e+00
      vertex   -3.400000e+01 1.600000e+01 6.661338e-15
      vertex   -3.395075e+01 1.662574e+01 7.074947e-15
    endloop
  endfacet
  facet normal -9.723699e-01 2.334454e-01 0.000000e+00
    outer loop
      vertex   -3.395075e+01 1.662574e+01 -4.000000e+00
      vertex   -3.395075e+01 1.662574e+01 7.074947e-15
      vertex   -3.380423e+01 1.723607e+01 -4.000000e+00
    endloop
  endfacet
  facet normal -9.723699e-01 2.334454e-01 2.073411e-16
    outer loop
      vertex   -3.380423e+01 1.723607e+01 -4.000000e+00
      vertex   -3.395075e+01 1.662574e+01 7.074947e-15
      vertex   -3.380423e+01 1.723607e+01 7.489306e-15
    endloop
  endfacet
  facet normal -9.238795e-01 3.826834e-01 3.398912e-16
    outer loop
      vertex   -3.380423e+01 1.723607e+01 -4.000000e+00
      vertex   -3.380423e+01 1.723607e+01 7.489306e-15
      vertex   -3.356403e+01 1.781596e+01 -4.000000e+00
    endloop
  endfacet
  facet normal -9.238795e-01 3.826834e-01 3.398912e-16
    outer loop
      vertex   -3.356403e+01 1.781596e+01 -4.000000e+00
      vertex   -3.380423e+01 1.723607e+01 7.489306e-15
      vertex   -3.356403e+01 1.781596e+01 7.894213e-15
    endloop
  endfacet
  facet normal -8.526402e-01 5.224986e-01 4.640719e-16
    outer loop
      vertex   -3.356403e+01 1.781596e+01 -4.000000e+00
      vertex   -3.356403e+01 1.781596e+01 7.894213e-15
      vertex   -3.323607e+01 1.835114e+01 -4.000000e+00
    endloop
  endfacet
  facet normal -8.526402e-01 5.224986e-01 4.640719e-16
    outer loop
      vertex   -3.323607e+01 1.835114e+01 -4.000000e+00
      vertex   -3.356403e+01 1.781596e+01 7.894213e-15
      vertex   -3.323607e+01 1.835114e+01 8.279698e-15
    endloop
  endfacet
  facet normal -7.604060e-01 6.494480e-01 5.768257e-16
    outer loop
      vertex   -3.323607e+01 1.835114e+01 -4.000000e+00
      vertex   -3.323607e+01 1.835114e+01 8.279698e-15
      vertex   -3.282843e+01 1.882843e+01 -4.000000e+00
    endloop
  endfacet
  facet normal -7.604060e-01 6.494480e-01 0.000000e+00
    outer loop
      vertex   -3.282843e+01 1.882843e+01 -4.000000e+00
      vertex   -3.323607e+01 1.835114e+01 8.279698e-15
      vertex   -3.282843e+01 1.882843e+01 8.636268e-15
    endloop
  endfacet
  facet normal -6.494480e-01 7.604060e-01 0.000000e+00
    outer loop
      vertex   -3.282843e+01 1.882843e+01 -4.000000e+00
      vertex   -3.282843e+01 1.882843e+01 8.636268e-15
      vertex   -3.235114e+01 1.923607e+01 -4.000000e+00
    endloop
  endfacet
  facet normal -6.494480e-01 7.604060e-01 6.753762e-16
    outer loop
      vertex   -3.235114e+01 1.923607e+01 -4.000000e+00
      vertex   -3.282843e+01 1.882843e+01 8.636268e-15
      vertex   -3.235114e+01 1.923607e+01 8.955143e-15
    endloop
  endfacet
  facet normal -5.224986e-01 8.526402e-01 7.572966e-16
    outer loop
      vertex   -3.235114e+01 1.923607e+01 -4.000000e+00
      vertex   -3.235114e+01 1.923607e+01 8.955143e-15
      vertex   -3.181596e+01 1.956403e+01 -4.000000e+00
    endloop
  endfacet
  facet normal -5.224986e-01 8.526402e-01 7.572966e-16
    outer loop
      vertex   -3.181596e+01 1.956403e+01 -4.000000e+00
      vertex   -3.235114e+01 1.923607e+01 8.955143e-15
      vertex   -3.181596e+01 1.956403e+01 9.228473e-15
    endloop
  endfacet
  facet normal -3.826834e-01 9.238795e-01 8.205699e-16
    outer loop
      vertex   -3.181596e+01 1.956403e+01 -4.000000e+00
      vertex   -3.181596e+01 1.956403e+01 9.228473e-15
      vertex   -3.123607e+01 1.980423e+01 -4.000000e+00
    endloop
  endfacet
  facet normal -3.826834e-01 9.238795e-01 0.000000e+00
    outer loop
      vertex   -3.123607e+01 1.980423e+01 -4.000000e+00
      vertex   -3.181596e+01 1.956403e+01 9.228473e-15
      vertex   -3.123607e+01 1.980423e+01 9.449526e-15
    endloop
  endfacet
  facet normal -2.334454e-01 9.723699e-01 0.000000e+00
    outer loop
      vertex   -3.123607e+01 1.980423e+01 -4.000000e+00
      vertex   -3.123607e+01 1.980423e+01 9.449526e-15
      vertex   -3.062574e+01 1.995075e+01 -4.000000e+00
    endloop
  endfacet
  facet normal -2.334454e-01 9.723699e-01 1.070979e-15
    outer loop
      vertex   -3.062574e+01 1.995075e+01 -4.000000e+00
      vertex   -3.123607e+01 1.980423e+01 9.449526e-15
      vertex   -3.062574e+01 1.995075e+01 9.612859e-15
    endloop
  endfacet
  facet normal -7.845910e-02 9.969173e-01 9.551261e-16
    outer loop
      vertex   -3.062574e+01 1.995075e+01 -4.000000e+00
      vertex   -3.062574e+01 1.995075e+01 9.612859e-15
      vertex   -3.000000e+01 2.000000e+01 -4.000000e+00
    endloop
  endfacet
  facet normal -7.845910e-02 9.969173e-01 8.854405e-16
    outer loop
      vertex   -3.000000e+01 2.000000e+01 -4.000000e+00
      vertex   -3.062574e+01 1.995075e+01 9.612859e-15
      vertex   -3.000000e+01 2.000000e+01 9.714451e-15
    endloop
  endfacet
  facet normal -1.000000e+00 2.220446e-16 1.972152e-31
    outer loop
      vertex   -3.400000e+01 -1.600000e+01 -1.421085e-14
      vertex   -3.400000e+01 1.600000e+01 6.661338e-15
      vertex   -3.400000e+01 -1.600000e+01 -4.000000e+00
    endloop
  endfacet
  facet normal -1.000000e+00 2.220446e-16 0.000000e+00
    outer loop
      vertex   -3.400000e+01 -1.600000e+01 -4.000000e+00
      vertex   -3.400000e+01 1.600000e+01 6.661338e-15
      vertex   -3.400000e+01 1.600000e+01 -4.000000e+00
    endloop
  endfacet
  facet normal -7.845910e-02 -9.969173e-01 0.000000e+00
    outer loop
      vertex   -3.000000e+01 -2.000000e+01 -4.000000e+00
      vertex   -3.000000e+01 -2.000000e+01 -1.637579e-14
      vertex   -3.062574e+01 -1.995075e+01 -4.000000e+00
    endloop
  endfacet
  facet normal -7.845910e-02 -9.969173e-01 0.000000e+00
    outer loop
      vertex   -3.062574e+01 -1.995075e+01 -4.000000e+00
      vertex   -3.000000e+01 -2.000000e+01 -1.637579e-14
      vertex   -3.062574e+01 -1.995075e+01 -1.641314e-14
    endloop
  endfacet
  facet normal -2.334454e-01 -9.723699e-01 0.000000e+00
    outer loop
      vertex   -3.062574e+01 -1.995075e+01 -4.000000e+00
      vertex   -3.062574e+01 -1.995075e+01 -1.641314e-14
      vertex   -3.123607e+01 -1.980423e+01 -4.000000e+00
    endloop
  endfacet
  facet normal -2.334454e-01 -9.723699e-01 -8.636380e-16
    outer loop
      vertex   -3.123607e+01 -1.980423e+01 -4.000000e+00
      vertex   -3.062574e+01 -1.995075e+01 -1.641314e-14
      vertex   -3.123607e+01 -1.980423e+01 -1.638533e-14
    endloop
  endfacet
  facet normal -3.826834e-01 -9.238795e-01 -8.205699e-16
    outer loop
      vertex   -3.123607e+01 -1.980423e+01 -4.000000e+00
      vertex   -3.123607e+01 -1.980423e+01 -1.638533e-14
      vertex   -3.181596e+01 -1.956403e+01 -4.000000e+00
    endloop
  endfacet
  facet normal -3.826834e-01 -9.238795e-01 -8.205699e-16
    outer loop
      vertex   -3.181596e+01 -1.956403e+01 -4.000000e+00
      vertex   -3.123607e+01 -1.980423e+01 -1.638533e-14
      vertex   -3.181596e+01 -1.956403e+01 -1.629304e-14
    endloop
  endfacet
  facet normal -5.224986e-01 -8.526402e-01 -7.572966e-16
    outer loop
      vertex   -3.181596e+01 -1.956403e+01 -4.000000e+00
      vertex   -3.181596e+01 -1.956403e+01 -1.629304e-14
      vertex   -3.235114e+01 -1.923607e+01 -4.000000e+00
    endloop
  endfacet
  facet normal -5.224986e-01 -8.526402e-01 0.000000e+00
    outer loop
      vertex   -3.235114e+01 -1.923607e+01 -4.000000e+00
      vertex   -3.181596e+01 -1.956403e+01 -1.629304e-14
      vertex   -3.235114e+01 -1.923607e+01 -1.613854e-14
    endloop
  endfacet
  facet normal -6.494480e-01 -7.604060e-01 0.000000e+00
    outer loop
      vertex   -3.235114e+01 -1.923607e+01 -4.000000e+00
      vertex   -3.235114e+01 -1.923607e+01 -1.613854e-14
      vertex   -3.282843e+01 -1.882843e+01 -4.000000e+00
    endloop
  endfacet
  facet normal -6.494480e-01 -7.604060e-01 -6.753762e-16
    outer loop
      vertex   -3.282843e+01 -1.882843e+01 -4.000000e+00
      vertex   -3.235114e+01 -1.923607e+01 -1.613854e-14
      vertex   -3.282843e+01 -1.882843e+01 -1.592564e-14
    endloop
  endfacet
  facet normal -7.604060e-01 -6.494480e-01 -5.768257e-16
    outer loop
      vertex   -3.282843e+01 -1.882843e+01 -4.000000e+00
      vertex   -3.282843e+01 -1.882843e+01 -1.592564e-14
      vertex   -3.323607e+01 -1.835114e+01 -4.000000e+00
    endloop
  endfacet
  facet normal -7.604060e-01 -6.494480e-01 -5.768257e-16
    outer loop
      vertex   -3.323607e+01 -1.835114e+01 -4.000000e+00
      vertex   -3.282843e+01 -1.882843e+01 -1.592564e-14
      vertex   -3.323607e+01 -1.835114e+01 -1.565959e-14
    endloop
  endfacet
  facet normal -8.526402e-01 -5.224986e-01 -4.640719e-16
    outer loop
      vertex   -3.323607e+01 -1.835114e+01 -4.000000e+00
      vertex   -3.323607e+01 -1.835114e+01 -1.565959e-14
      vertex   -3.356403e+01 -1.781596e+01 -4.000000e+00
    endloop
  endfacet
  facet normal -8.526402e-01 -5.224986e-01 1.050521e-15
    outer loop
      vertex   -3.356403e+01 -1.781596e+01 -4.000000e+00
      vertex   -3.323607e+01 -1.835114e+01 -1.565959e-14
      vertex   -3.356403e+01 -1.781596e+01 -1.534692e-14
    endloop
  endfacet
  facet normal -9.238795e-01 -3.826834e-01 1.301249e-15
    outer loop
      vertex   -3.356403e+01 -1.781596e+01 -4.000000e+00
      vertex   -3.356403e+01 -1.781596e+01 -1.534692e-14
      vertex   -3.380423e+01 -1.723607e+01 -4.000000e+00
    endloop
  endfacet
  facet normal -9.238795e-01 -3.826834e-01 -3.398912e-16
    outer loop
      vertex   -3.380423e+01 -1.723607e+01 -4.000000e+00
      vertex   -3.356403e+01 -1.781596e+01 -1.534692e-14
      vertex   -3.380423e+01 -1.723607e+01 -1.499535e-14
    endloop
  endfacet
  facet normal -9.723699e-01 -2.334454e-01 -2.073411e-16
    outer loop
      vertex   -3.380423e+01 -1.723607e+01 -4.000000e+00
      vertex   -3.380423e+01 -1.723607e+01 -1.499535e-14
      vertex   -3.395075e+01 -1.662574e+01 -4.000000e+00
    endloop
  endfacet
  facet normal -9.723699e-01 -2.334454e-01 0.000000e+00
    outer loop
      vertex   -3.395075e+01 -1.662574e+01 -4.000000e+00
      vertex   -3.380423e+01 -1.723607e+01 -1.499535e-14
      vertex   -3.395075e+01 -1.662574e+01 -1.461353e-14
    endloop
  endfacet
  facet normal -9.969173e-01 -7.845910e-02 0.000000e+00
    outer loop
      vertex   -3.395075e+01 -1.662574e+01 -4.000000e+00
      vertex   -3.395075e+01 -1.662574e+01 -1.461353e-14
      vertex   -3.400000e+01 -1.600000e+01 -4.000000e+00
    endloop
  endfacet
  facet normal -9.969173e-01 -7.845910e-02 -6.968568e-17
    outer loop
      vertex   -3.400000e+01 -1.600000e+01 -4.000000e+00
      vertex   -3.395075e+01 -1.662574e+01 -1.461353e-14
      vertex   -3.400000e+01 -1.600000e+01 -1.421085e-14
    endloop
  endfacet
  facet normal 0.000000e+00 -1.000000e+00 -0.000000e+00
    outer loop
      vertex   3.000000e+01 -2.000000e+01 -9.714451e-15
      vertex   -3.000000e+01 -2.000000e+01 -1.637579e-14
      vertex   3.000000e+01 -2.000000e+01 -4.000000e+00
    endloop
  endfacet
  facet normal -0.000000e+00 -1.000000e+00 0.000000e+00
    outer loop
      vertex   3.000000e+01 -2.000000e+01 -4.000000e+00
      vertex   -3.000000e+01 -2.000000e+01 -1.637579e-14
      vertex   -3.000000e+01 -2.000000e+01 -4.000000e+00
    endloop
  endfacet
endsolid
