solid ASCII
  facet normal -8.715574e-02 0.000000e+00 9.961947e-01
    outer loop
      vertex   3.250000e+02 0.000000e+00 -2.600000e+01
      vertex   3.250000e+02 2.000000e+00 -2.600000e+01
      vertex   3.246527e+02 0.000000e+00 -2.603038e+01
    endloop
  endfacet
  facet normal -8.715574e-02 0.000000e+00 9.961947e-01
    outer loop
      vertex   3.246527e+02 0.000000e+00 -2.603038e+01
      vertex   3.250000e+02 2.000000e+00 -2.600000e+01
      vertex   3.246527e+02 2.000000e+00 -2.603038e+01
    endloop
  endfacet
  facet normal -2.588190e-01 0.000000e+00 9.659258e-01
    outer loop
      vertex   3.246527e+02 0.000000e+00 -2.603038e+01
      vertex   3.246527e+02 2.000000e+00 -2.603038e+01
      vertex   3.243160e+02 0.000000e+00 -2.612061e+01
    endloop
  endfacet
  facet normal -2.588190e-01 0.000000e+00 9.659258e-01
    outer loop
      vertex   3.243160e+02 0.000000e+00 -2.612061e+01
      vertex   3.246527e+02 2.000000e+00 -2.603038e+01
      vertex   3.243160e+02 2.000000e+00 -2.612061e+01
    endloop
  endfacet
  facet normal -4.226183e-01 0.000000e+00 9.063078e-01
    outer loop
      vertex   3.243160e+02 0.000000e+00 -2.612061e+01
      vertex   3.243160e+02 2.000000e+00 -2.612061e+01
      vertex   3.240000e+02 0.000000e+00 -2.626795e+01
    endloop
  endfacet
  facet normal -4.226183e-01 0.000000e+00 9.063078e-01
    outer loop
      vertex   3.240000e+02 0.000000e+00 -2.626795e+01
      vertex   3.243160e+02 2.000000e+00 -2.612061e+01
      vertex   3.240000e+02 2.000000e+00 -2.626795e+01
    endloop
  endfacet
  facet normal -5.735764e-01 0.000000e+00 8.191520e-01
    outer loop
      vertex   3.240000e+02 0.000000e+00 -2.626795e+01
      vertex   3.240000e+02 2.000000e+00 -2.626795e+01
      vertex   3.237144e+02 0.000000e+00 -2.646791e+01
    endloop
  endfacet
  facet normal -5.735764e-01 0.000000e+00 8.191520e-01
    outer loop
      vertex   3.237144e+02 0.000000e+00 -2.646791e+01
      vertex   3.240000e+02 2.000000e+00 -2.626795e+01
      vertex   3.237144e+02 2.000000e+00 -2.646791e+01
    endloop
  endfacet
  facet normal -7.071068e-01 0.000000e+00 7.071068e-01
    outer loop
      vertex   3.237144e+02 0.000000e+00 -2.646791e+01
      vertex   3.237144e+02 2.000000e+00 -2.646791e+01
      vertex   3.234679e+02 0.000000e+00 -2.671442e+01
    endloop
  endfacet
  facet normal -7.071068e-01 0.000000e+00 7.071068e-01
    outer loop
      vertex   3.234679e+02 0.000000e+00 -2.671442e+01
      vertex   3.237144e+02 2.000000e+00 -2.646791e+01
      vertex   3.234679e+02 2.000000e+00 -2.671442e+01
    endloop
  endfacet
  facet normal -8.191520e-01 0.000000e+00 5.735764e-01
    outer loop
      vertex   3.234679e+02 0.000000e+00 -2.671442e+01
      vertex   3.234679e+02 2.000000e+00 -2.671442e+01
      vertex   3.232679e+02 0.000000e+00 -2.700000e+01
    endloop
  endfacet
  facet normal -8.191520e-01 0.000000e+00 5.735764e-01
    outer loop
      vertex   3.232679e+02 0.000000e+00 -2.700000e+01
      vertex   3.234679e+02 2.000000e+00 -2.671442e+01
      vertex   3.232679e+02 2.000000e+00 -2.700000e+01
    endloop
  endfacet
  facet normal -9.063078e-01 0.000000e+00 4.226183e-01
    outer loop
      vertex   3.232679e+02 0.000000e+00 -2.700000e+01
      vertex   3.232679e+02 2.000000e+00 -2.700000e+01
      vertex   3.231206e+02 0.000000e+00 -2.731596e+01
    endloop
  endfacet
  facet normal -9.063078e-01 0.000000e+00 4.226183e-01
    outer loop
      vertex   3.231206e+02 0.000000e+00 -2.731596e+01
      vertex   3.232679e+02 2.000000e+00 -2.700000e+01
      vertex   3.231206e+02 2.000000e+00 -2.731596e+01
    endloop
  endfacet
  facet normal -9.659258e-01 0.000000e+00 2.588190e-01
    outer loop
      vertex   3.231206e+02 0.000000e+00 -2.731596e+01
      vertex   3.231206e+02 2.000000e+00 -2.731596e+01
      vertex   3.230304e+02 0.000000e+00 -2.765270e+01
    endloop
  endfacet
  facet normal -9.659258e-01 0.000000e+00 2.588190e-01
    outer loop
      vertex   3.230304e+02 0.000000e+00 -2.765270e+01
      vertex   3.231206e+02 2.000000e+00 -2.731596e+01
      vertex   3.230304e+02 2.000000e+00 -2.765270e+01
    endloop
  endfacet
  facet normal -9.961947e-01 0.000000e+00 8.715574e-02
    outer loop
      vertex   3.230304e+02 0.000000e+00 -2.765270e+01
      vertex   3.230304e+02 2.000000e+00 -2.765270e+01
      vertex   3.230000e+02 0.000000e+00 -2.800000e+01
    endloop
  endfacet
  facet normal -9.961947e-01 0.000000e+00 8.715574e-02
    outer loop
      vertex   3.230000e+02 0.000000e+00 -2.800000e+01
      vertex   3.230304e+02 2.000000e+00 -2.765270e+01
      vertex   3.230000e+02 2.000000e+00 -2.800000e+01
    endloop
  endfacet
  facet normal -1.000000e+00 -0.000000e+00 -0.000000e+00
    outer loop
      vertex   3.230000e+02 2.000000e+00 -2.800000e+01
      vertex   3.230000e+02 2.000000e+00 -5.800000e+01
      vertex   3.230000e+02 0.000000e+00 -2.800000e+01
    endloop
  endfacet
  facet normal -1.000000e+00 0.000000e+00 0.000000e+00
    outer loop
      vertex   3.230000e+02 0.000000e+00 -2.800000e+01
      vertex   3.230000e+02 2.000000e+00 -5.800000e+01
      vertex   3.230000e+02 0.000000e+00 -5.800000e+01
    endloop
  endfacet
  facet normal -0.000000e+00 1.000000e+00 0.000000e+00
    outer loop
      vertex   3.537202e+02 2.000000e+00 -5.532156e+01
      vertex   3.537500e+02 2.000000e+00 -5.500000e+01
      vertex   3.570000e+02 2.000000e+00 -5.800000e+01
    endloop
  endfacet
  facet normal 0.000000e+00 1.000000e+00 0.000000e+00
    outer loop
      vertex   3.570000e+02 2.000000e+00 -5.800000e+01
      vertex   3.537500e+02 2.000000e+00 -5.500000e+01
      vertex   3.537202e+02 2.000000e+00 -5.467844e+01
    endloop
  endfacet
  facet normal 0.000000e+00 1.000000e+00 0.000000e+00
    outer loop
      vertex   3.570000e+02 2.000000e+00 -5.800000e+01
      vertex   3.537202e+02 2.000000e+00 -5.467844e+01
      vertex   3.536318e+02 2.000000e+00 -5.436783e+01
    endloop
  endfacet
  facet normal -0.000000e+00 1.000000e+00 -0.000000e+00
    outer loop
      vertex   3.536318e+02 2.000000e+00 -5.436783e+01
      vertex   3.534879e+02 2.000000e+00 -5.407874e+01
      vertex   3.570000e+02 2.000000e+00 -5.800000e+01
    endloop
  endfacet
  facet normal 0.000000e+00 1.000000e+00 0.000000e+00
    outer loop
      vertex   3.570000e+02 2.000000e+00 -5.800000e+01
      vertex   3.534879e+02 2.000000e+00 -5.407874e+01
      vertex   3.534879e+02 2.000000e+00 -3.192126e+01
    endloop
  endfacet
  facet normal 0.000000e+00 1.000000e+00 -0.000000e+00
    outer loop
      vertex   3.570000e+02 2.000000e+00 -5.800000e+01
      vertex   3.534879e+02 2.000000e+00 -3.192126e+01
      vertex   3.570000e+02 2.000000e+00 -2.800000e+01
    endloop
  endfacet
  facet normal 0.000000e+00 1.000000e+00 0.000000e+00
    outer loop
      vertex   3.570000e+02 2.000000e+00 -2.800000e+01
      vertex   3.534879e+02 2.000000e+00 -3.192126e+01
      vertex   3.536318e+02 2.000000e+00 -3.163217e+01
    endloop
  endfacet
  facet normal 0.000000e+00 1.000000e+00 0.000000e+00
    outer loop
      vertex   3.570000e+02 2.000000e+00 -2.800000e+01
      vertex   3.536318e+02 2.000000e+00 -3.163217e+01
      vertex   3.537202e+02 2.000000e+00 -3.132156e+01
    endloop
  endfacet
  facet normal 0.000000e+00 1.000000e+00 -0.000000e+00
    outer loop
      vertex   3.534879e+02 2.000000e+00 -5.407874e+01
      vertex   3.532933e+02 2.000000e+00 -5.382103e+01
      vertex   3.534879e+02 2.000000e+00 -3.192126e+01
    endloop
  endfacet
  facet normal 0.000000e+00 1.000000e+00 0.000000e+00
    outer loop
      vertex   3.534879e+02 2.000000e+00 -3.192126e+01
      vertex   3.532933e+02 2.000000e+00 -5.382103e+01
      vertex   3.532933e+02 2.000000e+00 -3.217897e+01
    endloop
  endfacet
  facet normal 0.000000e+00 1.000000e+00 0.000000e+00
    outer loop
      vertex   3.532933e+02 2.000000e+00 -3.217897e+01
      vertex   3.532933e+02 2.000000e+00 -5.382103e+01
      vertex   3.530546e+02 2.000000e+00 -3.239653e+01
    endloop
  endfacet
  facet normal 0.000000e+00 1.000000e+00 0.000000e+00
    outer loop
      vertex   3.530546e+02 2.000000e+00 -3.239653e+01
      vertex   3.532933e+02 2.000000e+00 -5.382103e+01
      vertex   3.530546e+02 2.000000e+00 -5.360347e+01
    endloop
  endfacet
  facet normal 0.000000e+00 1.000000e+00 0.000000e+00
    outer loop
      vertex   3.530546e+02 2.000000e+00 -3.239653e+01
      vertex   3.530546e+02 2.000000e+00 -5.360347e+01
      vertex   3.527800e+02 2.000000e+00 -3.256654e+01
    endloop
  endfacet
  facet normal 0.000000e+00 1.000000e+00 0.000000e+00
    outer loop
      vertex   3.527800e+02 2.000000e+00 -3.256654e+01
      vertex   3.530546e+02 2.000000e+00 -5.360347e+01
      vertex   3.527800e+02 2.000000e+00 -5.343346e+01
    endloop
  endfacet
  facet normal 0.000000e+00 1.000000e+00 0.000000e+00
    outer loop
      vertex   3.527800e+02 2.000000e+00 -3.256654e+01
      vertex   3.527800e+02 2.000000e+00 -5.343346e+01
      vertex   3.524789e+02 2.000000e+00 -3.268319e+01
    endloop
  endfacet
  facet normal 0.000000e+00 1.000000e+00 0.000000e+00
    outer loop
      vertex   3.524789e+02 2.000000e+00 -3.268319e+01
      vertex   3.527800e+02 2.000000e+00 -5.343346e+01
      vertex   3.524789e+02 2.000000e+00 -5.331681e+01
    endloop
  endfacet
  facet normal 0.000000e+00 1.000000e+00 0.000000e+00
    outer loop
      vertex   3.524789e+02 2.000000e+00 -3.268319e+01
      vertex   3.524789e+02 2.000000e+00 -5.331681e+01
      vertex   3.460000e+02 2.000000e+00 -3.750000e+01
    endloop
  endfacet
  facet normal 0.000000e+00 1.000000e+00 0.000000e+00
    outer loop
      vertex   3.460000e+02 2.000000e+00 -3.750000e+01
      vertex   3.524789e+02 2.000000e+00 -5.331681e+01
      vertex   3.460000e+02 2.000000e+00 -4.850000e+01
    endloop
  endfacet
  facet normal 0.000000e+00 1.000000e+00 0.000000e+00
    outer loop
      vertex   3.460000e+02 2.000000e+00 -4.850000e+01
      vertex   3.524789e+02 2.000000e+00 -5.331681e+01
      vertex   3.521615e+02 2.000000e+00 -5.325747e+01
    endloop
  endfacet
  facet normal 0.000000e+00 1.000000e+00 0.000000e+00
    outer loop
      vertex   3.460000e+02 2.000000e+00 -4.850000e+01
      vertex   3.521615e+02 2.000000e+00 -5.325747e+01
      vertex   3.518385e+02 2.000000e+00 -5.325747e+01
    endloop
  endfacet
  facet normal 0.000000e+00 1.000000e+00 0.000000e+00
    outer loop
      vertex   3.518385e+02 2.000000e+00 -5.325747e+01
      vertex   3.515211e+02 2.000000e+00 -5.331681e+01
      vertex   3.460000e+02 2.000000e+00 -4.850000e+01
    endloop
  endfacet
  facet normal 0.000000e+00 1.000000e+00 0.000000e+00
    outer loop
      vertex   3.460000e+02 2.000000e+00 -4.850000e+01
      vertex   3.515211e+02 2.000000e+00 -5.331681e+01
      vertex   3.512200e+02 2.000000e+00 -5.343346e+01
    endloop
  endfacet
  facet normal 0.000000e+00 1.000000e+00 0.000000e+00
    outer loop
      vertex   3.460000e+02 2.000000e+00 -4.850000e+01
      vertex   3.512200e+02 2.000000e+00 -5.343346e+01
      vertex   3.509454e+02 2.000000e+00 -5.360347e+01
    endloop
  endfacet
  facet normal 0.000000e+00 1.000000e+00 0.000000e+00
    outer loop
      vertex   3.509454e+02 2.000000e+00 -5.360347e+01
      vertex   3.507067e+02 2.000000e+00 -5.382103e+01
      vertex   3.460000e+02 2.000000e+00 -4.850000e+01
    endloop
  endfacet
  facet normal 0.000000e+00 1.000000e+00 0.000000e+00
    outer loop
      vertex   3.460000e+02 2.000000e+00 -4.850000e+01
      vertex   3.507067e+02 2.000000e+00 -5.382103e+01
      vertex   3.505121e+02 2.000000e+00 -5.407874e+01
    endloop
  endfacet
  facet normal 0.000000e+00 1.000000e+00 0.000000e+00
    outer loop
      vertex   3.460000e+02 2.000000e+00 -4.850000e+01
      vertex   3.505121e+02 2.000000e+00 -5.407874e+01
      vertex   3.503682e+02 2.000000e+00 -5.436783e+01
    endloop
  endfacet
  facet normal 0.000000e+00 1.000000e+00 0.000000e+00
    outer loop
      vertex   3.503682e+02 2.000000e+00 -5.436783e+01
      vertex   3.502798e+02 2.000000e+00 -5.467844e+01
      vertex   3.460000e+02 2.000000e+00 -4.850000e+01
    endloop
  endfacet
  facet normal 0.000000e+00 1.000000e+00 0.000000e+00
    outer loop
      vertex   3.460000e+02 2.000000e+00 -4.850000e+01
      vertex   3.502798e+02 2.000000e+00 -5.467844e+01
      vertex   3.502500e+02 2.000000e+00 -5.500000e+01
    endloop
  endfacet
  facet normal 0.000000e+00 1.000000e+00 0.000000e+00
    outer loop
      vertex   3.460000e+02 2.000000e+00 -4.850000e+01
      vertex   3.502500e+02 2.000000e+00 -5.500000e+01
      vertex   3.502798e+02 2.000000e+00 -5.532156e+01
    endloop
  endfacet
  facet normal 0.000000e+00 1.000000e+00 0.000000e+00
    outer loop
      vertex   3.503682e+02 2.000000e+00 -5.563217e+01
      vertex   3.296318e+02 2.000000e+00 -5.563217e+01
      vertex   3.502798e+02 2.000000e+00 -5.532156e+01
    endloop
  endfacet
  facet normal 0.000000e+00 1.000000e+00 0.000000e+00
    outer loop
      vertex   3.502798e+02 2.000000e+00 -5.532156e+01
      vertex   3.296318e+02 2.000000e+00 -5.563217e+01
      vertex   3.297202e+02 2.000000e+00 -5.532156e+01
    endloop
  endfacet
  facet normal 0.000000e+00 1.000000e+00 0.000000e+00
    outer loop
      vertex   3.502798e+02 2.000000e+00 -5.532156e+01
      vertex   3.297202e+02 2.000000e+00 -5.532156e+01
      vertex   3.460000e+02 2.000000e+00 -4.850000e+01
    endloop
  endfacet
  facet normal 0.000000e+00 1.000000e+00 0.000000e+00
    outer loop
      vertex   3.460000e+02 2.000000e+00 -4.850000e+01
      vertex   3.297202e+02 2.000000e+00 -5.532156e+01
      vertex   3.340000e+02 2.000000e+00 -4.850000e+01
    endloop
  endfacet
  facet normal 0.000000e+00 1.000000e+00 0.000000e+00
    outer loop
      vertex   3.340000e+02 2.000000e+00 -4.850000e+01
      vertex   3.297202e+02 2.000000e+00 -5.532156e+01
      vertex   3.297500e+02 2.000000e+00 -5.500000e+01
    endloop
  endfacet
  facet normal 0.000000e+00 1.000000e+00 0.000000e+00
    outer loop
      vertex   3.340000e+02 2.000000e+00 -4.850000e+01
      vertex   3.297500e+02 2.000000e+00 -5.500000e+01
      vertex   3.297202e+02 2.000000e+00 -5.467844e+01
    endloop
  endfacet
  facet normal -0.000000e+00 1.000000e+00 0.000000e+00
    outer loop
      vertex   3.296318e+02 2.000000e+00 -5.563217e+01
      vertex   3.503682e+02 2.000000e+00 -5.563217e+01
      vertex   3.294879e+02 2.000000e+00 -5.592126e+01
    endloop
  endfacet
  facet normal 0.000000e+00 1.000000e+00 0.000000e+00
    outer loop
      vertex   3.294879e+02 2.000000e+00 -5.592126e+01
      vertex   3.503682e+02 2.000000e+00 -5.563217e+01
      vertex   3.505121e+02 2.000000e+00 -5.592126e+01
    endloop
  endfacet
  facet normal -0.000000e+00 1.000000e+00 0.000000e+00
    outer loop
      vertex   3.294879e+02 2.000000e+00 -5.592126e+01
      vertex   3.505121e+02 2.000000e+00 -5.592126e+01
      vertex   3.292933e+02 2.000000e+00 -5.617897e+01
    endloop
  endfacet
  facet normal 0.000000e+00 1.000000e+00 0.000000e+00
    outer loop
      vertex   3.292933e+02 2.000000e+00 -5.617897e+01
      vertex   3.505121e+02 2.000000e+00 -5.592126e+01
      vertex   3.507067e+02 2.000000e+00 -5.617897e+01
    endloop
  endfacet
  facet normal -0.000000e+00 1.000000e+00 0.000000e+00
    outer loop
      vertex   3.292933e+02 2.000000e+00 -5.617897e+01
      vertex   3.507067e+02 2.000000e+00 -5.617897e+01
      vertex   3.290546e+02 2.000000e+00 -5.639653e+01
    endloop
  endfacet
  facet normal 0.000000e+00 1.000000e+00 0.000000e+00
    outer loop
      vertex   3.290546e+02 2.000000e+00 -5.639653e+01
      vertex   3.507067e+02 2.000000e+00 -5.617897e+01
      vertex   3.509454e+02 2.000000e+00 -5.639653e+01
    endloop
  endfacet
  facet normal -0.000000e+00 1.000000e+00 0.000000e+00
    outer loop
      vertex   3.290546e+02 2.000000e+00 -5.639653e+01
      vertex   3.509454e+02 2.000000e+00 -5.639653e+01
      vertex   3.250000e+02 2.000000e+00 -6.000000e+01
    endloop
  endfacet
  facet normal 0.000000e+00 1.000000e+00 0.000000e+00
    outer loop
      vertex   3.250000e+02 2.000000e+00 -6.000000e+01
      vertex   3.509454e+02 2.000000e+00 -5.639653e+01
      vertex   3.550000e+02 2.000000e+00 -6.000000e+01
    endloop
  endfacet
  facet normal 0.000000e+00 1.000000e+00 0.000000e+00
    outer loop
      vertex   3.550000e+02 2.000000e+00 -6.000000e+01
      vertex   3.509454e+02 2.000000e+00 -5.639653e+01
      vertex   3.512200e+02 2.000000e+00 -5.656654e+01
    endloop
  endfacet
  facet normal 0.000000e+00 1.000000e+00 0.000000e+00
    outer loop
      vertex   3.550000e+02 2.000000e+00 -6.000000e+01
      vertex   3.512200e+02 2.000000e+00 -5.656654e+01
      vertex   3.515211e+02 2.000000e+00 -5.668319e+01
    endloop
  endfacet
  facet normal 0.000000e+00 1.000000e+00 0.000000e+00
    outer loop
      vertex   3.515211e+02 2.000000e+00 -5.668319e+01
      vertex   3.518385e+02 2.000000e+00 -5.674253e+01
      vertex   3.550000e+02 2.000000e+00 -6.000000e+01
    endloop
  endfacet
  facet normal 0.000000e+00 1.000000e+00 0.000000e+00
    outer loop
      vertex   3.550000e+02 2.000000e+00 -6.000000e+01
      vertex   3.518385e+02 2.000000e+00 -5.674253e+01
      vertex   3.521615e+02 2.000000e+00 -5.674253e+01
    endloop
  endfacet
  facet normal 0.000000e+00 1.000000e+00 0.000000e+00
    outer loop
      vertex   3.550000e+02 2.000000e+00 -6.000000e+01
      vertex   3.521615e+02 2.000000e+00 -5.674253e+01
      vertex   3.524789e+02 2.000000e+00 -5.668319e+01
    endloop
  endfacet
  facet normal -0.000000e+00 1.000000e+00 0.000000e+00
    outer loop
      vertex   3.524789e+02 2.000000e+00 -5.668319e+01
      vertex   3.527800e+02 2.000000e+00 -5.656654e+01
      vertex   3.550000e+02 2.000000e+00 -6.000000e+01
    endloop
  endfacet
  facet normal 0.000000e+00 1.000000e+00 0.000000e+00
    outer loop
      vertex   3.550000e+02 2.000000e+00 -6.000000e+01
      vertex   3.527800e+02 2.000000e+00 -5.656654e+01
      vertex   3.530546e+02 2.000000e+00 -5.639653e+01
    endloop
  endfacet
  facet normal 0.000000e+00 1.000000e+00 0.000000e+00
    outer loop
      vertex   3.550000e+02 2.000000e+00 -6.000000e+01
      vertex   3.530546e+02 2.000000e+00 -5.639653e+01
      vertex   3.532933e+02 2.000000e+00 -5.617897e+01
    endloop
  endfacet
  facet normal 0.000000e+00 1.000000e+00 0.000000e+00
    outer loop
      vertex   3.534879e+02 2.000000e+00 -5.592126e+01
      vertex   3.570000e+02 2.000000e+00 -5.800000e+01
      vertex   3.532933e+02 2.000000e+00 -5.617897e+01
    endloop
  endfacet
  facet normal 0.000000e+00 1.000000e+00 0.000000e+00
    outer loop
      vertex   3.532933e+02 2.000000e+00 -5.617897e+01
      vertex   3.570000e+02 2.000000e+00 -5.800000e+01
      vertex   3.569696e+02 2.000000e+00 -5.834730e+01
    endloop
  endfacet
  facet normal 0.000000e+00 1.000000e+00 0.000000e+00
    outer loop
      vertex   3.532933e+02 2.000000e+00 -5.617897e+01
      vertex   3.569696e+02 2.000000e+00 -5.834730e+01
      vertex   3.568794e+02 2.000000e+00 -5.868404e+01
    endloop
  endfacet
  facet normal -0.000000e+00 1.000000e+00 0.000000e+00
    outer loop
      vertex   3.534879e+02 2.000000e+00 -5.592126e+01
      vertex   3.536318e+02 2.000000e+00 -5.563217e+01
      vertex   3.570000e+02 2.000000e+00 -5.800000e+01
    endloop
  endfacet
  facet normal 0.000000e+00 1.000000e+00 0.000000e+00
    outer loop
      vertex   3.570000e+02 2.000000e+00 -5.800000e+01
      vertex   3.536318e+02 2.000000e+00 -5.563217e+01
      vertex   3.537202e+02 2.000000e+00 -5.532156e+01
    endloop
  endfacet
  facet normal 0.000000e+00 1.000000e+00 0.000000e+00
    outer loop
      vertex   3.537202e+02 2.000000e+00 -3.132156e+01
      vertex   3.537500e+02 2.000000e+00 -3.100000e+01
      vertex   3.570000e+02 2.000000e+00 -2.800000e+01
    endloop
  endfacet
  facet normal 0.000000e+00 1.000000e+00 0.000000e+00
    outer loop
      vertex   3.570000e+02 2.000000e+00 -2.800000e+01
      vertex   3.537500e+02 2.000000e+00 -3.100000e+01
      vertex   3.537202e+02 2.000000e+00 -3.067844e+01
    endloop
  endfacet
  facet normal 0.000000e+00 1.000000e+00 0.000000e+00
    outer loop
      vertex   3.570000e+02 2.000000e+00 -2.800000e+01
      vertex   3.537202e+02 2.000000e+00 -3.067844e+01
      vertex   3.536318e+02 2.000000e+00 -3.036783e+01
    endloop
  endfacet
  facet normal 0.000000e+00 1.000000e+00 -0.000000e+00
    outer loop
      vertex   3.536318e+02 2.000000e+00 -3.036783e+01
      vertex   3.534879e+02 2.000000e+00 -3.007874e+01
      vertex   3.570000e+02 2.000000e+00 -2.800000e+01
    endloop
  endfacet
  facet normal 0.000000e+00 1.000000e+00 0.000000e+00
    outer loop
      vertex   3.570000e+02 2.000000e+00 -2.800000e+01
      vertex   3.534879e+02 2.000000e+00 -3.007874e+01
      vertex   3.532933e+02 2.000000e+00 -2.982103e+01
    endloop
  endfacet
  facet normal 0.000000e+00 1.000000e+00 0.000000e+00
    outer loop
      vertex   3.570000e+02 2.000000e+00 -2.800000e+01
      vertex   3.532933e+02 2.000000e+00 -2.982103e+01
      vertex   3.550000e+02 2.000000e+00 -2.600000e+01
    endloop
  endfacet
  facet normal 0.000000e+00 1.000000e+00 0.000000e+00
    outer loop
      vertex   3.550000e+02 2.000000e+00 -2.600000e+01
      vertex   3.532933e+02 2.000000e+00 -2.982103e+01
      vertex   3.530546e+02 2.000000e+00 -2.960347e+01
    endloop
  endfacet
  facet normal 0.000000e+00 1.000000e+00 0.000000e+00
    outer loop
      vertex   3.550000e+02 2.000000e+00 -2.600000e+01
      vertex   3.530546e+02 2.000000e+00 -2.960347e+01
      vertex   3.527800e+02 2.000000e+00 -2.943346e+01
    endloop
  endfacet
  facet normal 0.000000e+00 1.000000e+00 -0.000000e+00
    outer loop
      vertex   3.527800e+02 2.000000e+00 -2.943346e+01
      vertex   3.524789e+02 2.000000e+00 -2.931681e+01
      vertex   3.550000e+02 2.000000e+00 -2.600000e+01
    endloop
  endfacet
  facet normal 0.000000e+00 1.000000e+00 0.000000e+00
    outer loop
      vertex   3.550000e+02 2.000000e+00 -2.600000e+01
      vertex   3.524789e+02 2.000000e+00 -2.931681e+01
      vertex   3.521615e+02 2.000000e+00 -2.925747e+01
    endloop
  endfacet
  facet normal 0.000000e+00 1.000000e+00 0.000000e+00
    outer loop
      vertex   3.550000e+02 2.000000e+00 -2.600000e+01
      vertex   3.521615e+02 2.000000e+00 -2.925747e+01
      vertex   3.518385e+02 2.000000e+00 -2.925747e+01
    endloop
  endfacet
  facet normal 0.000000e+00 1.000000e+00 -0.000000e+00
    outer loop
      vertex   3.518385e+02 2.000000e+00 -2.925747e+01
      vertex   3.515211e+02 2.000000e+00 -2.931681e+01
      vertex   3.550000e+02 2.000000e+00 -2.600000e+01
    endloop
  endfacet
  facet normal 0.000000e+00 1.000000e+00 0.000000e+00
    outer loop
      vertex   3.550000e+02 2.000000e+00 -2.600000e+01
      vertex   3.515211e+02 2.000000e+00 -2.931681e+01
      vertex   3.512200e+02 2.000000e+00 -2.943346e+01
    endloop
  endfacet
  facet normal 0.000000e+00 1.000000e+00 0.000000e+00
    outer loop
      vertex   3.550000e+02 2.000000e+00 -2.600000e+01
      vertex   3.512200e+02 2.000000e+00 -2.943346e+01
      vertex   3.509454e+02 2.000000e+00 -2.960347e+01
    endloop
  endfacet
  facet normal 0.000000e+00 1.000000e+00 -0.000000e+00
    outer loop
      vertex   3.507067e+02 2.000000e+00 -2.982103e+01
      vertex   3.292933e+02 2.000000e+00 -2.982103e+01
      vertex   3.509454e+02 2.000000e+00 -2.960347e+01
    endloop
  endfacet
  facet normal 0.000000e+00 1.000000e+00 0.000000e+00
    outer loop
      vertex   3.509454e+02 2.000000e+00 -2.960347e+01
      vertex   3.292933e+02 2.000000e+00 -2.982103e+01
      vertex   3.290546e+02 2.000000e+00 -2.960347e+01
    endloop
  endfacet
  facet normal 0.000000e+00 1.000000e+00 -0.000000e+00
    outer loop
      vertex   3.509454e+02 2.000000e+00 -2.960347e+01
      vertex   3.290546e+02 2.000000e+00 -2.960347e+01
      vertex   3.550000e+02 2.000000e+00 -2.600000e+01
    endloop
  endfacet
  facet normal 0.000000e+00 1.000000e+00 0.000000e+00
    outer loop
      vertex   3.550000e+02 2.000000e+00 -2.600000e+01
      vertex   3.290546e+02 2.000000e+00 -2.960347e+01
      vertex   3.250000e+02 2.000000e+00 -2.600000e+01
    endloop
  endfacet
  facet normal 0.000000e+00 1.000000e+00 0.000000e+00
    outer loop
      vertex   3.250000e+02 2.000000e+00 -2.600000e+01
      vertex   3.290546e+02 2.000000e+00 -2.960347e+01
      vertex   3.287800e+02 2.000000e+00 -2.943346e+01
    endloop
  endfacet
  facet normal 0.000000e+00 1.000000e+00 0.000000e+00
    outer loop
      vertex   3.250000e+02 2.000000e+00 -2.600000e+01
      vertex   3.287800e+02 2.000000e+00 -2.943346e+01
      vertex   3.284789e+02 2.000000e+00 -2.931681e+01
    endloop
  endfacet
  facet normal -0.000000e+00 1.000000e+00 0.000000e+00
    outer loop
      vertex   3.292933e+02 2.000000e+00 -2.982103e+01
      vertex   3.507067e+02 2.000000e+00 -2.982103e+01
      vertex   3.294879e+02 2.000000e+00 -3.007874e+01
    endloop
  endfacet
  facet normal 0.000000e+00 1.000000e+00 0.000000e+00
    outer loop
      vertex   3.294879e+02 2.000000e+00 -3.007874e+01
      vertex   3.507067e+02 2.000000e+00 -2.982103e+01
      vertex   3.505121e+02 2.000000e+00 -3.007874e+01
    endloop
  endfacet
  facet normal -0.000000e+00 1.000000e+00 0.000000e+00
    outer loop
      vertex   3.294879e+02 2.000000e+00 -3.007874e+01
      vertex   3.505121e+02 2.000000e+00 -3.007874e+01
      vertex   3.296318e+02 2.000000e+00 -3.036783e+01
    endloop
  endfacet
  facet normal 0.000000e+00 1.000000e+00 0.000000e+00
    outer loop
      vertex   3.296318e+02 2.000000e+00 -3.036783e+01
      vertex   3.505121e+02 2.000000e+00 -3.007874e+01
      vertex   3.503682e+02 2.000000e+00 -3.036783e+01
    endloop
  endfacet
  facet normal -0.000000e+00 1.000000e+00 0.000000e+00
    outer loop
      vertex   3.296318e+02 2.000000e+00 -3.036783e+01
      vertex   3.503682e+02 2.000000e+00 -3.036783e+01
      vertex   3.297202e+02 2.000000e+00 -3.067844e+01
    endloop
  endfacet
  facet normal 0.000000e+00 1.000000e+00 0.000000e+00
    outer loop
      vertex   3.297202e+02 2.000000e+00 -3.067844e+01
      vertex   3.503682e+02 2.000000e+00 -3.036783e+01
      vertex   3.502798e+02 2.000000e+00 -3.067844e+01
    endloop
  endfacet
  facet normal -0.000000e+00 1.000000e+00 0.000000e+00
    outer loop
      vertex   3.297202e+02 2.000000e+00 -3.067844e+01
      vertex   3.502798e+02 2.000000e+00 -3.067844e+01
      vertex   3.340000e+02 2.000000e+00 -3.750000e+01
    endloop
  endfacet
  facet normal 0.000000e+00 1.000000e+00 0.000000e+00
    outer loop
      vertex   3.340000e+02 2.000000e+00 -3.750000e+01
      vertex   3.502798e+02 2.000000e+00 -3.067844e+01
      vertex   3.460000e+02 2.000000e+00 -3.750000e+01
    endloop
  endfacet
  facet normal 0.000000e+00 1.000000e+00 0.000000e+00
    outer loop
      vertex   3.460000e+02 2.000000e+00 -3.750000e+01
      vertex   3.502798e+02 2.000000e+00 -3.067844e+01
      vertex   3.502500e+02 2.000000e+00 -3.100000e+01
    endloop
  endfacet
  facet normal 0.000000e+00 1.000000e+00 0.000000e+00
    outer loop
      vertex   3.460000e+02 2.000000e+00 -3.750000e+01
      vertex   3.502500e+02 2.000000e+00 -3.100000e+01
      vertex   3.502798e+02 2.000000e+00 -3.132156e+01
    endloop
  endfacet
  facet normal 0.000000e+00 1.000000e+00 0.000000e+00
    outer loop
      vertex   3.502798e+02 2.000000e+00 -3.132156e+01
      vertex   3.503682e+02 2.000000e+00 -3.163217e+01
      vertex   3.460000e+02 2.000000e+00 -3.750000e+01
    endloop
  endfacet
  facet normal 0.000000e+00 1.000000e+00 0.000000e+00
    outer loop
      vertex   3.460000e+02 2.000000e+00 -3.750000e+01
      vertex   3.503682e+02 2.000000e+00 -3.163217e+01
      vertex   3.505121e+02 2.000000e+00 -3.192126e+01
    endloop
  endfacet
  facet normal 0.000000e+00 1.000000e+00 0.000000e+00
    outer loop
      vertex   3.460000e+02 2.000000e+00 -3.750000e+01
      vertex   3.505121e+02 2.000000e+00 -3.192126e+01
      vertex   3.507067e+02 2.000000e+00 -3.217897e+01
    endloop
  endfacet
  facet normal 0.000000e+00 1.000000e+00 0.000000e+00
    outer loop
      vertex   3.507067e+02 2.000000e+00 -3.217897e+01
      vertex   3.509454e+02 2.000000e+00 -3.239653e+01
      vertex   3.460000e+02 2.000000e+00 -3.750000e+01
    endloop
  endfacet
  facet normal 0.000000e+00 1.000000e+00 0.000000e+00
    outer loop
      vertex   3.460000e+02 2.000000e+00 -3.750000e+01
      vertex   3.509454e+02 2.000000e+00 -3.239653e+01
      vertex   3.512200e+02 2.000000e+00 -3.256654e+01
    endloop
  endfacet
  facet normal 0.000000e+00 1.000000e+00 0.000000e+00
    outer loop
      vertex   3.460000e+02 2.000000e+00 -3.750000e+01
      vertex   3.512200e+02 2.000000e+00 -3.256654e+01
      vertex   3.515211e+02 2.000000e+00 -3.268319e+01
    endloop
  endfacet
  facet normal 0.000000e+00 1.000000e+00 0.000000e+00
    outer loop
      vertex   3.515211e+02 2.000000e+00 -3.268319e+01
      vertex   3.518385e+02 2.000000e+00 -3.274253e+01
      vertex   3.460000e+02 2.000000e+00 -3.750000e+01
    endloop
  endfacet
  facet normal 0.000000e+00 1.000000e+00 0.000000e+00
    outer loop
      vertex   3.460000e+02 2.000000e+00 -3.750000e+01
      vertex   3.518385e+02 2.000000e+00 -3.274253e+01
      vertex   3.521615e+02 2.000000e+00 -3.274253e+01
    endloop
  endfacet
  facet normal 0.000000e+00 1.000000e+00 0.000000e+00
    outer loop
      vertex   3.460000e+02 2.000000e+00 -3.750000e+01
      vertex   3.521615e+02 2.000000e+00 -3.274253e+01
      vertex   3.524789e+02 2.000000e+00 -3.268319e+01
    endloop
  endfacet
  facet normal 0.000000e+00 1.000000e+00 -0.000000e+00
    outer loop
      vertex   3.297202e+02 2.000000e+00 -5.467844e+01
      vertex   3.296318e+02 2.000000e+00 -5.436783e+01
      vertex   3.340000e+02 2.000000e+00 -4.850000e+01
    endloop
  endfacet
  facet normal 0.000000e+00 1.000000e+00 0.000000e+00
    outer loop
      vertex   3.340000e+02 2.000000e+00 -4.850000e+01
      vertex   3.296318e+02 2.000000e+00 -5.436783e+01
      vertex   3.294879e+02 2.000000e+00 -5.407874e+01
    endloop
  endfacet
  facet normal 0.000000e+00 1.000000e+00 0.000000e+00
    outer loop
      vertex   3.340000e+02 2.000000e+00 -4.850000e+01
      vertex   3.294879e+02 2.000000e+00 -5.407874e+01
      vertex   3.292933e+02 2.000000e+00 -5.382103e+01
    endloop
  endfacet
  facet normal 0.000000e+00 1.000000e+00 -0.000000e+00
    outer loop
      vertex   3.292933e+02 2.000000e+00 -5.382103e+01
      vertex   3.290546e+02 2.000000e+00 -5.360347e+01
      vertex   3.340000e+02 2.000000e+00 -4.850000e+01
    endloop
  endfacet
  facet normal 0.000000e+00 1.000000e+00 0.000000e+00
    outer loop
      vertex   3.340000e+02 2.000000e+00 -4.850000e+01
      vertex   3.290546e+02 2.000000e+00 -5.360347e+01
      vertex   3.287800e+02 2.000000e+00 -5.343346e+01
    endloop
  endfacet
  facet normal 0.000000e+00 1.000000e+00 0.000000e+00
    outer loop
      vertex   3.340000e+02 2.000000e+00 -4.850000e+01
      vertex   3.287800e+02 2.000000e+00 -5.343346e+01
      vertex   3.284789e+02 2.000000e+00 -5.331681e+01
    endloop
  endfacet
  facet normal 0.000000e+00 1.000000e+00 -0.000000e+00
    outer loop
      vertex   3.284789e+02 2.000000e+00 -5.331681e+01
      vertex   3.281615e+02 2.000000e+00 -5.325747e+01
      vertex   3.340000e+02 2.000000e+00 -4.850000e+01
    endloop
  endfacet
  facet normal 0.000000e+00 1.000000e+00 0.000000e+00
    outer loop
      vertex   3.340000e+02 2.000000e+00 -4.850000e+01
      vertex   3.281615e+02 2.000000e+00 -5.325747e+01
      vertex   3.278385e+02 2.000000e+00 -5.325747e+01
    endloop
  endfacet
  facet normal 0.000000e+00 1.000000e+00 0.000000e+00
    outer loop
      vertex   3.340000e+02 2.000000e+00 -4.850000e+01
      vertex   3.278385e+02 2.000000e+00 -5.325747e+01
      vertex   3.275211e+02 2.000000e+00 -5.331681e+01
    endloop
  endfacet
  facet normal 0.000000e+00 1.000000e+00 0.000000e+00
    outer loop
      vertex   3.272200e+02 2.000000e+00 -5.343346e+01
      vertex   3.275211e+02 2.000000e+00 -3.268319e+01
      vertex   3.275211e+02 2.000000e+00 -5.331681e+01
    endloop
  endfacet
  facet normal 0.000000e+00 1.000000e+00 0.000000e+00
    outer loop
      vertex   3.275211e+02 2.000000e+00 -5.331681e+01
      vertex   3.275211e+02 2.000000e+00 -3.268319e+01
      vertex   3.340000e+02 2.000000e+00 -3.750000e+01
    endloop
  endfacet
  facet normal 0.000000e+00 1.000000e+00 0.000000e+00
    outer loop
      vertex   3.275211e+02 2.000000e+00 -5.331681e+01
      vertex   3.340000e+02 2.000000e+00 -3.750000e+01
      vertex   3.340000e+02 2.000000e+00 -4.850000e+01
    endloop
  endfacet
  facet normal 0.000000e+00 1.000000e+00 0.000000e+00
    outer loop
      vertex   3.275211e+02 2.000000e+00 -3.268319e+01
      vertex   3.272200e+02 2.000000e+00 -5.343346e+01
      vertex   3.272200e+02 2.000000e+00 -3.256654e+01
    endloop
  endfacet
  facet normal 0.000000e+00 1.000000e+00 0.000000e+00
    outer loop
      vertex   3.272200e+02 2.000000e+00 -3.256654e+01
      vertex   3.272200e+02 2.000000e+00 -5.343346e+01
      vertex   3.269454e+02 2.000000e+00 -5.360347e+01
    endloop
  endfacet
  facet normal 0.000000e+00 1.000000e+00 0.000000e+00
    outer loop
      vertex   3.272200e+02 2.000000e+00 -3.256654e+01
      vertex   3.269454e+02 2.000000e+00 -5.360347e+01
      vertex   3.269454e+02 2.000000e+00 -3.239653e+01
    endloop
  endfacet
  facet normal 0.000000e+00 1.000000e+00 0.000000e+00
    outer loop
      vertex   3.269454e+02 2.000000e+00 -3.239653e+01
      vertex   3.269454e+02 2.000000e+00 -5.360347e+01
      vertex   3.267067e+02 2.000000e+00 -5.382103e+01
    endloop
  endfacet
  facet normal 0.000000e+00 1.000000e+00 0.000000e+00
    outer loop
      vertex   3.269454e+02 2.000000e+00 -3.239653e+01
      vertex   3.267067e+02 2.000000e+00 -5.382103e+01
      vertex   3.267067e+02 2.000000e+00 -3.217897e+01
    endloop
  endfacet
  facet normal 0.000000e+00 1.000000e+00 0.000000e+00
    outer loop
      vertex   3.267067e+02 2.000000e+00 -3.217897e+01
      vertex   3.267067e+02 2.000000e+00 -5.382103e+01
      vertex   3.265121e+02 2.000000e+00 -3.192126e+01
    endloop
  endfacet
  facet normal 0.000000e+00 1.000000e+00 0.000000e+00
    outer loop
      vertex   3.265121e+02 2.000000e+00 -3.192126e+01
      vertex   3.267067e+02 2.000000e+00 -5.382103e+01
      vertex   3.265121e+02 2.000000e+00 -5.407874e+01
    endloop
  endfacet
  facet normal 0.000000e+00 1.000000e+00 0.000000e+00
    outer loop
      vertex   3.265121e+02 2.000000e+00 -3.192126e+01
      vertex   3.265121e+02 2.000000e+00 -5.407874e+01
      vertex   3.230000e+02 2.000000e+00 -5.800000e+01
    endloop
  endfacet
  facet normal 0.000000e+00 1.000000e+00 0.000000e+00
    outer loop
      vertex   3.230000e+02 2.000000e+00 -5.800000e+01
      vertex   3.265121e+02 2.000000e+00 -5.407874e+01
      vertex   3.263682e+02 2.000000e+00 -5.436783e+01
    endloop
  endfacet
  facet normal 0.000000e+00 1.000000e+00 0.000000e+00
    outer loop
      vertex   3.230000e+02 2.000000e+00 -5.800000e+01
      vertex   3.263682e+02 2.000000e+00 -5.436783e+01
      vertex   3.262798e+02 2.000000e+00 -5.467844e+01
    endloop
  endfacet
  facet normal 0.000000e+00 1.000000e+00 0.000000e+00
    outer loop
      vertex   3.262798e+02 2.000000e+00 -5.467844e+01
      vertex   3.262500e+02 2.000000e+00 -5.500000e+01
      vertex   3.230000e+02 2.000000e+00 -5.800000e+01
    endloop
  endfacet
  facet normal 0.000000e+00 1.000000e+00 0.000000e+00
    outer loop
      vertex   3.230000e+02 2.000000e+00 -5.800000e+01
      vertex   3.262500e+02 2.000000e+00 -5.500000e+01
      vertex   3.262798e+02 2.000000e+00 -5.532156e+01
    endloop
  endfacet
  facet normal 0.000000e+00 1.000000e+00 0.000000e+00
    outer loop
      vertex   3.230000e+02 2.000000e+00 -5.800000e+01
      vertex   3.262798e+02 2.000000e+00 -5.532156e+01
      vertex   3.263682e+02 2.000000e+00 -5.563217e+01
    endloop
  endfacet
  facet normal 0.000000e+00 1.000000e+00 0.000000e+00
    outer loop
      vertex   3.263682e+02 2.000000e+00 -5.563217e+01
      vertex   3.265121e+02 2.000000e+00 -5.592126e+01
      vertex   3.230000e+02 2.000000e+00 -5.800000e+01
    endloop
  endfacet
  facet normal 0.000000e+00 1.000000e+00 0.000000e+00
    outer loop
      vertex   3.230000e+02 2.000000e+00 -5.800000e+01
      vertex   3.265121e+02 2.000000e+00 -5.592126e+01
      vertex   3.267067e+02 2.000000e+00 -5.617897e+01
    endloop
  endfacet
  facet normal -0.000000e+00 1.000000e+00 0.000000e+00
    outer loop
      vertex   3.230000e+02 2.000000e+00 -5.800000e+01
      vertex   3.267067e+02 2.000000e+00 -5.617897e+01
      vertex   3.230304e+02 2.000000e+00 -5.834730e+01
    endloop
  endfacet
  facet normal -0.000000e+00 1.000000e+00 0.000000e+00
    outer loop
      vertex   3.230304e+02 2.000000e+00 -5.834730e+01
      vertex   3.267067e+02 2.000000e+00 -5.617897e+01
      vertex   3.231206e+02 2.000000e+00 -5.868404e+01
    endloop
  endfacet
  facet normal -0.000000e+00 1.000000e+00 0.000000e+00
    outer loop
      vertex   3.231206e+02 2.000000e+00 -5.868404e+01
      vertex   3.267067e+02 2.000000e+00 -5.617897e+01
      vertex   3.232679e+02 2.000000e+00 -5.900000e+01
    endloop
  endfacet
  facet normal -0.000000e+00 1.000000e+00 0.000000e+00
    outer loop
      vertex   3.232679e+02 2.000000e+00 -5.900000e+01
      vertex   3.267067e+02 2.000000e+00 -5.617897e+01
      vertex   3.234679e+02 2.000000e+00 -5.928558e+01
    endloop
  endfacet
  facet normal -0.000000e+00 1.000000e+00 0.000000e+00
    outer loop
      vertex   3.234679e+02 2.000000e+00 -5.928558e+01
      vertex   3.267067e+02 2.000000e+00 -5.617897e+01
      vertex   3.237144e+02 2.000000e+00 -5.953209e+01
    endloop
  endfacet
  facet normal -0.000000e+00 1.000000e+00 0.000000e+00
    outer loop
      vertex   3.237144e+02 2.000000e+00 -5.953209e+01
      vertex   3.267067e+02 2.000000e+00 -5.617897e+01
      vertex   3.240000e+02 2.000000e+00 -5.973205e+01
    endloop
  endfacet
  facet normal -0.000000e+00 1.000000e+00 0.000000e+00
    outer loop
      vertex   3.240000e+02 2.000000e+00 -5.973205e+01
      vertex   3.267067e+02 2.000000e+00 -5.617897e+01
      vertex   3.243160e+02 2.000000e+00 -5.987939e+01
    endloop
  endfacet
  facet normal -0.000000e+00 1.000000e+00 0.000000e+00
    outer loop
      vertex   3.243160e+02 2.000000e+00 -5.987939e+01
      vertex   3.267067e+02 2.000000e+00 -5.617897e+01
      vertex   3.246527e+02 2.000000e+00 -5.996962e+01
    endloop
  endfacet
  facet normal -0.000000e+00 1.000000e+00 0.000000e+00
    outer loop
      vertex   3.246527e+02 2.000000e+00 -5.996962e+01
      vertex   3.267067e+02 2.000000e+00 -5.617897e+01
      vertex   3.250000e+02 2.000000e+00 -6.000000e+01
    endloop
  endfacet
  facet normal 0.000000e+00 1.000000e+00 0.000000e+00
    outer loop
      vertex   3.250000e+02 2.000000e+00 -6.000000e+01
      vertex   3.267067e+02 2.000000e+00 -5.617897e+01
      vertex   3.269454e+02 2.000000e+00 -5.639653e+01
    endloop
  endfacet
  facet normal 0.000000e+00 1.000000e+00 0.000000e+00
    outer loop
      vertex   3.250000e+02 2.000000e+00 -6.000000e+01
      vertex   3.269454e+02 2.000000e+00 -5.639653e+01
      vertex   3.272200e+02 2.000000e+00 -5.656654e+01
    endloop
  endfacet
  facet normal 0.000000e+00 1.000000e+00 0.000000e+00
    outer loop
      vertex   3.272200e+02 2.000000e+00 -5.656654e+01
      vertex   3.275211e+02 2.000000e+00 -5.668319e+01
      vertex   3.250000e+02 2.000000e+00 -6.000000e+01
    endloop
  endfacet
  facet normal 0.000000e+00 1.000000e+00 0.000000e+00
    outer loop
      vertex   3.250000e+02 2.000000e+00 -6.000000e+01
      vertex   3.275211e+02 2.000000e+00 -5.668319e+01
      vertex   3.278385e+02 2.000000e+00 -5.674253e+01
    endloop
  endfacet
  facet normal 0.000000e+00 1.000000e+00 0.000000e+00
    outer loop
      vertex   3.250000e+02 2.000000e+00 -6.000000e+01
      vertex   3.278385e+02 2.000000e+00 -5.674253e+01
      vertex   3.281615e+02 2.000000e+00 -5.674253e+01
    endloop
  endfacet
  facet normal -0.000000e+00 1.000000e+00 0.000000e+00
    outer loop
      vertex   3.281615e+02 2.000000e+00 -5.674253e+01
      vertex   3.284789e+02 2.000000e+00 -5.668319e+01
      vertex   3.250000e+02 2.000000e+00 -6.000000e+01
    endloop
  endfacet
  facet normal 0.000000e+00 1.000000e+00 0.000000e+00
    outer loop
      vertex   3.250000e+02 2.000000e+00 -6.000000e+01
      vertex   3.284789e+02 2.000000e+00 -5.668319e+01
      vertex   3.287800e+02 2.000000e+00 -5.656654e+01
    endloop
  endfacet
  facet normal 0.000000e+00 1.000000e+00 0.000000e+00
    outer loop
      vertex   3.250000e+02 2.000000e+00 -6.000000e+01
      vertex   3.287800e+02 2.000000e+00 -5.656654e+01
      vertex   3.290546e+02 2.000000e+00 -5.639653e+01
    endloop
  endfacet
  facet normal -0.000000e+00 1.000000e+00 0.000000e+00
    outer loop
      vertex   3.297202e+02 2.000000e+00 -3.132156e+01
      vertex   3.297500e+02 2.000000e+00 -3.100000e+01
      vertex   3.340000e+02 2.000000e+00 -3.750000e+01
    endloop
  endfacet
  facet normal 0.000000e+00 1.000000e+00 0.000000e+00
    outer loop
      vertex   3.340000e+02 2.000000e+00 -3.750000e+01
      vertex   3.297500e+02 2.000000e+00 -3.100000e+01
      vertex   3.297202e+02 2.000000e+00 -3.067844e+01
    endloop
  endfacet
  facet normal 0.000000e+00 1.000000e+00 0.000000e+00
    outer loop
      vertex   3.284789e+02 2.000000e+00 -2.931681e+01
      vertex   3.281615e+02 2.000000e+00 -2.925747e+01
      vertex   3.250000e+02 2.000000e+00 -2.600000e+01
    endloop
  endfacet
  facet normal 0.000000e+00 1.000000e+00 0.000000e+00
    outer loop
      vertex   3.250000e+02 2.000000e+00 -2.600000e+01
      vertex   3.281615e+02 2.000000e+00 -2.925747e+01
      vertex   3.278385e+02 2.000000e+00 -2.925747e+01
    endloop
  endfacet
  facet normal 0.000000e+00 1.000000e+00 0.000000e+00
    outer loop
      vertex   3.250000e+02 2.000000e+00 -2.600000e+01
      vertex   3.278385e+02 2.000000e+00 -2.925747e+01
      vertex   3.275211e+02 2.000000e+00 -2.931681e+01
    endloop
  endfacet
  facet normal 0.000000e+00 1.000000e+00 0.000000e+00
    outer loop
      vertex   3.275211e+02 2.000000e+00 -2.931681e+01
      vertex   3.272200e+02 2.000000e+00 -2.943346e+01
      vertex   3.250000e+02 2.000000e+00 -2.600000e+01
    endloop
  endfacet
  facet normal 0.000000e+00 1.000000e+00 0.000000e+00
    outer loop
      vertex   3.250000e+02 2.000000e+00 -2.600000e+01
      vertex   3.272200e+02 2.000000e+00 -2.943346e+01
      vertex   3.269454e+02 2.000000e+00 -2.960347e+01
    endloop
  endfacet
  facet normal 0.000000e+00 1.000000e+00 0.000000e+00
    outer loop
      vertex   3.250000e+02 2.000000e+00 -2.600000e+01
      vertex   3.269454e+02 2.000000e+00 -2.960347e+01
      vertex   3.267067e+02 2.000000e+00 -2.982103e+01
    endloop
  endfacet
  facet normal 0.000000e+00 1.000000e+00 0.000000e+00
    outer loop
      vertex   3.250000e+02 2.000000e+00 -2.600000e+01
      vertex   3.267067e+02 2.000000e+00 -2.982103e+01
      vertex   3.230000e+02 2.000000e+00 -2.800000e+01
    endloop
  endfacet
  facet normal 0.000000e+00 1.000000e+00 0.000000e+00
    outer loop
      vertex   3.230000e+02 2.000000e+00 -2.800000e+01
      vertex   3.267067e+02 2.000000e+00 -2.982103e+01
      vertex   3.265121e+02 2.000000e+00 -3.007874e+01
    endloop
  endfacet
  facet normal 0.000000e+00 1.000000e+00 0.000000e+00
    outer loop
      vertex   3.230000e+02 2.000000e+00 -2.800000e+01
      vertex   3.265121e+02 2.000000e+00 -3.007874e+01
      vertex   3.263682e+02 2.000000e+00 -3.036783e+01
    endloop
  endfacet
  facet normal 0.000000e+00 1.000000e+00 0.000000e+00
    outer loop
      vertex   3.263682e+02 2.000000e+00 -3.036783e+01
      vertex   3.262798e+02 2.000000e+00 -3.067844e+01
      vertex   3.230000e+02 2.000000e+00 -2.800000e+01
    endloop
  endfacet
  facet normal 0.000000e+00 1.000000e+00 0.000000e+00
    outer loop
      vertex   3.230000e+02 2.000000e+00 -2.800000e+01
      vertex   3.262798e+02 2.000000e+00 -3.067844e+01
      vertex   3.262500e+02 2.000000e+00 -3.100000e+01
    endloop
  endfacet
  facet normal 0.000000e+00 1.000000e+00 0.000000e+00
    outer loop
      vertex   3.230000e+02 2.000000e+00 -2.800000e+01
      vertex   3.262500e+02 2.000000e+00 -3.100000e+01
      vertex   3.262798e+02 2.000000e+00 -3.132156e+01
    endloop
  endfacet
  facet normal 0.000000e+00 1.000000e+00 0.000000e+00
    outer loop
      vertex   3.262798e+02 2.000000e+00 -3.132156e+01
      vertex   3.263682e+02 2.000000e+00 -3.163217e+01
      vertex   3.230000e+02 2.000000e+00 -2.800000e+01
    endloop
  endfacet
  facet normal 0.000000e+00 1.000000e+00 0.000000e+00
    outer loop
      vertex   3.230000e+02 2.000000e+00 -2.800000e+01
      vertex   3.263682e+02 2.000000e+00 -3.163217e+01
      vertex   3.265121e+02 2.000000e+00 -3.192126e+01
    endloop
  endfacet
  facet normal 0.000000e+00 1.000000e+00 0.000000e+00
    outer loop
      vertex   3.230000e+02 2.000000e+00 -2.800000e+01
      vertex   3.265121e+02 2.000000e+00 -3.192126e+01
      vertex   3.230000e+02 2.000000e+00 -5.800000e+01
    endloop
  endfacet
  facet normal 0.000000e+00 1.000000e+00 0.000000e+00
    outer loop
      vertex   3.275211e+02 2.000000e+00 -3.268319e+01
      vertex   3.278385e+02 2.000000e+00 -3.274253e+01
      vertex   3.340000e+02 2.000000e+00 -3.750000e+01
    endloop
  endfacet
  facet normal 0.000000e+00 1.000000e+00 0.000000e+00
    outer loop
      vertex   3.340000e+02 2.000000e+00 -3.750000e+01
      vertex   3.278385e+02 2.000000e+00 -3.274253e+01
      vertex   3.281615e+02 2.000000e+00 -3.274253e+01
    endloop
  endfacet
  facet normal 0.000000e+00 1.000000e+00 0.000000e+00
    outer loop
      vertex   3.340000e+02 2.000000e+00 -3.750000e+01
      vertex   3.281615e+02 2.000000e+00 -3.274253e+01
      vertex   3.284789e+02 2.000000e+00 -3.268319e+01
    endloop
  endfacet
  facet normal -0.000000e+00 1.000000e+00 0.000000e+00
    outer loop
      vertex   3.284789e+02 2.000000e+00 -3.268319e+01
      vertex   3.287800e+02 2.000000e+00 -3.256654e+01
      vertex   3.340000e+02 2.000000e+00 -3.750000e+01
    endloop
  endfacet
  facet normal 0.000000e+00 1.000000e+00 0.000000e+00
    outer loop
      vertex   3.340000e+02 2.000000e+00 -3.750000e+01
      vertex   3.287800e+02 2.000000e+00 -3.256654e+01
      vertex   3.290546e+02 2.000000e+00 -3.239653e+01
    endloop
  endfacet
  facet normal 0.000000e+00 1.000000e+00 0.000000e+00
    outer loop
      vertex   3.340000e+02 2.000000e+00 -3.750000e+01
      vertex   3.290546e+02 2.000000e+00 -3.239653e+01
      vertex   3.292933e+02 2.000000e+00 -3.217897e+01
    endloop
  endfacet
  facet normal -0.000000e+00 1.000000e+00 0.000000e+00
    outer loop
      vertex   3.292933e+02 2.000000e+00 -3.217897e+01
      vertex   3.294879e+02 2.000000e+00 -3.192126e+01
      vertex   3.340000e+02 2.000000e+00 -3.750000e+01
    endloop
  endfacet
  facet normal 0.000000e+00 1.000000e+00 0.000000e+00
    outer loop
      vertex   3.340000e+02 2.000000e+00 -3.750000e+01
      vertex   3.294879e+02 2.000000e+00 -3.192126e+01
      vertex   3.296318e+02 2.000000e+00 -3.163217e+01
    endloop
  endfacet
  facet normal 0.000000e+00 1.000000e+00 0.000000e+00
    outer loop
      vertex   3.340000e+02 2.000000e+00 -3.750000e+01
      vertex   3.296318e+02 2.000000e+00 -3.163217e+01
      vertex   3.297202e+02 2.000000e+00 -3.132156e+01
    endloop
  endfacet
  facet normal 0.000000e+00 1.000000e+00 0.000000e+00
    outer loop
      vertex   3.230000e+02 2.000000e+00 -2.800000e+01
      vertex   3.230304e+02 2.000000e+00 -2.765270e+01
      vertex   3.250000e+02 2.000000e+00 -2.600000e+01
    endloop
  endfacet
  facet normal 0.000000e+00 1.000000e+00 0.000000e+00
    outer loop
      vertex   3.250000e+02 2.000000e+00 -2.600000e+01
      vertex   3.230304e+02 2.000000e+00 -2.765270e+01
      vertex   3.231206e+02 2.000000e+00 -2.731596e+01
    endloop
  endfacet
  facet normal 0.000000e+00 1.000000e+00 0.000000e+00
    outer loop
      vertex   3.250000e+02 2.000000e+00 -2.600000e+01
      vertex   3.231206e+02 2.000000e+00 -2.731596e+01
      vertex   3.232679e+02 2.000000e+00 -2.700000e+01
    endloop
  endfacet
  facet normal 0.000000e+00 1.000000e+00 0.000000e+00
    outer loop
      vertex   3.232679e+02 2.000000e+00 -2.700000e+01
      vertex   3.234679e+02 2.000000e+00 -2.671442e+01
      vertex   3.250000e+02 2.000000e+00 -2.600000e+01
    endloop
  endfacet
  facet normal 0.000000e+00 1.000000e+00 0.000000e+00
    outer loop
      vertex   3.250000e+02 2.000000e+00 -2.600000e+01
      vertex   3.234679e+02 2.000000e+00 -2.671442e+01
      vertex   3.237144e+02 2.000000e+00 -2.646791e+01
    endloop
  endfacet
  facet normal 0.000000e+00 1.000000e+00 0.000000e+00
    outer loop
      vertex   3.250000e+02 2.000000e+00 -2.600000e+01
      vertex   3.237144e+02 2.000000e+00 -2.646791e+01
      vertex   3.240000e+02 2.000000e+00 -2.626795e+01
    endloop
  endfacet
  facet normal 0.000000e+00 1.000000e+00 0.000000e+00
    outer loop
      vertex   3.240000e+02 2.000000e+00 -2.626795e+01
      vertex   3.243160e+02 2.000000e+00 -2.612061e+01
      vertex   3.250000e+02 2.000000e+00 -2.600000e+01
    endloop
  endfacet
  facet normal 0.000000e+00 1.000000e+00 0.000000e+00
    outer loop
      vertex   3.250000e+02 2.000000e+00 -2.600000e+01
      vertex   3.243160e+02 2.000000e+00 -2.612061e+01
      vertex   3.246527e+02 2.000000e+00 -2.603038e+01
    endloop
  endfacet
  facet normal 0.000000e+00 1.000000e+00 0.000000e+00
    outer loop
      vertex   3.553473e+02 2.000000e+00 -2.603038e+01
      vertex   3.556840e+02 2.000000e+00 -2.612061e+01
      vertex   3.550000e+02 2.000000e+00 -2.600000e+01
    endloop
  endfacet
  facet normal 0.000000e+00 1.000000e+00 0.000000e+00
    outer loop
      vertex   3.550000e+02 2.000000e+00 -2.600000e+01
      vertex   3.556840e+02 2.000000e+00 -2.612061e+01
      vertex   3.560000e+02 2.000000e+00 -2.626795e+01
    endloop
  endfacet
  facet normal 0.000000e+00 1.000000e+00 0.000000e+00
    outer loop
      vertex   3.550000e+02 2.000000e+00 -2.600000e+01
      vertex   3.560000e+02 2.000000e+00 -2.626795e+01
      vertex   3.562856e+02 2.000000e+00 -2.646791e+01
    endloop
  endfacet
  facet normal 0.000000e+00 1.000000e+00 0.000000e+00
    outer loop
      vertex   3.562856e+02 2.000000e+00 -2.646791e+01
      vertex   3.565321e+02 2.000000e+00 -2.671442e+01
      vertex   3.550000e+02 2.000000e+00 -2.600000e+01
    endloop
  endfacet
  facet normal 0.000000e+00 1.000000e+00 0.000000e+00
    outer loop
      vertex   3.550000e+02 2.000000e+00 -2.600000e+01
      vertex   3.565321e+02 2.000000e+00 -2.671442e+01
      vertex   3.567321e+02 2.000000e+00 -2.700000e+01
    endloop
  endfacet
  facet normal 0.000000e+00 1.000000e+00 0.000000e+00
    outer loop
      vertex   3.550000e+02 2.000000e+00 -2.600000e+01
      vertex   3.567321e+02 2.000000e+00 -2.700000e+01
      vertex   3.568794e+02 2.000000e+00 -2.731596e+01
    endloop
  endfacet
  facet normal 0.000000e+00 1.000000e+00 0.000000e+00
    outer loop
      vertex   3.568794e+02 2.000000e+00 -2.731596e+01
      vertex   3.569696e+02 2.000000e+00 -2.765270e+01
      vertex   3.550000e+02 2.000000e+00 -2.600000e+01
    endloop
  endfacet
  facet normal 0.000000e+00 1.000000e+00 0.000000e+00
    outer loop
      vertex   3.550000e+02 2.000000e+00 -2.600000e+01
      vertex   3.569696e+02 2.000000e+00 -2.765270e+01
      vertex   3.570000e+02 2.000000e+00 -2.800000e+01
    endloop
  endfacet
  facet normal 0.000000e+00 1.000000e+00 0.000000e+00
    outer loop
      vertex   3.568794e+02 2.000000e+00 -5.868404e+01
      vertex   3.567321e+02 2.000000e+00 -5.900000e+01
      vertex   3.532933e+02 2.000000e+00 -5.617897e+01
    endloop
  endfacet
  facet normal 0.000000e+00 1.000000e+00 0.000000e+00
    outer loop
      vertex   3.532933e+02 2.000000e+00 -5.617897e+01
      vertex   3.567321e+02 2.000000e+00 -5.900000e+01
      vertex   3.565321e+02 2.000000e+00 -5.928558e+01
    endloop
  endfacet
  facet normal 0.000000e+00 1.000000e+00 0.000000e+00
    outer loop
      vertex   3.532933e+02 2.000000e+00 -5.617897e+01
      vertex   3.565321e+02 2.000000e+00 -5.928558e+01
      vertex   3.562856e+02 2.000000e+00 -5.953209e+01
    endloop
  endfacet
  facet normal 0.000000e+00 1.000000e+00 0.000000e+00
    outer loop
      vertex   3.562856e+02 2.000000e+00 -5.953209e+01
      vertex   3.560000e+02 2.000000e+00 -5.973205e+01
      vertex   3.532933e+02 2.000000e+00 -5.617897e+01
    endloop
  endfacet
  facet normal 0.000000e+00 1.000000e+00 0.000000e+00
    outer loop
      vertex   3.532933e+02 2.000000e+00 -5.617897e+01
      vertex   3.560000e+02 2.000000e+00 -5.973205e+01
      vertex   3.556840e+02 2.000000e+00 -5.987939e+01
    endloop
  endfacet
  facet normal 0.000000e+00 1.000000e+00 0.000000e+00
    outer loop
      vertex   3.532933e+02 2.000000e+00 -5.617897e+01
      vertex   3.556840e+02 2.000000e+00 -5.987939e+01
      vertex   3.553473e+02 2.000000e+00 -5.996962e+01
    endloop
  endfacet
  facet normal 0.000000e+00 1.000000e+00 0.000000e+00
    outer loop
      vertex   3.553473e+02 2.000000e+00 -5.996962e+01
      vertex   3.550000e+02 2.000000e+00 -6.000000e+01
      vertex   3.532933e+02 2.000000e+00 -5.617897e+01
    endloop
  endfacet
  facet normal -9.961947e-01 0.000000e+00 -8.715574e-02
    outer loop
      vertex   3.230000e+02 0.000000e+00 -5.800000e+01
      vertex   3.230000e+02 2.000000e+00 -5.800000e+01
      vertex   3.230304e+02 0.000000e+00 -5.834730e+01
    endloop
  endfacet
  facet normal -9.961947e-01 0.000000e+00 -8.715574e-02
    outer loop
      vertex   3.230304e+02 0.000000e+00 -5.834730e+01
      vertex   3.230000e+02 2.000000e+00 -5.800000e+01
      vertex   3.230304e+02 2.000000e+00 -5.834730e+01
    endloop
  endfacet
  facet normal -9.659258e-01 0.000000e+00 -2.588190e-01
    outer loop
      vertex   3.230304e+02 0.000000e+00 -5.834730e+01
      vertex   3.230304e+02 2.000000e+00 -5.834730e+01
      vertex   3.231206e+02 0.000000e+00 -5.868404e+01
    endloop
  endfacet
  facet normal -9.659258e-01 0.000000e+00 -2.588190e-01
    outer loop
      vertex   3.231206e+02 0.000000e+00 -5.868404e+01
      vertex   3.230304e+02 2.000000e+00 -5.834730e+01
      vertex   3.231206e+02 2.000000e+00 -5.868404e+01
    endloop
  endfacet
  facet normal -9.063078e-01 0.000000e+00 -4.226183e-01
    outer loop
      vertex   3.231206e+02 0.000000e+00 -5.868404e+01
      vertex   3.231206e+02 2.000000e+00 -5.868404e+01
      vertex   3.232679e+02 0.000000e+00 -5.900000e+01
    endloop
  endfacet
  facet normal -9.063078e-01 0.000000e+00 -4.226183e-01
    outer loop
      vertex   3.232679e+02 0.000000e+00 -5.900000e+01
      vertex   3.231206e+02 2.000000e+00 -5.868404e+01
      vertex   3.232679e+02 2.000000e+00 -5.900000e+01
    endloop
  endfacet
  facet normal -8.191520e-01 0.000000e+00 -5.735764e-01
    outer loop
      vertex   3.232679e+02 0.000000e+00 -5.900000e+01
      vertex   3.232679e+02 2.000000e+00 -5.900000e+01
      vertex   3.234679e+02 0.000000e+00 -5.928558e+01
    endloop
  endfacet
  facet normal -8.191520e-01 0.000000e+00 -5.735764e-01
    outer loop
      vertex   3.234679e+02 0.000000e+00 -5.928558e+01
      vertex   3.232679e+02 2.000000e+00 -5.900000e+01
      vertex   3.234679e+02 2.000000e+00 -5.928558e+01
    endloop
  endfacet
  facet normal -7.071068e-01 0.000000e+00 -7.071068e-01
    outer loop
      vertex   3.234679e+02 0.000000e+00 -5.928558e+01
      vertex   3.234679e+02 2.000000e+00 -5.928558e+01
      vertex   3.237144e+02 0.000000e+00 -5.953209e+01
    endloop
  endfacet
  facet normal -7.071068e-01 0.000000e+00 -7.071068e-01
    outer loop
      vertex   3.237144e+02 0.000000e+00 -5.953209e+01
      vertex   3.234679e+02 2.000000e+00 -5.928558e+01
      vertex   3.237144e+02 2.000000e+00 -5.953209e+01
    endloop
  endfacet
  facet normal -5.735764e-01 0.000000e+00 -8.191520e-01
    outer loop
      vertex   3.237144e+02 0.000000e+00 -5.953209e+01
      vertex   3.237144e+02 2.000000e+00 -5.953209e+01
      vertex   3.240000e+02 0.000000e+00 -5.973205e+01
    endloop
  endfacet
  facet normal -5.735764e-01 0.000000e+00 -8.191520e-01
    outer loop
      vertex   3.240000e+02 0.000000e+00 -5.973205e+01
      vertex   3.237144e+02 2.000000e+00 -5.953209e+01
      vertex   3.240000e+02 2.000000e+00 -5.973205e+01
    endloop
  endfacet
  facet normal -4.226183e-01 0.000000e+00 -9.063078e-01
    outer loop
      vertex   3.240000e+02 0.000000e+00 -5.973205e+01
      vertex   3.240000e+02 2.000000e+00 -5.973205e+01
      vertex   3.243160e+02 0.000000e+00 -5.987939e+01
    endloop
  endfacet
  facet normal -4.226183e-01 0.000000e+00 -9.063078e-01
    outer loop
      vertex   3.243160e+02 0.000000e+00 -5.987939e+01
      vertex   3.240000e+02 2.000000e+00 -5.973205e+01
      vertex   3.243160e+02 2.000000e+00 -5.987939e+01
    endloop
  endfacet
  facet normal -2.588190e-01 0.000000e+00 -9.659258e-01
    outer loop
      vertex   3.243160e+02 0.000000e+00 -5.987939e+01
      vertex   3.243160e+02 2.000000e+00 -5.987939e+01
      vertex   3.246527e+02 0.000000e+00 -5.996962e+01
    endloop
  endfacet
  facet normal -2.588190e-01 0.000000e+00 -9.659258e-01
    outer loop
      vertex   3.246527e+02 0.000000e+00 -5.996962e+01
      vertex   3.243160e+02 2.000000e+00 -5.987939e+01
      vertex   3.246527e+02 2.000000e+00 -5.996962e+01
    endloop
  endfacet
  facet normal -8.715574e-02 0.000000e+00 -9.961947e-01
    outer loop
      vertex   3.246527e+02 0.000000e+00 -5.996962e+01
      vertex   3.246527e+02 2.000000e+00 -5.996962e+01
      vertex   3.250000e+02 0.000000e+00 -6.000000e+01
    endloop
  endfacet
  facet normal -8.715574e-02 0.000000e+00 -9.961947e-01
    outer loop
      vertex   3.250000e+02 0.000000e+00 -6.000000e+01
      vertex   3.246527e+02 2.000000e+00 -5.996962e+01
      vertex   3.250000e+02 2.000000e+00 -6.000000e+01
    endloop
  endfacet
  facet normal 0.000000e+00 0.000000e+00 -1.000000e+00
    outer loop
      vertex   3.250000e+02 2.000000e+00 -6.000000e+01
      vertex   3.550000e+02 2.000000e+00 -6.000000e+01
      vertex   3.250000e+02 0.000000e+00 -6.000000e+01
    endloop
  endfacet
  facet normal 0.000000e+00 0.000000e+00 -1.000000e+00
    outer loop
      vertex   3.250000e+02 0.000000e+00 -6.000000e+01
      vertex   3.550000e+02 2.000000e+00 -6.000000e+01
      vertex   3.550000e+02 0.000000e+00 -6.000000e+01
    endloop
  endfacet
  facet normal 8.715574e-02 0.000000e+00 -9.961947e-01
    outer loop
      vertex   3.550000e+02 0.000000e+00 -6.000000e+01
      vertex   3.550000e+02 2.000000e+00 -6.000000e+01
      vertex   3.553473e+02 0.000000e+00 -5.996962e+01
    endloop
  endfacet
  facet normal 8.715574e-02 0.000000e+00 -9.961947e-01
    outer loop
      vertex   3.553473e+02 0.000000e+00 -5.996962e+01
      vertex   3.550000e+02 2.000000e+00 -6.000000e+01
      vertex   3.553473e+02 2.000000e+00 -5.996962e+01
    endloop
  endfacet
  facet normal 2.588190e-01 0.000000e+00 -9.659258e-01
    outer loop
      vertex   3.553473e+02 0.000000e+00 -5.996962e+01
      vertex   3.553473e+02 2.000000e+00 -5.996962e+01
      vertex   3.556840e+02 0.000000e+00 -5.987939e+01
    endloop
  endfacet
  facet normal 2.588190e-01 0.000000e+00 -9.659258e-01
    outer loop
      vertex   3.556840e+02 0.000000e+00 -5.987939e+01
      vertex   3.553473e+02 2.000000e+00 -5.996962e+01
      vertex   3.556840e+02 2.000000e+00 -5.987939e+01
    endloop
  endfacet
  facet normal 4.226183e-01 0.000000e+00 -9.063078e-01
    outer loop
      vertex   3.556840e+02 0.000000e+00 -5.987939e+01
      vertex   3.556840e+02 2.000000e+00 -5.987939e+01
      vertex   3.560000e+02 0.000000e+00 -5.973205e+01
    endloop
  endfacet
  facet normal 4.226183e-01 0.000000e+00 -9.063078e-01
    outer loop
      vertex   3.560000e+02 0.000000e+00 -5.973205e+01
      vertex   3.556840e+02 2.000000e+00 -5.987939e+01
      vertex   3.560000e+02 2.000000e+00 -5.973205e+01
    endloop
  endfacet
  facet normal 5.735764e-01 0.000000e+00 -8.191520e-01
    outer loop
      vertex   3.560000e+02 0.000000e+00 -5.973205e+01
      vertex   3.560000e+02 2.000000e+00 -5.973205e+01
      vertex   3.562856e+02 0.000000e+00 -5.953209e+01
    endloop
  endfacet
  facet normal 5.735764e-01 0.000000e+00 -8.191520e-01
    outer loop
      vertex   3.562856e+02 0.000000e+00 -5.953209e+01
      vertex   3.560000e+02 2.000000e+00 -5.973205e+01
      vertex   3.562856e+02 2.000000e+00 -5.953209e+01
    endloop
  endfacet
  facet normal 7.071068e-01 0.000000e+00 -7.071068e-01
    outer loop
      vertex   3.562856e+02 0.000000e+00 -5.953209e+01
      vertex   3.562856e+02 2.000000e+00 -5.953209e+01
      vertex   3.565321e+02 0.000000e+00 -5.928558e+01
    endloop
  endfacet
  facet normal 7.071068e-01 0.000000e+00 -7.071068e-01
    outer loop
      vertex   3.565321e+02 0.000000e+00 -5.928558e+01
      vertex   3.562856e+02 2.000000e+00 -5.953209e+01
      vertex   3.565321e+02 2.000000e+00 -5.928558e+01
    endloop
  endfacet
  facet normal 8.191520e-01 0.000000e+00 -5.735764e-01
    outer loop
      vertex   3.565321e+02 0.000000e+00 -5.928558e+01
      vertex   3.565321e+02 2.000000e+00 -5.928558e+01
      vertex   3.567321e+02 0.000000e+00 -5.900000e+01
    endloop
  endfacet
  facet normal 8.191520e-01 0.000000e+00 -5.735764e-01
    outer loop
      vertex   3.567321e+02 0.000000e+00 -5.900000e+01
      vertex   3.565321e+02 2.000000e+00 -5.928558e+01
      vertex   3.567321e+02 2.000000e+00 -5.900000e+01
    endloop
  endfacet
  facet normal 9.063078e-01 0.000000e+00 -4.226183e-01
    outer loop
      vertex   3.567321e+02 0.000000e+00 -5.900000e+01
      vertex   3.567321e+02 2.000000e+00 -5.900000e+01
      vertex   3.568794e+02 0.000000e+00 -5.868404e+01
    endloop
  endfacet
  facet normal 9.063078e-01 0.000000e+00 -4.226183e-01
    outer loop
      vertex   3.568794e+02 0.000000e+00 -5.868404e+01
      vertex   3.567321e+02 2.000000e+00 -5.900000e+01
      vertex   3.568794e+02 2.000000e+00 -5.868404e+01
    endloop
  endfacet
  facet normal 9.659258e-01 0.000000e+00 -2.588190e-01
    outer loop
      vertex   3.568794e+02 0.000000e+00 -5.868404e+01
      vertex   3.568794e+02 2.000000e+00 -5.868404e+01
      vertex   3.569696e+02 0.000000e+00 -5.834730e+01
    endloop
  endfacet
  facet normal 9.659258e-01 0.000000e+00 -2.588190e-01
    outer loop
      vertex   3.569696e+02 0.000000e+00 -5.834730e+01
      vertex   3.568794e+02 2.000000e+00 -5.868404e+01
      vertex   3.569696e+02 2.000000e+00 -5.834730e+01
    endloop
  endfacet
  facet normal 9.961947e-01 0.000000e+00 -8.715574e-02
    outer loop
      vertex   3.569696e+02 0.000000e+00 -5.834730e+01
      vertex   3.569696e+02 2.000000e+00 -5.834730e+01
      vertex   3.570000e+02 0.000000e+00 -5.800000e+01
    endloop
  endfacet
  facet normal 9.961947e-01 0.000000e+00 -8.715574e-02
    outer loop
      vertex   3.570000e+02 0.000000e+00 -5.800000e+01
      vertex   3.569696e+02 2.000000e+00 -5.834730e+01
      vertex   3.570000e+02 2.000000e+00 -5.800000e+01
    endloop
  endfacet
  facet normal 1.000000e+00 0.000000e+00 -0.000000e+00
    outer loop
      vertex   3.570000e+02 2.000000e+00 -5.800000e+01
      vertex   3.570000e+02 2.000000e+00 -2.800000e+01
      vertex   3.570000e+02 0.000000e+00 -5.800000e+01
    endloop
  endfacet
  facet normal 1.000000e+00 0.000000e+00 0.000000e+00
    outer loop
      vertex   3.570000e+02 0.000000e+00 -5.800000e+01
      vertex   3.570000e+02 2.000000e+00 -2.800000e+01
      vertex   3.570000e+02 0.000000e+00 -2.800000e+01
    endloop
  endfacet
  facet normal 9.961947e-01 -0.000000e+00 8.715574e-02
    outer loop
      vertex   3.570000e+02 0.000000e+00 -2.800000e+01
      vertex   3.570000e+02 2.000000e+00 -2.800000e+01
      vertex   3.569696e+02 0.000000e+00 -2.765270e+01
    endloop
  endfacet
  facet normal 9.961947e-01 -0.000000e+00 8.715574e-02
    outer loop
      vertex   3.569696e+02 0.000000e+00 -2.765270e+01
      vertex   3.570000e+02 2.000000e+00 -2.800000e+01
      vertex   3.569696e+02 2.000000e+00 -2.765270e+01
    endloop
  endfacet
  facet normal 9.659258e-01 -0.000000e+00 2.588190e-01
    outer loop
      vertex   3.569696e+02 0.000000e+00 -2.765270e+01
      vertex   3.569696e+02 2.000000e+00 -2.765270e+01
      vertex   3.568794e+02 0.000000e+00 -2.731596e+01
    endloop
  endfacet
  facet normal 9.659258e-01 -0.000000e+00 2.588190e-01
    outer loop
      vertex   3.568794e+02 0.000000e+00 -2.731596e+01
      vertex   3.569696e+02 2.000000e+00 -2.765270e+01
      vertex   3.568794e+02 2.000000e+00 -2.731596e+01
    endloop
  endfacet
  facet normal 9.063078e-01 -0.000000e+00 4.226183e-01
    outer loop
      vertex   3.568794e+02 0.000000e+00 -2.731596e+01
      vertex   3.568794e+02 2.000000e+00 -2.731596e+01
      vertex   3.567321e+02 0.000000e+00 -2.700000e+01
    endloop
  endfacet
  facet normal 9.063078e-01 -0.000000e+00 4.226183e-01
    outer loop
      vertex   3.567321e+02 0.000000e+00 -2.700000e+01
      vertex   3.568794e+02 2.000000e+00 -2.731596e+01
      vertex   3.567321e+02 2.000000e+00 -2.700000e+01
    endloop
  endfacet
  facet normal 8.191520e-01 -0.000000e+00 5.735764e-01
    outer loop
      vertex   3.567321e+02 0.000000e+00 -2.700000e+01
      vertex   3.567321e+02 2.000000e+00 -2.700000e+01
      vertex   3.565321e+02 0.000000e+00 -2.671442e+01
    endloop
  endfacet
  facet normal 8.191520e-01 -0.000000e+00 5.735764e-01
    outer loop
      vertex   3.565321e+02 0.000000e+00 -2.671442e+01
      vertex   3.567321e+02 2.000000e+00 -2.700000e+01
      vertex   3.565321e+02 2.000000e+00 -2.671442e+01
    endloop
  endfacet
  facet normal 7.071068e-01 -0.000000e+00 7.071068e-01
    outer loop
      vertex   3.565321e+02 0.000000e+00 -2.671442e+01
      vertex   3.565321e+02 2.000000e+00 -2.671442e+01
      vertex   3.562856e+02 0.000000e+00 -2.646791e+01
    endloop
  endfacet
  facet normal 7.071068e-01 -0.000000e+00 7.071068e-01
    outer loop
      vertex   3.562856e+02 0.000000e+00 -2.646791e+01
      vertex   3.565321e+02 2.000000e+00 -2.671442e+01
      vertex   3.562856e+02 2.000000e+00 -2.646791e+01
    endloop
  endfacet
  facet normal 5.735764e-01 -0.000000e+00 8.191520e-01
    outer loop
      vertex   3.562856e+02 0.000000e+00 -2.646791e+01
      vertex   3.562856e+02 2.000000e+00 -2.646791e+01
      vertex   3.560000e+02 0.000000e+00 -2.626795e+01
    endloop
  endfacet
  facet normal 5.735764e-01 -0.000000e+00 8.191520e-01
    outer loop
      vertex   3.560000e+02 0.000000e+00 -2.626795e+01
      vertex   3.562856e+02 2.000000e+00 -2.646791e+01
      vertex   3.560000e+02 2.000000e+00 -2.626795e+01
    endloop
  endfacet
  facet normal 4.226183e-01 -0.000000e+00 9.063078e-01
    outer loop
      vertex   3.560000e+02 0.000000e+00 -2.626795e+01
      vertex   3.560000e+02 2.000000e+00 -2.626795e+01
      vertex   3.556840e+02 0.000000e+00 -2.612061e+01
    endloop
  endfacet
  facet normal 4.226183e-01 -0.000000e+00 9.063078e-01
    outer loop
      vertex   3.556840e+02 0.000000e+00 -2.612061e+01
      vertex   3.560000e+02 2.000000e+00 -2.626795e+01
      vertex   3.556840e+02 2.000000e+00 -2.612061e+01
    endloop
  endfacet
  facet normal 2.588190e-01 -0.000000e+00 9.659258e-01
    outer loop
      vertex   3.556840e+02 0.000000e+00 -2.612061e+01
      vertex   3.556840e+02 2.000000e+00 -2.612061e+01
      vertex   3.553473e+02 0.000000e+00 -2.603038e+01
    endloop
  endfacet
  facet normal 2.588190e-01 -0.000000e+00 9.659258e-01
    outer loop
      vertex   3.553473e+02 0.000000e+00 -2.603038e+01
      vertex   3.556840e+02 2.000000e+00 -2.612061e+01
      vertex   3.553473e+02 2.000000e+00 -2.603038e+01
    endloop
  endfacet
  facet normal 8.715574e-02 -0.000000e+00 9.961947e-01
    outer loop
      vertex   3.553473e+02 0.000000e+00 -2.603038e+01
      vertex   3.553473e+02 2.000000e+00 -2.603038e+01
      vertex   3.550000e+02 0.000000e+00 -2.600000e+01
    endloop
  endfacet
  facet normal 8.715574e-02 -0.000000e+00 9.961947e-01
    outer loop
      vertex   3.550000e+02 0.000000e+00 -2.600000e+01
      vertex   3.553473e+02 2.000000e+00 -2.603038e+01
      vertex   3.550000e+02 2.000000e+00 -2.600000e+01
    endloop
  endfacet
  facet normal 9.944094e-01 -9.944094e-02 -3.551542e-02
    outer loop
      vertex   3.517699e+02 0.000000e+00 -4.384180e+01
      vertex   3.518000e+02 0.000000e+00 -4.300000e+01
      vertex   3.516000e+02 -2.000000e+00 -4.300000e+01
    endloop
  endfacet
  facet normal 9.944094e-01 -9.944094e-02 3.551542e-02
    outer loop
      vertex   3.516000e+02 -2.000000e+00 -4.300000e+01
      vertex   3.518000e+02 0.000000e+00 -4.300000e+01
      vertex   3.517699e+02 0.000000e+00 -4.215820e+01
    endloop
  endfacet
  facet normal 9.943779e-01 -9.960976e-02 3.592286e-02
    outer loop
      vertex   3.516000e+02 -2.000000e+00 -4.300000e+01
      vertex   3.517699e+02 0.000000e+00 -4.215820e+01
      vertex   3.515698e+02 -2.000000e+00 -4.216297e+01
    endloop
  endfacet
  facet normal 9.893586e-01 -9.927548e-02 1.063671e-01
    outer loop
      vertex   3.515698e+02 -2.000000e+00 -4.216297e+01
      vertex   3.517699e+02 0.000000e+00 -4.215820e+01
      vertex   3.516799e+02 0.000000e+00 -4.132068e+01
    endloop
  endfacet
  facet normal 9.891771e-01 -9.977610e-02 1.075795e-01
    outer loop
      vertex   3.515698e+02 -2.000000e+00 -4.216297e+01
      vertex   3.516799e+02 0.000000e+00 -4.132068e+01
      vertex   3.514792e+02 -2.000000e+00 -4.133030e+01
    endloop
  endfacet
  facet normal 9.792655e-01 -9.911386e-02 1.766789e-01
    outer loop
      vertex   3.514792e+02 -2.000000e+00 -4.133030e+01
      vertex   3.516799e+02 0.000000e+00 -4.132068e+01
      vertex   3.515303e+02 0.000000e+00 -4.049173e+01
    endloop
  endfacet
  facet normal 9.788198e-01 -9.993852e-02 1.786729e-01
    outer loop
      vertex   3.514792e+02 -2.000000e+00 -4.133030e+01
      vertex   3.515303e+02 0.000000e+00 -4.049173e+01
      vertex   3.513288e+02 -2.000000e+00 -4.050634e+01
    endloop
  endfacet
  facet normal 9.641816e-01 -9.895607e-02 2.460927e-01
    outer loop
      vertex   3.513288e+02 -2.000000e+00 -4.050634e+01
      vertex   3.515303e+02 0.000000e+00 -4.049173e+01
      vertex   3.513220e+02 0.000000e+00 -3.967556e+01
    endloop
  endfacet
  facet normal 9.633602e-01 -1.000970e-01 2.488326e-01
    outer loop
      vertex   3.513288e+02 -2.000000e+00 -4.050634e+01
      vertex   3.513220e+02 0.000000e+00 -3.967556e+01
      vertex   3.511193e+02 -2.000000e+00 -3.969538e+01
    endloop
  endfacet
  facet normal 9.441834e-01 -9.880213e-02 3.142544e-01
    outer loop
      vertex   3.511193e+02 -2.000000e+00 -3.969538e+01
      vertex   3.513220e+02 0.000000e+00 -3.967556e+01
      vertex   3.510560e+02 0.000000e+00 -3.887632e+01
    endloop
  endfacet
  facet normal 9.428790e-01 -1.002516e-01 3.176929e-01
    outer loop
      vertex   3.511193e+02 -2.000000e+00 -3.969538e+01
      vertex   3.510560e+02 0.000000e+00 -3.887632e+01
      vertex   3.508519e+02 -2.000000e+00 -3.890165e+01
    endloop
  endfacet
  facet normal 9.193728e-01 -9.865202e-02 3.808167e-01
    outer loop
      vertex   3.508519e+02 -2.000000e+00 -3.890165e+01
      vertex   3.510560e+02 0.000000e+00 -3.887632e+01
      vertex   3.507337e+02 0.000000e+00 -3.809810e+01
    endloop
  endfacet
  facet normal 9.174831e-01 -1.004023e-01 3.848949e-01
    outer loop
      vertex   3.508519e+02 -2.000000e+00 -3.890165e+01
      vertex   3.507337e+02 0.000000e+00 -3.809810e+01
      vertex   3.505279e+02 -2.000000e+00 -3.812929e+01
    endloop
  endfacet
  facet normal 8.898762e-01 -9.850576e-02 4.454402e-01
    outer loop
      vertex   3.505279e+02 -2.000000e+00 -3.812929e+01
      vertex   3.507337e+02 0.000000e+00 -3.809810e+01
      vertex   3.503566e+02 0.000000e+00 -3.734486e+01
    endloop
  endfacet
  facet normal 8.873051e-01 -1.005490e-01 4.500884e-01
    outer loop
      vertex   3.505279e+02 -2.000000e+00 -3.812929e+01
      vertex   3.503566e+02 0.000000e+00 -3.734486e+01
      vertex   3.501490e+02 -2.000000e+00 -3.738232e+01
    endloop
  endfacet
  facet normal 8.558437e-01 -9.836334e-02 5.077955e-01
    outer loop
      vertex   3.501490e+02 -2.000000e+00 -3.738232e+01
      vertex   3.503566e+02 0.000000e+00 -3.734486e+01
      vertex   3.499268e+02 0.000000e+00 -3.662044e+01
    endloop
  endfacet
  facet normal 8.525023e-01 -1.006918e-01 5.129336e-01
    outer loop
      vertex   3.501490e+02 -2.000000e+00 -3.738232e+01
      vertex   3.499268e+02 0.000000e+00 -3.662044e+01
      vertex   3.497172e+02 -2.000000e+00 -3.666463e+01
    endloop
  endfacet
  facet normal 8.174486e-01 -9.822476e-02 5.675647e-01
    outer loop
      vertex   3.497172e+02 -2.000000e+00 -3.666463e+01
      vertex   3.499268e+02 0.000000e+00 -3.662044e+01
      vertex   3.494464e+02 0.000000e+00 -3.592852e+01
    endloop
  endfacet
  facet normal 8.132564e-01 -1.008307e-01 5.731031e-01
    outer loop
      vertex   3.497172e+02 -2.000000e+00 -3.666463e+01
      vertex   3.494464e+02 0.000000e+00 -3.592852e+01
      vertex   3.492347e+02 -2.000000e+00 -3.597998e+01
    endloop
  endfacet
  facet normal 7.748866e-01 -9.809002e-02 6.244431e-01
    outer loop
      vertex   3.492347e+02 -2.000000e+00 -3.597998e+01
      vertex   3.494464e+02 0.000000e+00 -3.592852e+01
      vertex   3.489178e+02 0.000000e+00 -3.527264e+01
    endloop
  endfacet
  facet normal 7.697720e-01 -1.009657e-01 6.302832e-01
    outer loop
      vertex   3.492347e+02 -2.000000e+00 -3.597998e+01
      vertex   3.489178e+02 0.000000e+00 -3.527264e+01
      vertex   3.487041e+02 -2.000000e+00 -3.533192e+01
    endloop
  endfacet
  facet normal 7.283744e-01 -9.795913e-02 6.781406e-01
    outer loop
      vertex   3.487041e+02 -2.000000e+00 -3.533192e+01
      vertex   3.489178e+02 0.000000e+00 -3.527264e+01
      vertex   3.483439e+02 0.000000e+00 -3.465614e+01
    endloop
  endfacet
  facet normal 7.222759e-01 -1.010968e-01 6.841761e-01
    outer loop
      vertex   3.487041e+02 -2.000000e+00 -3.533192e+01
      vertex   3.483439e+02 0.000000e+00 -3.465614e+01
      vertex   3.481281e+02 -2.000000e+00 -3.472385e+01
    endloop
  endfacet
  facet normal 6.781491e-01 -9.783208e-02 7.283836e-01
    outer loop
      vertex   3.481281e+02 -2.000000e+00 -3.472385e+01
      vertex   3.483439e+02 0.000000e+00 -3.465614e+01
      vertex   3.477274e+02 0.000000e+00 -3.408216e+01
    endloop
  endfacet
  facet normal 6.710158e-01 -1.012240e-01 7.345009e-01
    outer loop
      vertex   3.481281e+02 -2.000000e+00 -3.472385e+01
      vertex   3.477274e+02 0.000000e+00 -3.408216e+01
      vertex   3.475097e+02 -2.000000e+00 -3.415892e+01
    endloop
  endfacet
  facet normal 6.244666e-01 -9.770888e-02 7.749158e-01
    outer loop
      vertex   3.475097e+02 -2.000000e+00 -3.415892e+01
      vertex   3.477274e+02 0.000000e+00 -3.408216e+01
      vertex   3.470715e+02 0.000000e+00 -3.355361e+01
    endloop
  endfacet
  facet normal 6.162589e-01 -1.013472e-01 7.809953e-01
    outer loop
      vertex   3.475097e+02 -2.000000e+00 -3.415892e+01
      vertex   3.470715e+02 0.000000e+00 -3.355361e+01
      vertex   3.468522e+02 -2.000000e+00 -3.364009e+01
    endloop
  endfacet
  facet normal 5.676003e-01 -9.758952e-02 8.174999e-01
    outer loop
      vertex   3.468522e+02 -2.000000e+00 -3.364009e+01
      vertex   3.470715e+02 0.000000e+00 -3.355361e+01
      vertex   3.463796e+02 0.000000e+00 -3.307321e+01
    endloop
  endfacet
  facet normal 5.582908e-01 -1.014665e-01 8.234173e-01
    outer loop
      vertex   3.468522e+02 -2.000000e+00 -3.364009e+01
      vertex   3.463796e+02 0.000000e+00 -3.307321e+01
      vertex   3.461589e+02 -2.000000e+00 -3.317005e+01
    endloop
  endfacet
  facet normal 5.078402e-01 -9.747400e-02 8.559189e-01
    outer loop
      vertex   3.461589e+02 -2.000000e+00 -3.317005e+01
      vertex   3.463796e+02 0.000000e+00 -3.307321e+01
      vertex   3.456551e+02 0.000000e+00 -3.264339e+01
    endloop
  endfacet
  facet normal 4.974136e-01 -1.015819e-01 8.615456e-01
    outer loop
      vertex   3.461589e+02 -2.000000e+00 -3.317005e+01
      vertex   3.456551e+02 0.000000e+00 -3.264339e+01
      vertex   3.454335e+02 -2.000000e+00 -3.275126e+01
    endloop
  endfacet
  facet normal 4.454906e-01 -9.736234e-02 8.899768e-01
    outer loop
      vertex   3.454335e+02 -2.000000e+00 -3.275126e+01
      vertex   3.456551e+02 0.000000e+00 -3.264339e+01
      vertex   3.449019e+02 0.000000e+00 -3.226634e+01
    endloop
  endfacet
  facet normal 4.339448e-01 -1.016934e-01 8.951818e-01
    outer loop
      vertex   3.454335e+02 -2.000000e+00 -3.275126e+01
      vertex   3.449019e+02 0.000000e+00 -3.226634e+01
      vertex   3.446798e+02 -2.000000e+00 -3.238590e+01
    endloop
  endfacet
  facet normal 3.808693e-01 -9.725451e-02 9.194999e-01
    outer loop
      vertex   3.446798e+02 -2.000000e+00 -3.238590e+01
      vertex   3.449019e+02 0.000000e+00 -3.226634e+01
      vertex   3.441237e+02 0.000000e+00 -3.194399e+01
    endloop
  endfacet
  facet normal 3.682152e-01 -1.018010e-01 9.241505e-01
    outer loop
      vertex   3.446798e+02 -2.000000e+00 -3.238590e+01
      vertex   3.441237e+02 0.000000e+00 -3.194399e+01
      vertex   3.439018e+02 -2.000000e+00 -3.207589e+01
    endloop
  endfacet
  facet normal 3.143058e-01 -9.715054e-02 9.443377e-01
    outer loop
      vertex   3.439018e+02 -2.000000e+00 -3.207589e+01
      vertex   3.441237e+02 0.000000e+00 -3.194399e+01
      vertex   3.433244e+02 0.000000e+00 -3.167798e+01
    endloop
  endfacet
  facet normal 3.005675e-01 -1.019047e-01 9.483009e-01
    outer loop
      vertex   3.439018e+02 -2.000000e+00 -3.207589e+01
      vertex   3.433244e+02 0.000000e+00 -3.167798e+01
      vertex   3.431033e+02 -2.000000e+00 -3.182282e+01
    endloop
  endfacet
  facet normal 2.461391e-01 -9.705041e-02 9.643634e-01
    outer loop
      vertex   3.431033e+02 -2.000000e+00 -3.182282e+01
      vertex   3.433244e+02 0.000000e+00 -3.167798e+01
      vertex   3.425083e+02 0.000000e+00 -3.146967e+01
    endloop
  endfacet
  facet normal 2.313544e-01 -1.020044e-01 9.675072e-01
    outer loop
      vertex   3.431033e+02 -2.000000e+00 -3.182282e+01
      vertex   3.425083e+02 0.000000e+00 -3.146967e+01
      vertex   3.422887e+02 -2.000000e+00 -3.162803e+01
    endloop
  endfacet
  facet normal 1.767167e-01 -9.695413e-02 9.794749e-01
    outer loop
      vertex   3.422887e+02 -2.000000e+00 -3.162803e+01
      vertex   3.425083e+02 0.000000e+00 -3.146967e+01
      vertex   3.416793e+02 0.000000e+00 -3.132011e+01
    endloop
  endfacet
  facet normal 1.609365e-01 -1.021003e-01 9.816695e-01
    outer loop
      vertex   3.422887e+02 -2.000000e+00 -3.162803e+01
      vertex   3.416793e+02 0.000000e+00 -3.132011e+01
      vertex   3.414622e+02 -2.000000e+00 -3.149252e+01
    endloop
  endfacet
  facet normal 1.063925e-01 -9.686170e-02 9.895951e-01
    outer loop
      vertex   3.414622e+02 -2.000000e+00 -3.149252e+01
      vertex   3.416793e+02 0.000000e+00 -3.132011e+01
      vertex   3.408418e+02 0.000000e+00 -3.123007e+01
    endloop
  endfacet
  facet normal 8.968110e-02 -1.021922e-01 9.907139e-01
    outer loop
      vertex   3.414622e+02 -2.000000e+00 -3.149252e+01
      vertex   3.408418e+02 0.000000e+00 -3.123007e+01
      vertex   3.406280e+02 -2.000000e+00 -3.141701e+01
    endloop
  endfacet
  facet normal 3.552481e-02 -9.677312e-02 9.946723e-01
    outer loop
      vertex   3.406280e+02 -2.000000e+00 -3.141701e+01
      vertex   3.408418e+02 0.000000e+00 -3.123007e+01
      vertex   3.400000e+02 0.000000e+00 -3.120000e+01
    endloop
  endfacet
  facet normal 1.795947e-02 -1.022802e-01 9.945935e-01
    outer loop
      vertex   3.406280e+02 -2.000000e+00 -3.141701e+01
      vertex   3.400000e+02 0.000000e+00 -3.120000e+01
      vertex   3.397906e+02 -2.000000e+00 -3.140189e+01
    endloop
  endfacet
  facet normal -3.552510e-02 -9.668838e-02 9.946805e-01
    outer loop
      vertex   3.397906e+02 -2.000000e+00 -3.140189e+01
      vertex   3.400000e+02 0.000000e+00 -3.120000e+01
      vertex   3.391582e+02 0.000000e+00 -3.123007e+01
    endloop
  endfacet
  facet normal -5.385452e-02 -1.023643e-01 9.932881e-01
    outer loop
      vertex   3.397906e+02 -2.000000e+00 -3.140189e+01
      vertex   3.391582e+02 0.000000e+00 -3.123007e+01
      vertex   3.389542e+02 -2.000000e+00 -3.144724e+01
    endloop
  endfacet
  facet normal -1.063951e-01 -9.660750e-02 9.896197e-01
    outer loop
      vertex   3.389542e+02 -2.000000e+00 -3.144724e+01
      vertex   3.391582e+02 0.000000e+00 -3.123007e+01
      vertex   3.383207e+02 0.000000e+00 -3.132011e+01
    endloop
  endfacet
  facet normal -1.253865e-01 -1.024445e-01 9.868046e-01
    outer loop
      vertex   3.389542e+02 -2.000000e+00 -3.144724e+01
      vertex   3.383207e+02 0.000000e+00 -3.132011e+01
      vertex   3.381233e+02 -2.000000e+00 -3.155281e+01
    endloop
  endfacet
  facet normal -1.767240e-01 -9.653046e-02 9.795154e-01
    outer loop
      vertex   3.381233e+02 -2.000000e+00 -3.155281e+01
      vertex   3.383207e+02 0.000000e+00 -3.132011e+01
      vertex   3.374917e+02 0.000000e+00 -3.146967e+01
    endloop
  endfacet
  facet normal -1.962637e-01 -1.025207e-01 9.751769e-01
    outer loop
      vertex   3.381233e+02 -2.000000e+00 -3.155281e+01
      vertex   3.374917e+02 0.000000e+00 -3.146967e+01
      vertex   3.373022e+02 -2.000000e+00 -3.171807e+01
    endloop
  endfacet
  facet normal -2.461533e-01 -9.645728e-02 9.644193e-01
    outer loop
      vertex   3.373022e+02 -2.000000e+00 -3.171807e+01
      vertex   3.374917e+02 0.000000e+00 -3.146967e+01
      vertex   3.366756e+02 0.000000e+00 -3.167798e+01
    endloop
  endfacet
  facet normal -2.661167e-01 -1.025931e-01 9.584657e-01
    outer loop
      vertex   3.373022e+02 -2.000000e+00 -3.171807e+01
      vertex   3.366756e+02 0.000000e+00 -3.167798e+01
      vertex   3.364952e+02 -2.000000e+00 -3.194214e+01
    endloop
  endfacet
  facet normal -3.143292e-01 -9.638794e-02 9.444080e-01
    outer loop
      vertex   3.364952e+02 -2.000000e+00 -3.194214e+01
      vertex   3.366756e+02 0.000000e+00 -3.167798e+01
      vertex   3.358763e+02 0.000000e+00 -3.194399e+01
    endloop
  endfacet
  facet normal -3.345814e-01 -1.026615e-01 9.367582e-01
    outer loop
      vertex   3.364952e+02 -2.000000e+00 -3.194214e+01
      vertex   3.358763e+02 0.000000e+00 -3.194399e+01
      vertex   3.357064e+02 -2.000000e+00 -3.222387e+01
    endloop
  endfacet
  facet normal -3.809040e-01 -9.632246e-02 9.195837e-01
    outer loop
      vertex   3.357064e+02 -2.000000e+00 -3.222387e+01
      vertex   3.358763e+02 0.000000e+00 -3.194399e+01
      vertex   3.350981e+02 0.000000e+00 -3.226634e+01
    endloop
  endfacet
  facet normal -4.013009e-01 -1.027261e-01 9.101676e-01
    outer loop
      vertex   3.357064e+02 -2.000000e+00 -3.222387e+01
      vertex   3.350981e+02 0.000000e+00 -3.226634e+01
      vertex   3.349400e+02 -2.000000e+00 -3.256178e+01
    endloop
  endfacet
  facet normal -4.455385e-01 -9.626082e-02 8.900726e-01
    outer loop
      vertex   3.349400e+02 -2.000000e+00 -3.256178e+01
      vertex   3.350981e+02 0.000000e+00 -3.226634e+01
      vertex   3.343449e+02 0.000000e+00 -3.264339e+01
    endloop
  endfacet
  facet normal -4.659275e-01 -1.027867e-01 8.788325e-01
    outer loop
      vertex   3.349400e+02 -2.000000e+00 -3.256178e+01
      vertex   3.343449e+02 0.000000e+00 -3.264339e+01
      vertex   3.342000e+02 -2.000000e+00 -3.295411e+01
    endloop
  endfacet
  facet normal -5.079033e-01 -9.620304e-02 8.560253e-01
    outer loop
      vertex   3.342000e+02 -2.000000e+00 -3.295411e+01
      vertex   3.343449e+02 0.000000e+00 -3.264339e+01
      vertex   3.336204e+02 0.000000e+00 -3.307321e+01
    endloop
  endfacet
  facet normal -5.281244e-01 -1.028434e-01 8.429163e-01
    outer loop
      vertex   3.342000e+02 -2.000000e+00 -3.295411e+01
      vertex   3.336204e+02 0.000000e+00 -3.307321e+01
      vertex   3.334902e+02 -2.000000e+00 -3.339881e+01
    endloop
  endfacet
  facet normal -5.676803e-01 -9.614911e-02 8.176151e-01
    outer loop
      vertex   3.334902e+02 -2.000000e+00 -3.339881e+01
      vertex   3.336204e+02 0.000000e+00 -3.307321e+01
      vertex   3.329285e+02 0.000000e+00 -3.355361e+01
    endloop
  endfacet
  facet normal -5.875674e-01 -1.028962e-01 8.026063e-01
    outer loop
      vertex   3.334902e+02 -2.000000e+00 -3.339881e+01
      vertex   3.329285e+02 0.000000e+00 -3.355361e+01
      vertex   3.328144e+02 -2.000000e+00 -3.389357e+01
    endloop
  endfacet
  facet normal -6.245649e-01 -9.609903e-02 7.750378e-01
    outer loop
      vertex   3.328144e+02 -2.000000e+00 -3.389357e+01
      vertex   3.329285e+02 0.000000e+00 -3.355361e+01
      vertex   3.322726e+02 0.000000e+00 -3.408216e+01
    endloop
  endfacet
  facet normal -6.439467e-01 -1.029451e-01 7.581127e-01
    outer loop
      vertex   3.328144e+02 -2.000000e+00 -3.389357e+01
      vertex   3.322726e+02 0.000000e+00 -3.408216e+01
      vertex   3.321760e+02 -2.000000e+00 -3.443580e+01
    endloop
  endfacet
  facet normal -6.782672e-01 -9.605280e-02 7.285104e-01
    outer loop
      vertex   3.321760e+02 -2.000000e+00 -3.443580e+01
      vertex   3.322726e+02 0.000000e+00 -3.408216e+01
      vertex   3.316561e+02 0.000000e+00 -3.465614e+01
    endloop
  endfacet
  facet normal -6.969686e-01 -1.029900e-01 7.096674e-01
    outer loop
      vertex   3.321760e+02 -2.000000e+00 -3.443580e+01
      vertex   3.316561e+02 0.000000e+00 -3.465614e+01
      vertex   3.315785e+02 -2.000000e+00 -3.502269e+01
    endloop
  endfacet
  facet normal -7.285134e-01 -9.601042e-02 6.782700e-01
    outer loop
      vertex   3.315785e+02 -2.000000e+00 -3.502269e+01
      vertex   3.316561e+02 0.000000e+00 -3.465614e+01
      vertex   3.310822e+02 0.000000e+00 -3.527264e+01
    endloop
  endfacet
  facet normal -7.463566e-01 -1.030311e-01 6.575230e-01
    outer loop
      vertex   3.315785e+02 -2.000000e+00 -3.502269e+01
      vertex   3.310822e+02 0.000000e+00 -3.527264e+01
      vertex   3.310248e+02 -2.000000e+00 -3.565116e+01
    endloop
  endfacet
  facet normal -7.750474e-01 -9.597189e-02 6.245726e-01
    outer loop
      vertex   3.310248e+02 -2.000000e+00 -3.565116e+01
      vertex   3.310822e+02 0.000000e+00 -3.527264e+01
      vertex   3.305536e+02 0.000000e+00 -3.592852e+01
    endloop
  endfacet
  facet normal -7.918533e-01 -1.030683e-01 6.019512e-01
    outer loop
      vertex   3.310248e+02 -2.000000e+00 -3.565116e+01
      vertex   3.305536e+02 0.000000e+00 -3.592852e+01
      vertex   3.305179e+02 -2.000000e+00 -3.631795e+01
    endloop
  endfacet
  facet normal -8.176319e-01 -9.593722e-02 5.676920e-01
    outer loop
      vertex   3.305179e+02 -2.000000e+00 -3.631795e+01
      vertex   3.305536e+02 0.000000e+00 -3.592852e+01
      vertex   3.300732e+02 0.000000e+00 -3.662044e+01
    endloop
  endfacet
  facet normal -8.332217e-01 -1.031015e-01 5.432418e-01
    outer loop
      vertex   3.305179e+02 -2.000000e+00 -3.631795e+01
      vertex   3.300732e+02 0.000000e+00 -3.662044e+01
      vertex   3.300605e+02 -2.000000e+00 -3.701958e+01
    endloop
  endfacet
  facet normal -8.560499e-01 -9.590640e-02 5.079179e-01
    outer loop
      vertex   3.300605e+02 -2.000000e+00 -3.701958e+01
      vertex   3.300732e+02 0.000000e+00 -3.662044e+01
      vertex   3.296434e+02 0.000000e+00 -3.734486e+01
    endloop
  endfacet
  facet normal -8.702461e-01 -1.031308e-01 4.817009e-01
    outer loop
      vertex   3.300605e+02 -2.000000e+00 -3.701958e+01
      vertex   3.296434e+02 0.000000e+00 -3.734486e+01
      vertex   3.296548e+02 -2.000000e+00 -3.775238e+01
    endloop
  endfacet
  facet normal -8.901055e-01 -9.587943e-02 4.455550e-01
    outer loop
      vertex   3.296548e+02 -2.000000e+00 -3.775238e+01
      vertex   3.296434e+02 0.000000e+00 -3.734486e+01
      vertex   3.292663e+02 0.000000e+00 -3.809810e+01
    endloop
  endfacet
  facet normal -9.027337e-01 -1.031562e-01 4.176491e-01
    outer loop
      vertex   3.296548e+02 -2.000000e+00 -3.775238e+01
      vertex   3.292663e+02 0.000000e+00 -3.809810e+01
      vertex   3.293031e+02 -2.000000e+00 -3.851254e+01
    endloop
  endfacet
  facet normal -9.196252e-01 -9.585631e-02 3.809212e-01
    outer loop
      vertex   3.293031e+02 -2.000000e+00 -3.851254e+01
      vertex   3.292663e+02 0.000000e+00 -3.809810e+01
      vertex   3.289440e+02 0.000000e+00 -3.887632e+01
    endloop
  endfacet
  facet normal -9.305150e-01 -1.031778e-01 3.514203e-01
    outer loop
      vertex   3.293031e+02 -2.000000e+00 -3.851254e+01
      vertex   3.289440e+02 0.000000e+00 -3.887632e+01
      vertex   3.290072e+02 -2.000000e+00 -3.929610e+01
    endloop
  endfacet
  facet normal -9.444585e-01 -9.583705e-02 3.143460e-01
    outer loop
      vertex   3.290072e+02 -2.000000e+00 -3.929610e+01
      vertex   3.289440e+02 0.000000e+00 -3.887632e+01
      vertex   3.286780e+02 0.000000e+00 -3.967556e+01
    endloop
  endfacet
  facet normal -9.534453e-01 -1.031954e-01 2.833599e-01
    outer loop
      vertex   3.290072e+02 -2.000000e+00 -3.929610e+01
      vertex   3.286780e+02 0.000000e+00 -3.967556e+01
      vertex   3.287686e+02 -2.000000e+00 -4.009897e+01
    endloop
  endfacet
  facet normal -9.644788e-01 -9.582164e-02 2.461685e-01
    outer loop
      vertex   3.287686e+02 -2.000000e+00 -4.009897e+01
      vertex   3.286780e+02 0.000000e+00 -3.967556e+01
      vertex   3.284697e+02 0.000000e+00 -4.049173e+01
    endloop
  endfacet
  facet normal -9.714051e-01 -1.032090e-01 2.138224e-01
    outer loop
      vertex   3.287686e+02 -2.000000e+00 -4.009897e+01
      vertex   3.284697e+02 0.000000e+00 -4.049173e+01
      vertex   3.285886e+02 -2.000000e+00 -4.091697e+01
    endloop
  endfacet
  facet normal -9.795839e-01 -9.581008e-02 1.767364e-01
    outer loop
      vertex   3.285886e+02 -2.000000e+00 -4.091697e+01
      vertex   3.284697e+02 0.000000e+00 -4.049173e+01
      vertex   3.283201e+02 0.000000e+00 -4.132068e+01
    endloop
  endfacet
  facet normal -9.843008e-01 -1.032188e-01 1.431705e-01
    outer loop
      vertex   3.285886e+02 -2.000000e+00 -4.091697e+01
      vertex   3.283201e+02 0.000000e+00 -4.132068e+01
      vertex   3.284680e+02 -2.000000e+00 -4.174582e+01
    endloop
  endfacet
  facet normal -9.896970e-01 -9.580237e-02 1.064034e-01
    outer loop
      vertex   3.284680e+02 -2.000000e+00 -4.174582e+01
      vertex   3.283201e+02 0.000000e+00 -4.132068e+01
      vertex   3.282301e+02 0.000000e+00 -4.215820e+01
    endloop
  endfacet
  facet normal -9.920652e-01 -1.032247e-01 7.177229e-02
    outer loop
      vertex   3.284680e+02 -2.000000e+00 -4.174582e+01
      vertex   3.282301e+02 0.000000e+00 -4.215820e+01
      vertex   3.284076e+02 -2.000000e+00 -4.258121e+01
    endloop
  endfacet
  facet normal -9.947665e-01 -9.579852e-02 3.552818e-02
    outer loop
      vertex   3.284076e+02 -2.000000e+00 -4.258121e+01
      vertex   3.282301e+02 0.000000e+00 -4.215820e+01
      vertex   3.282000e+02 0.000000e+00 -4.300000e+01
    endloop
  endfacet
  facet normal -9.946579e-01 -1.032266e-01 -0.000000e+00
    outer loop
      vertex   3.284076e+02 -2.000000e+00 -4.258121e+01
      vertex   3.282000e+02 0.000000e+00 -4.300000e+01
      vertex   3.284076e+02 -2.000000e+00 -4.341879e+01
    endloop
  endfacet
  facet normal -9.947665e-01 -9.579852e-02 -3.552818e-02
    outer loop
      vertex   3.284076e+02 -2.000000e+00 -4.341879e+01
      vertex   3.282000e+02 0.000000e+00 -4.300000e+01
      vertex   3.282301e+02 0.000000e+00 -4.384180e+01
    endloop
  endfacet
  facet normal -9.920652e-01 -1.032247e-01 -7.177229e-02
    outer loop
      vertex   3.284076e+02 -2.000000e+00 -4.341879e+01
      vertex   3.282301e+02 0.000000e+00 -4.384180e+01
      vertex   3.284680e+02 -2.000000e+00 -4.425418e+01
    endloop
  endfacet
  facet normal -9.896970e-01 -9.580237e-02 -1.064034e-01
    outer loop
      vertex   3.284680e+02 -2.000000e+00 -4.425418e+01
      vertex   3.282301e+02 0.000000e+00 -4.384180e+01
      vertex   3.283201e+02 0.000000e+00 -4.467932e+01
    endloop
  endfacet
  facet normal -9.843008e-01 -1.032188e-01 -1.431705e-01
    outer loop
      vertex   3.284680e+02 -2.000000e+00 -4.425418e+01
      vertex   3.283201e+02 0.000000e+00 -4.467932e+01
      vertex   3.285886e+02 -2.000000e+00 -4.508303e+01
    endloop
  endfacet
  facet normal -9.795839e-01 -9.581008e-02 -1.767364e-01
    outer loop
      vertex   3.285886e+02 -2.000000e+00 -4.508303e+01
      vertex   3.283201e+02 0.000000e+00 -4.467932e+01
      vertex   3.284697e+02 0.000000e+00 -4.550827e+01
    endloop
  endfacet
  facet normal -9.714051e-01 -1.032090e-01 -2.138224e-01
    outer loop
      vertex   3.285886e+02 -2.000000e+00 -4.508303e+01
      vertex   3.284697e+02 0.000000e+00 -4.550827e+01
      vertex   3.287686e+02 -2.000000e+00 -4.590103e+01
    endloop
  endfacet
  facet normal -9.644788e-01 -9.582164e-02 -2.461685e-01
    outer loop
      vertex   3.287686e+02 -2.000000e+00 -4.590103e+01
      vertex   3.284697e+02 0.000000e+00 -4.550827e+01
      vertex   3.286780e+02 0.000000e+00 -4.632444e+01
    endloop
  endfacet
  facet normal -9.534453e-01 -1.031954e-01 -2.833599e-01
    outer loop
      vertex   3.287686e+02 -2.000000e+00 -4.590103e+01
      vertex   3.286780e+02 0.000000e+00 -4.632444e+01
      vertex   3.290072e+02 -2.000000e+00 -4.670390e+01
    endloop
  endfacet
  facet normal -9.444585e-01 -9.583705e-02 -3.143460e-01
    outer loop
      vertex   3.290072e+02 -2.000000e+00 -4.670390e+01
      vertex   3.286780e+02 0.000000e+00 -4.632444e+01
      vertex   3.289440e+02 0.000000e+00 -4.712368e+01
    endloop
  endfacet
  facet normal -9.305150e-01 -1.031778e-01 -3.514203e-01
    outer loop
      vertex   3.290072e+02 -2.000000e+00 -4.670390e+01
      vertex   3.289440e+02 0.000000e+00 -4.712368e+01
      vertex   3.293031e+02 -2.000000e+00 -4.748746e+01
    endloop
  endfacet
  facet normal -9.196252e-01 -9.585631e-02 -3.809212e-01
    outer loop
      vertex   3.293031e+02 -2.000000e+00 -4.748746e+01
      vertex   3.289440e+02 0.000000e+00 -4.712368e+01
      vertex   3.292663e+02 0.000000e+00 -4.790190e+01
    endloop
  endfacet
  facet normal -9.027337e-01 -1.031562e-01 -4.176491e-01
    outer loop
      vertex   3.293031e+02 -2.000000e+00 -4.748746e+01
      vertex   3.292663e+02 0.000000e+00 -4.790190e+01
      vertex   3.296548e+02 -2.000000e+00 -4.824762e+01
    endloop
  endfacet
  facet normal -8.901055e-01 -9.587943e-02 -4.455550e-01
    outer loop
      vertex   3.296548e+02 -2.000000e+00 -4.824762e+01
      vertex   3.292663e+02 0.000000e+00 -4.790190e+01
      vertex   3.296434e+02 0.000000e+00 -4.865514e+01
    endloop
  endfacet
  facet normal -8.702461e-01 -1.031308e-01 -4.817009e-01
    outer loop
      vertex   3.296548e+02 -2.000000e+00 -4.824762e+01
      vertex   3.296434e+02 0.000000e+00 -4.865514e+01
      vertex   3.300605e+02 -2.000000e+00 -4.898042e+01
    endloop
  endfacet
  facet normal -8.560499e-01 -9.590640e-02 -5.079179e-01
    outer loop
      vertex   3.300605e+02 -2.000000e+00 -4.898042e+01
      vertex   3.296434e+02 0.000000e+00 -4.865514e+01
      vertex   3.300732e+02 0.000000e+00 -4.937956e+01
    endloop
  endfacet
  facet normal -8.332217e-01 -1.031015e-01 -5.432418e-01
    outer loop
      vertex   3.300605e+02 -2.000000e+00 -4.898042e+01
      vertex   3.300732e+02 0.000000e+00 -4.937956e+01
      vertex   3.305179e+02 -2.000000e+00 -4.968205e+01
    endloop
  endfacet
  facet normal -8.176319e-01 -9.593722e-02 -5.676920e-01
    outer loop
      vertex   3.305179e+02 -2.000000e+00 -4.968205e+01
      vertex   3.300732e+02 0.000000e+00 -4.937956e+01
      vertex   3.305536e+02 0.000000e+00 -5.007148e+01
    endloop
  endfacet
  facet normal -7.918533e-01 -1.030683e-01 -6.019512e-01
    outer loop
      vertex   3.305179e+02 -2.000000e+00 -4.968205e+01
      vertex   3.305536e+02 0.000000e+00 -5.007148e+01
      vertex   3.310248e+02 -2.000000e+00 -5.034884e+01
    endloop
  endfacet
  facet normal -7.750474e-01 -9.597189e-02 -6.245726e-01
    outer loop
      vertex   3.310248e+02 -2.000000e+00 -5.034884e+01
      vertex   3.305536e+02 0.000000e+00 -5.007148e+01
      vertex   3.310822e+02 0.000000e+00 -5.072736e+01
    endloop
  endfacet
  facet normal -7.463566e-01 -1.030311e-01 -6.575230e-01
    outer loop
      vertex   3.310248e+02 -2.000000e+00 -5.034884e+01
      vertex   3.310822e+02 0.000000e+00 -5.072736e+01
      vertex   3.315785e+02 -2.000000e+00 -5.097731e+01
    endloop
  endfacet
  facet normal -7.285134e-01 -9.601042e-02 -6.782700e-01
    outer loop
      vertex   3.315785e+02 -2.000000e+00 -5.097731e+01
      vertex   3.310822e+02 0.000000e+00 -5.072736e+01
      vertex   3.316561e+02 0.000000e+00 -5.134386e+01
    endloop
  endfacet
  facet normal -6.969686e-01 -1.029900e-01 -7.096674e-01
    outer loop
      vertex   3.315785e+02 -2.000000e+00 -5.097731e+01
      vertex   3.316561e+02 0.000000e+00 -5.134386e+01
      vertex   3.321760e+02 -2.000000e+00 -5.156420e+01
    endloop
  endfacet
  facet normal -6.782672e-01 -9.605280e-02 -7.285104e-01
    outer loop
      vertex   3.321760e+02 -2.000000e+00 -5.156420e+01
      vertex   3.316561e+02 0.000000e+00 -5.134386e+01
      vertex   3.322726e+02 0.000000e+00 -5.191784e+01
    endloop
  endfacet
  facet normal -6.439467e-01 -1.029451e-01 -7.581127e-01
    outer loop
      vertex   3.321760e+02 -2.000000e+00 -5.156420e+01
      vertex   3.322726e+02 0.000000e+00 -5.191784e+01
      vertex   3.328144e+02 -2.000000e+00 -5.210643e+01
    endloop
  endfacet
  facet normal -6.245649e-01 -9.609903e-02 -7.750378e-01
    outer loop
      vertex   3.328144e+02 -2.000000e+00 -5.210643e+01
      vertex   3.322726e+02 0.000000e+00 -5.191784e+01
      vertex   3.329285e+02 0.000000e+00 -5.244639e+01
    endloop
  endfacet
  facet normal -5.875674e-01 -1.028962e-01 -8.026063e-01
    outer loop
      vertex   3.328144e+02 -2.000000e+00 -5.210643e+01
      vertex   3.329285e+02 0.000000e+00 -5.244639e+01
      vertex   3.334902e+02 -2.000000e+00 -5.260119e+01
    endloop
  endfacet
  facet normal -5.676803e-01 -9.614911e-02 -8.176151e-01
    outer loop
      vertex   3.334902e+02 -2.000000e+00 -5.260119e+01
      vertex   3.329285e+02 0.000000e+00 -5.244639e+01
      vertex   3.336204e+02 0.000000e+00 -5.292679e+01
    endloop
  endfacet
  facet normal -5.281244e-01 -1.028434e-01 -8.429163e-01
    outer loop
      vertex   3.334902e+02 -2.000000e+00 -5.260119e+01
      vertex   3.336204e+02 0.000000e+00 -5.292679e+01
      vertex   3.342000e+02 -2.000000e+00 -5.304589e+01
    endloop
  endfacet
  facet normal -5.079033e-01 -9.620304e-02 -8.560253e-01
    outer loop
      vertex   3.342000e+02 -2.000000e+00 -5.304589e+01
      vertex   3.336204e+02 0.000000e+00 -5.292679e+01
      vertex   3.343449e+02 0.000000e+00 -5.335661e+01
    endloop
  endfacet
  facet normal -4.659275e-01 -1.027867e-01 -8.788325e-01
    outer loop
      vertex   3.342000e+02 -2.000000e+00 -5.304589e+01
      vertex   3.343449e+02 0.000000e+00 -5.335661e+01
      vertex   3.349400e+02 -2.000000e+00 -5.343822e+01
    endloop
  endfacet
  facet normal -4.455385e-01 -9.626082e-02 -8.900726e-01
    outer loop
      vertex   3.349400e+02 -2.000000e+00 -5.343822e+01
      vertex   3.343449e+02 0.000000e+00 -5.335661e+01
      vertex   3.350981e+02 0.000000e+00 -5.373366e+01
    endloop
  endfacet
  facet normal -4.013009e-01 -1.027261e-01 -9.101676e-01
    outer loop
      vertex   3.349400e+02 -2.000000e+00 -5.343822e+01
      vertex   3.350981e+02 0.000000e+00 -5.373366e+01
      vertex   3.357064e+02 -2.000000e+00 -5.377613e+01
    endloop
  endfacet
  facet normal -3.809040e-01 -9.632246e-02 -9.195837e-01
    outer loop
      vertex   3.357064e+02 -2.000000e+00 -5.377613e+01
      vertex   3.350981e+02 0.000000e+00 -5.373366e+01
      vertex   3.358763e+02 0.000000e+00 -5.405601e+01
    endloop
  endfacet
  facet normal -3.345814e-01 -1.026615e-01 -9.367582e-01
    outer loop
      vertex   3.357064e+02 -2.000000e+00 -5.377613e+01
      vertex   3.358763e+02 0.000000e+00 -5.405601e+01
      vertex   3.364952e+02 -2.000000e+00 -5.405786e+01
    endloop
  endfacet
  facet normal -3.143292e-01 -9.638794e-02 -9.444080e-01
    outer loop
      vertex   3.364952e+02 -2.000000e+00 -5.405786e+01
      vertex   3.358763e+02 0.000000e+00 -5.405601e+01
      vertex   3.366756e+02 0.000000e+00 -5.432202e+01
    endloop
  endfacet
  facet normal -2.661167e-01 -1.025931e-01 -9.584657e-01
    outer loop
      vertex   3.364952e+02 -2.000000e+00 -5.405786e+01
      vertex   3.366756e+02 0.000000e+00 -5.432202e+01
      vertex   3.373022e+02 -2.000000e+00 -5.428193e+01
    endloop
  endfacet
  facet normal -2.461533e-01 -9.645728e-02 -9.644193e-01
    outer loop
      vertex   3.373022e+02 -2.000000e+00 -5.428193e+01
      vertex   3.366756e+02 0.000000e+00 -5.432202e+01
      vertex   3.374917e+02 0.000000e+00 -5.453033e+01
    endloop
  endfacet
  facet normal -1.962637e-01 -1.025207e-01 -9.751769e-01
    outer loop
      vertex   3.373022e+02 -2.000000e+00 -5.428193e+01
      vertex   3.374917e+02 0.000000e+00 -5.453033e+01
      vertex   3.381233e+02 -2.000000e+00 -5.444719e+01
    endloop
  endfacet
  facet normal -1.767240e-01 -9.653046e-02 -9.795154e-01
    outer loop
      vertex   3.381233e+02 -2.000000e+00 -5.444719e+01
      vertex   3.374917e+02 0.000000e+00 -5.453033e+01
      vertex   3.383207e+02 0.000000e+00 -5.467989e+01
    endloop
  endfacet
  facet normal -1.253865e-01 -1.024445e-01 -9.868046e-01
    outer loop
      vertex   3.381233e+02 -2.000000e+00 -5.444719e+01
      vertex   3.383207e+02 0.000000e+00 -5.467989e+01
      vertex   3.389542e+02 -2.000000e+00 -5.455276e+01
    endloop
  endfacet
  facet normal -1.063951e-01 -9.660750e-02 -9.896197e-01
    outer loop
      vertex   3.389542e+02 -2.000000e+00 -5.455276e+01
      vertex   3.383207e+02 0.000000e+00 -5.467989e+01
      vertex   3.391582e+02 0.000000e+00 -5.476993e+01
    endloop
  endfacet
  facet normal -5.385452e-02 -1.023643e-01 -9.932881e-01
    outer loop
      vertex   3.389542e+02 -2.000000e+00 -5.455276e+01
      vertex   3.391582e+02 0.000000e+00 -5.476993e+01
      vertex   3.397906e+02 -2.000000e+00 -5.459811e+01
    endloop
  endfacet
  facet normal -3.552510e-02 -9.668838e-02 -9.946805e-01
    outer loop
      vertex   3.397906e+02 -2.000000e+00 -5.459811e+01
      vertex   3.391582e+02 0.000000e+00 -5.476993e+01
      vertex   3.400000e+02 0.000000e+00 -5.480000e+01
    endloop
  endfacet
  facet normal 1.795947e-02 -1.022802e-01 -9.945935e-01
    outer loop
      vertex   3.397906e+02 -2.000000e+00 -5.459811e+01
      vertex   3.400000e+02 0.000000e+00 -5.480000e+01
      vertex   3.406280e+02 -2.000000e+00 -5.458299e+01
    endloop
  endfacet
  facet normal 3.552481e-02 -9.677312e-02 -9.946723e-01
    outer loop
      vertex   3.406280e+02 -2.000000e+00 -5.458299e+01
      vertex   3.400000e+02 0.000000e+00 -5.480000e+01
      vertex   3.408418e+02 0.000000e+00 -5.476993e+01
    endloop
  endfacet
  facet normal 8.968110e-02 -1.021922e-01 -9.907139e-01
    outer loop
      vertex   3.406280e+02 -2.000000e+00 -5.458299e+01
      vertex   3.408418e+02 0.000000e+00 -5.476993e+01
      vertex   3.414622e+02 -2.000000e+00 -5.450748e+01
    endloop
  endfacet
  facet normal 1.063925e-01 -9.686170e-02 -9.895951e-01
    outer loop
      vertex   3.414622e+02 -2.000000e+00 -5.450748e+01
      vertex   3.408418e+02 0.000000e+00 -5.476993e+01
      vertex   3.416793e+02 0.000000e+00 -5.467989e+01
    endloop
  endfacet
  facet normal 1.609365e-01 -1.021003e-01 -9.816695e-01
    outer loop
      vertex   3.414622e+02 -2.000000e+00 -5.450748e+01
      vertex   3.416793e+02 0.000000e+00 -5.467989e+01
      vertex   3.422887e+02 -2.000000e+00 -5.437197e+01
    endloop
  endfacet
  facet normal 1.767167e-01 -9.695413e-02 -9.794749e-01
    outer loop
      vertex   3.422887e+02 -2.000000e+00 -5.437197e+01
      vertex   3.416793e+02 0.000000e+00 -5.467989e+01
      vertex   3.425083e+02 0.000000e+00 -5.453033e+01
    endloop
  endfacet
  facet normal 2.313544e-01 -1.020044e-01 -9.675072e-01
    outer loop
      vertex   3.422887e+02 -2.000000e+00 -5.437197e+01
      vertex   3.425083e+02 0.000000e+00 -5.453033e+01
      vertex   3.431033e+02 -2.000000e+00 -5.417718e+01
    endloop
  endfacet
  facet normal 2.461391e-01 -9.705041e-02 -9.643634e-01
    outer loop
      vertex   3.431033e+02 -2.000000e+00 -5.417718e+01
      vertex   3.425083e+02 0.000000e+00 -5.453033e+01
      vertex   3.433244e+02 0.000000e+00 -5.432202e+01
    endloop
  endfacet
  facet normal 3.005675e-01 -1.019047e-01 -9.483009e-01
    outer loop
      vertex   3.431033e+02 -2.000000e+00 -5.417718e+01
      vertex   3.433244e+02 0.000000e+00 -5.432202e+01
      vertex   3.439018e+02 -2.000000e+00 -5.392411e+01
    endloop
  endfacet
  facet normal 3.143058e-01 -9.715054e-02 -9.443377e-01
    outer loop
      vertex   3.439018e+02 -2.000000e+00 -5.392411e+01
      vertex   3.433244e+02 0.000000e+00 -5.432202e+01
      vertex   3.441237e+02 0.000000e+00 -5.405601e+01
    endloop
  endfacet
  facet normal 3.682152e-01 -1.018010e-01 -9.241505e-01
    outer loop
      vertex   3.439018e+02 -2.000000e+00 -5.392411e+01
      vertex   3.441237e+02 0.000000e+00 -5.405601e+01
      vertex   3.446798e+02 -2.000000e+00 -5.361410e+01
    endloop
  endfacet
  facet normal 3.808693e-01 -9.725451e-02 -9.194999e-01
    outer loop
      vertex   3.446798e+02 -2.000000e+00 -5.361410e+01
      vertex   3.441237e+02 0.000000e+00 -5.405601e+01
      vertex   3.449019e+02 0.000000e+00 -5.373366e+01
    endloop
  endfacet
  facet normal 4.339448e-01 -1.016934e-01 -8.951818e-01
    outer loop
      vertex   3.446798e+02 -2.000000e+00 -5.361410e+01
      vertex   3.449019e+02 0.000000e+00 -5.373366e+01
      vertex   3.454335e+02 -2.000000e+00 -5.324874e+01
    endloop
  endfacet
  facet normal 4.454906e-01 -9.736234e-02 -8.899768e-01
    outer loop
      vertex   3.454335e+02 -2.000000e+00 -5.324874e+01
      vertex   3.449019e+02 0.000000e+00 -5.373366e+01
      vertex   3.456551e+02 0.000000e+00 -5.335661e+01
    endloop
  endfacet
  facet normal 4.974136e-01 -1.015819e-01 -8.615456e-01
    outer loop
      vertex   3.454335e+02 -2.000000e+00 -5.324874e+01
      vertex   3.456551e+02 0.000000e+00 -5.335661e+01
      vertex   3.461589e+02 -2.000000e+00 -5.282995e+01
    endloop
  endfacet
  facet normal 5.078402e-01 -9.747400e-02 -8.559189e-01
    outer loop
      vertex   3.461589e+02 -2.000000e+00 -5.282995e+01
      vertex   3.456551e+02 0.000000e+00 -5.335661e+01
      vertex   3.463796e+02 0.000000e+00 -5.292679e+01
    endloop
  endfacet
  facet normal 5.582908e-01 -1.014665e-01 -8.234173e-01
    outer loop
      vertex   3.461589e+02 -2.000000e+00 -5.282995e+01
      vertex   3.463796e+02 0.000000e+00 -5.292679e+01
      vertex   3.468522e+02 -2.000000e+00 -5.235991e+01
    endloop
  endfacet
  facet normal 5.676003e-01 -9.758952e-02 -8.174999e-01
    outer loop
      vertex   3.468522e+02 -2.000000e+00 -5.235991e+01
      vertex   3.463796e+02 0.000000e+00 -5.292679e+01
      vertex   3.470715e+02 0.000000e+00 -5.244639e+01
    endloop
  endfacet
  facet normal 6.162589e-01 -1.013472e-01 -7.809953e-01
    outer loop
      vertex   3.468522e+02 -2.000000e+00 -5.235991e+01
      vertex   3.470715e+02 0.000000e+00 -5.244639e+01
      vertex   3.475097e+02 -2.000000e+00 -5.184108e+01
    endloop
  endfacet
  facet normal 6.244666e-01 -9.770888e-02 -7.749158e-01
    outer loop
      vertex   3.475097e+02 -2.000000e+00 -5.184108e+01
      vertex   3.470715e+02 0.000000e+00 -5.244639e+01
      vertex   3.477274e+02 0.000000e+00 -5.191784e+01
    endloop
  endfacet
  facet normal 6.710158e-01 -1.012240e-01 -7.345009e-01
    outer loop
      vertex   3.475097e+02 -2.000000e+00 -5.184108e+01
      vertex   3.477274e+02 0.000000e+00 -5.191784e+01
      vertex   3.481281e+02 -2.000000e+00 -5.127615e+01
    endloop
  endfacet
  facet normal 6.781491e-01 -9.783208e-02 -7.283836e-01
    outer loop
      vertex   3.481281e+02 -2.000000e+00 -5.127615e+01
      vertex   3.477274e+02 0.000000e+00 -5.191784e+01
      vertex   3.483439e+02 0.000000e+00 -5.134386e+01
    endloop
  endfacet
  facet normal 7.222759e-01 -1.010968e-01 -6.841761e-01
    outer loop
      vertex   3.481281e+02 -2.000000e+00 -5.127615e+01
      vertex   3.483439e+02 0.000000e+00 -5.134386e+01
      vertex   3.487041e+02 -2.000000e+00 -5.066808e+01
    endloop
  endfacet
  facet normal 7.283744e-01 -9.795913e-02 -6.781406e-01
    outer loop
      vertex   3.487041e+02 -2.000000e+00 -5.066808e+01
      vertex   3.483439e+02 0.000000e+00 -5.134386e+01
      vertex   3.489178e+02 0.000000e+00 -5.072736e+01
    endloop
  endfacet
  facet normal 7.697720e-01 -1.009657e-01 -6.302832e-01
    outer loop
      vertex   3.487041e+02 -2.000000e+00 -5.066808e+01
      vertex   3.489178e+02 0.000000e+00 -5.072736e+01
      vertex   3.492347e+02 -2.000000e+00 -5.002002e+01
    endloop
  endfacet
  facet normal 7.748866e-01 -9.809002e-02 -6.244431e-01
    outer loop
      vertex   3.492347e+02 -2.000000e+00 -5.002002e+01
      vertex   3.489178e+02 0.000000e+00 -5.072736e+01
      vertex   3.494464e+02 0.000000e+00 -5.007148e+01
    endloop
  endfacet
  facet normal 8.132564e-01 -1.008307e-01 -5.731031e-01
    outer loop
      vertex   3.492347e+02 -2.000000e+00 -5.002002e+01
      vertex   3.494464e+02 0.000000e+00 -5.007148e+01
      vertex   3.497172e+02 -2.000000e+00 -4.933537e+01
    endloop
  endfacet
  facet normal 8.174486e-01 -9.822476e-02 -5.675647e-01
    outer loop
      vertex   3.497172e+02 -2.000000e+00 -4.933537e+01
      vertex   3.494464e+02 0.000000e+00 -5.007148e+01
      vertex   3.499268e+02 0.000000e+00 -4.937956e+01
    endloop
  endfacet
  facet normal 8.525023e-01 -1.006918e-01 -5.129336e-01
    outer loop
      vertex   3.497172e+02 -2.000000e+00 -4.933537e+01
      vertex   3.499268e+02 0.000000e+00 -4.937956e+01
      vertex   3.501490e+02 -2.000000e+00 -4.861768e+01
    endloop
  endfacet
  facet normal 8.558437e-01 -9.836334e-02 -5.077955e-01
    outer loop
      vertex   3.501490e+02 -2.000000e+00 -4.861768e+01
      vertex   3.499268e+02 0.000000e+00 -4.937956e+01
      vertex   3.503566e+02 0.000000e+00 -4.865514e+01
    endloop
  endfacet
  facet normal 8.873051e-01 -1.005490e-01 -4.500884e-01
    outer loop
      vertex   3.501490e+02 -2.000000e+00 -4.861768e+01
      vertex   3.503566e+02 0.000000e+00 -4.865514e+01
      vertex   3.505279e+02 -2.000000e+00 -4.787071e+01
    endloop
  endfacet
  facet normal 8.898762e-01 -9.850576e-02 -4.454402e-01
    outer loop
      vertex   3.505279e+02 -2.000000e+00 -4.787071e+01
      vertex   3.503566e+02 0.000000e+00 -4.865514e+01
      vertex   3.507337e+02 0.000000e+00 -4.790190e+01
    endloop
  endfacet
  facet normal 9.174831e-01 -1.004023e-01 -3.848949e-01
    outer loop
      vertex   3.505279e+02 -2.000000e+00 -4.787071e+01
      vertex   3.507337e+02 0.000000e+00 -4.790190e+01
      vertex   3.508519e+02 -2.000000e+00 -4.709835e+01
    endloop
  endfacet
  facet normal 9.193728e-01 -9.865202e-02 -3.808167e-01
    outer loop
      vertex   3.508519e+02 -2.000000e+00 -4.709835e+01
      vertex   3.507337e+02 0.000000e+00 -4.790190e+01
      vertex   3.510560e+02 0.000000e+00 -4.712368e+01
    endloop
  endfacet
  facet normal 9.428790e-01 -1.002516e-01 -3.176929e-01
    outer loop
      vertex   3.508519e+02 -2.000000e+00 -4.709835e+01
      vertex   3.510560e+02 0.000000e+00 -4.712368e+01
      vertex   3.511193e+02 -2.000000e+00 -4.630462e+01
    endloop
  endfacet
  facet normal 9.441834e-01 -9.880213e-02 -3.142544e-01
    outer loop
      vertex   3.511193e+02 -2.000000e+00 -4.630462e+01
      vertex   3.510560e+02 0.000000e+00 -4.712368e+01
      vertex   3.513220e+02 0.000000e+00 -4.632444e+01
    endloop
  endfacet
  facet normal 9.633602e-01 -1.000970e-01 -2.488326e-01
    outer loop
      vertex   3.511193e+02 -2.000000e+00 -4.630462e+01
      vertex   3.513220e+02 0.000000e+00 -4.632444e+01
      vertex   3.513288e+02 -2.000000e+00 -4.549366e+01
    endloop
  endfacet
  facet normal 9.641816e-01 -9.895607e-02 -2.460927e-01
    outer loop
      vertex   3.513288e+02 -2.000000e+00 -4.549366e+01
      vertex   3.513220e+02 0.000000e+00 -4.632444e+01
      vertex   3.515303e+02 0.000000e+00 -4.550827e+01
    endloop
  endfacet
  facet normal 9.788198e-01 -9.993852e-02 -1.786729e-01
    outer loop
      vertex   3.513288e+02 -2.000000e+00 -4.549366e+01
      vertex   3.515303e+02 0.000000e+00 -4.550827e+01
      vertex   3.514792e+02 -2.000000e+00 -4.466970e+01
    endloop
  endfacet
  facet normal 9.792655e-01 -9.911386e-02 -1.766789e-01
    outer loop
      vertex   3.514792e+02 -2.000000e+00 -4.466970e+01
      vertex   3.515303e+02 0.000000e+00 -4.550827e+01
      vertex   3.516799e+02 0.000000e+00 -4.467932e+01
    endloop
  endfacet
  facet normal 9.891771e-01 -9.977610e-02 -1.075795e-01
    outer loop
      vertex   3.514792e+02 -2.000000e+00 -4.466970e+01
      vertex   3.516799e+02 0.000000e+00 -4.467932e+01
      vertex   3.515698e+02 -2.000000e+00 -4.383703e+01
    endloop
  endfacet
  facet normal 9.893586e-01 -9.927548e-02 -1.063671e-01
    outer loop
      vertex   3.515698e+02 -2.000000e+00 -4.383703e+01
      vertex   3.516799e+02 0.000000e+00 -4.467932e+01
      vertex   3.517699e+02 0.000000e+00 -4.384180e+01
    endloop
  endfacet
  facet normal 9.943779e-01 -9.960976e-02 -3.592286e-02
    outer loop
      vertex   3.515698e+02 -2.000000e+00 -4.383703e+01
      vertex   3.517699e+02 0.000000e+00 -4.384180e+01
      vertex   3.516000e+02 -2.000000e+00 -4.300000e+01
    endloop
  endfacet
  facet normal 0.000000e+00 -1.000000e+00 0.000000e+00
    outer loop
      vertex   3.340000e+02 -2.000000e+00 -4.850000e+01
      vertex   3.397906e+02 -2.000000e+00 -5.459811e+01
      vertex   3.460000e+02 -2.000000e+00 -4.850000e+01
    endloop
  endfacet
  facet normal 0.000000e+00 -1.000000e+00 0.000000e+00
    outer loop
      vertex   3.460000e+02 -2.000000e+00 -4.850000e+01
      vertex   3.397906e+02 -2.000000e+00 -5.459811e+01
      vertex   3.406280e+02 -2.000000e+00 -5.458299e+01
    endloop
  endfacet
  facet normal 0.000000e+00 -1.000000e+00 0.000000e+00
    outer loop
      vertex   3.460000e+02 -2.000000e+00 -4.850000e+01
      vertex   3.406280e+02 -2.000000e+00 -5.458299e+01
      vertex   3.414622e+02 -2.000000e+00 -5.450748e+01
    endloop
  endfacet
  facet normal 0.000000e+00 -1.000000e+00 -0.000000e+00
    outer loop
      vertex   3.340000e+02 -2.000000e+00 -3.750000e+01
      vertex   3.284076e+02 -2.000000e+00 -4.258121e+01
      vertex   3.340000e+02 -2.000000e+00 -4.850000e+01
    endloop
  endfacet
  facet normal 0.000000e+00 -1.000000e+00 0.000000e+00
    outer loop
      vertex   3.340000e+02 -2.000000e+00 -4.850000e+01
      vertex   3.284076e+02 -2.000000e+00 -4.258121e+01
      vertex   3.284076e+02 -2.000000e+00 -4.341879e+01
    endloop
  endfacet
  facet normal 0.000000e+00 -1.000000e+00 0.000000e+00
    outer loop
      vertex   3.340000e+02 -2.000000e+00 -4.850000e+01
      vertex   3.284076e+02 -2.000000e+00 -4.341879e+01
      vertex   3.284680e+02 -2.000000e+00 -4.425418e+01
    endloop
  endfacet
  facet normal 0.000000e+00 -1.000000e+00 0.000000e+00
    outer loop
      vertex   3.460000e+02 -2.000000e+00 -3.750000e+01
      vertex   3.397906e+02 -2.000000e+00 -3.140189e+01
      vertex   3.340000e+02 -2.000000e+00 -3.750000e+01
    endloop
  endfacet
  facet normal 0.000000e+00 -1.000000e+00 0.000000e+00
    outer loop
      vertex   3.340000e+02 -2.000000e+00 -3.750000e+01
      vertex   3.397906e+02 -2.000000e+00 -3.140189e+01
      vertex   3.389542e+02 -2.000000e+00 -3.144724e+01
    endloop
  endfacet
  facet normal 0.000000e+00 -1.000000e+00 0.000000e+00
    outer loop
      vertex   3.340000e+02 -2.000000e+00 -3.750000e+01
      vertex   3.389542e+02 -2.000000e+00 -3.144724e+01
      vertex   3.381233e+02 -2.000000e+00 -3.155281e+01
    endloop
  endfacet
  facet normal 0.000000e+00 -1.000000e+00 0.000000e+00
    outer loop
      vertex   3.460000e+02 -2.000000e+00 -4.850000e+01
      vertex   3.516000e+02 -2.000000e+00 -4.300000e+01
      vertex   3.460000e+02 -2.000000e+00 -3.750000e+01
    endloop
  endfacet
  facet normal 0.000000e+00 -1.000000e+00 0.000000e+00
    outer loop
      vertex   3.460000e+02 -2.000000e+00 -3.750000e+01
      vertex   3.516000e+02 -2.000000e+00 -4.300000e+01
      vertex   3.515698e+02 -2.000000e+00 -4.216297e+01
    endloop
  endfacet
  facet normal 0.000000e+00 -1.000000e+00 0.000000e+00
    outer loop
      vertex   3.460000e+02 -2.000000e+00 -3.750000e+01
      vertex   3.515698e+02 -2.000000e+00 -4.216297e+01
      vertex   3.514792e+02 -2.000000e+00 -4.133030e+01
    endloop
  endfacet
  facet normal 0.000000e+00 -1.000000e+00 0.000000e+00
    outer loop
      vertex   3.514792e+02 -2.000000e+00 -4.133030e+01
      vertex   3.513288e+02 -2.000000e+00 -4.050634e+01
      vertex   3.460000e+02 -2.000000e+00 -3.750000e+01
    endloop
  endfacet
  facet normal 0.000000e+00 -1.000000e+00 0.000000e+00
    outer loop
      vertex   3.460000e+02 -2.000000e+00 -3.750000e+01
      vertex   3.513288e+02 -2.000000e+00 -4.050634e+01
      vertex   3.511193e+02 -2.000000e+00 -3.969538e+01
    endloop
  endfacet
  facet normal 0.000000e+00 -1.000000e+00 0.000000e+00
    outer loop
      vertex   3.460000e+02 -2.000000e+00 -3.750000e+01
      vertex   3.511193e+02 -2.000000e+00 -3.969538e+01
      vertex   3.508519e+02 -2.000000e+00 -3.890165e+01
    endloop
  endfacet
  facet normal 0.000000e+00 -1.000000e+00 0.000000e+00
    outer loop
      vertex   3.508519e+02 -2.000000e+00 -3.890165e+01
      vertex   3.505279e+02 -2.000000e+00 -3.812929e+01
      vertex   3.460000e+02 -2.000000e+00 -3.750000e+01
    endloop
  endfacet
  facet normal 0.000000e+00 -1.000000e+00 0.000000e+00
    outer loop
      vertex   3.460000e+02 -2.000000e+00 -3.750000e+01
      vertex   3.505279e+02 -2.000000e+00 -3.812929e+01
      vertex   3.501490e+02 -2.000000e+00 -3.738232e+01
    endloop
  endfacet
  facet normal 0.000000e+00 -1.000000e+00 0.000000e+00
    outer loop
      vertex   3.460000e+02 -2.000000e+00 -3.750000e+01
      vertex   3.501490e+02 -2.000000e+00 -3.738232e+01
      vertex   3.497172e+02 -2.000000e+00 -3.666463e+01
    endloop
  endfacet
  facet normal -0.000000e+00 -1.000000e+00 0.000000e+00
    outer loop
      vertex   3.497172e+02 -2.000000e+00 -3.666463e+01
      vertex   3.492347e+02 -2.000000e+00 -3.597998e+01
      vertex   3.460000e+02 -2.000000e+00 -3.750000e+01
    endloop
  endfacet
  facet normal 0.000000e+00 -1.000000e+00 0.000000e+00
    outer loop
      vertex   3.460000e+02 -2.000000e+00 -3.750000e+01
      vertex   3.492347e+02 -2.000000e+00 -3.597998e+01
      vertex   3.487041e+02 -2.000000e+00 -3.533192e+01
    endloop
  endfacet
  facet normal 0.000000e+00 -1.000000e+00 0.000000e+00
    outer loop
      vertex   3.460000e+02 -2.000000e+00 -3.750000e+01
      vertex   3.487041e+02 -2.000000e+00 -3.533192e+01
      vertex   3.481281e+02 -2.000000e+00 -3.472385e+01
    endloop
  endfacet
  facet normal -0.000000e+00 -1.000000e+00 0.000000e+00
    outer loop
      vertex   3.481281e+02 -2.000000e+00 -3.472385e+01
      vertex   3.475097e+02 -2.000000e+00 -3.415892e+01
      vertex   3.460000e+02 -2.000000e+00 -3.750000e+01
    endloop
  endfacet
  facet normal 0.000000e+00 -1.000000e+00 0.000000e+00
    outer loop
      vertex   3.460000e+02 -2.000000e+00 -3.750000e+01
      vertex   3.475097e+02 -2.000000e+00 -3.415892e+01
      vertex   3.468522e+02 -2.000000e+00 -3.364009e+01
    endloop
  endfacet
  facet normal 0.000000e+00 -1.000000e+00 0.000000e+00
    outer loop
      vertex   3.460000e+02 -2.000000e+00 -3.750000e+01
      vertex   3.468522e+02 -2.000000e+00 -3.364009e+01
      vertex   3.461589e+02 -2.000000e+00 -3.317005e+01
    endloop
  endfacet
  facet normal -0.000000e+00 -1.000000e+00 0.000000e+00
    outer loop
      vertex   3.461589e+02 -2.000000e+00 -3.317005e+01
      vertex   3.454335e+02 -2.000000e+00 -3.275126e+01
      vertex   3.460000e+02 -2.000000e+00 -3.750000e+01
    endloop
  endfacet
  facet normal 0.000000e+00 -1.000000e+00 0.000000e+00
    outer loop
      vertex   3.460000e+02 -2.000000e+00 -3.750000e+01
      vertex   3.454335e+02 -2.000000e+00 -3.275126e+01
      vertex   3.446798e+02 -2.000000e+00 -3.238590e+01
    endloop
  endfacet
  facet normal 0.000000e+00 -1.000000e+00 0.000000e+00
    outer loop
      vertex   3.460000e+02 -2.000000e+00 -3.750000e+01
      vertex   3.446798e+02 -2.000000e+00 -3.238590e+01
      vertex   3.439018e+02 -2.000000e+00 -3.207589e+01
    endloop
  endfacet
  facet normal -0.000000e+00 -1.000000e+00 -0.000000e+00
    outer loop
      vertex   3.439018e+02 -2.000000e+00 -3.207589e+01
      vertex   3.431033e+02 -2.000000e+00 -3.182282e+01
      vertex   3.460000e+02 -2.000000e+00 -3.750000e+01
    endloop
  endfacet
  facet normal 0.000000e+00 -1.000000e+00 0.000000e+00
    outer loop
      vertex   3.460000e+02 -2.000000e+00 -3.750000e+01
      vertex   3.431033e+02 -2.000000e+00 -3.182282e+01
      vertex   3.422887e+02 -2.000000e+00 -3.162803e+01
    endloop
  endfacet
  facet normal 0.000000e+00 -1.000000e+00 0.000000e+00
    outer loop
      vertex   3.460000e+02 -2.000000e+00 -3.750000e+01
      vertex   3.422887e+02 -2.000000e+00 -3.162803e+01
      vertex   3.414622e+02 -2.000000e+00 -3.149252e+01
    endloop
  endfacet
  facet normal -0.000000e+00 -1.000000e+00 -0.000000e+00
    outer loop
      vertex   3.414622e+02 -2.000000e+00 -3.149252e+01
      vertex   3.406280e+02 -2.000000e+00 -3.141701e+01
      vertex   3.460000e+02 -2.000000e+00 -3.750000e+01
    endloop
  endfacet
  facet normal 0.000000e+00 -1.000000e+00 0.000000e+00
    outer loop
      vertex   3.460000e+02 -2.000000e+00 -3.750000e+01
      vertex   3.406280e+02 -2.000000e+00 -3.141701e+01
      vertex   3.397906e+02 -2.000000e+00 -3.140189e+01
    endloop
  endfacet
  facet normal 0.000000e+00 -1.000000e+00 0.000000e+00
    outer loop
      vertex   3.381233e+02 -2.000000e+00 -3.155281e+01
      vertex   3.373022e+02 -2.000000e+00 -3.171807e+01
      vertex   3.340000e+02 -2.000000e+00 -3.750000e+01
    endloop
  endfacet
  facet normal 0.000000e+00 -1.000000e+00 0.000000e+00
    outer loop
      vertex   3.340000e+02 -2.000000e+00 -3.750000e+01
      vertex   3.373022e+02 -2.000000e+00 -3.171807e+01
      vertex   3.364952e+02 -2.000000e+00 -3.194214e+01
    endloop
  endfacet
  facet normal 0.000000e+00 -1.000000e+00 0.000000e+00
    outer loop
      vertex   3.340000e+02 -2.000000e+00 -3.750000e+01
      vertex   3.364952e+02 -2.000000e+00 -3.194214e+01
      vertex   3.357064e+02 -2.000000e+00 -3.222387e+01
    endloop
  endfacet
  facet normal 0.000000e+00 -1.000000e+00 0.000000e+00
    outer loop
      vertex   3.357064e+02 -2.000000e+00 -3.222387e+01
      vertex   3.349400e+02 -2.000000e+00 -3.256178e+01
      vertex   3.340000e+02 -2.000000e+00 -3.750000e+01
    endloop
  endfacet
  facet normal 0.000000e+00 -1.000000e+00 0.000000e+00
    outer loop
      vertex   3.340000e+02 -2.000000e+00 -3.750000e+01
      vertex   3.349400e+02 -2.000000e+00 -3.256178e+01
      vertex   3.342000e+02 -2.000000e+00 -3.295411e+01
    endloop
  endfacet
  facet normal 0.000000e+00 -1.000000e+00 0.000000e+00
    outer loop
      vertex   3.340000e+02 -2.000000e+00 -3.750000e+01
      vertex   3.342000e+02 -2.000000e+00 -3.295411e+01
      vertex   3.334902e+02 -2.000000e+00 -3.339881e+01
    endloop
  endfacet
  facet normal 0.000000e+00 -1.000000e+00 -0.000000e+00
    outer loop
      vertex   3.334902e+02 -2.000000e+00 -3.339881e+01
      vertex   3.328144e+02 -2.000000e+00 -3.389357e+01
      vertex   3.340000e+02 -2.000000e+00 -3.750000e+01
    endloop
  endfacet
  facet normal 0.000000e+00 -1.000000e+00 0.000000e+00
    outer loop
      vertex   3.340000e+02 -2.000000e+00 -3.750000e+01
      vertex   3.328144e+02 -2.000000e+00 -3.389357e+01
      vertex   3.321760e+02 -2.000000e+00 -3.443580e+01
    endloop
  endfacet
  facet normal 0.000000e+00 -1.000000e+00 0.000000e+00
    outer loop
      vertex   3.340000e+02 -2.000000e+00 -3.750000e+01
      vertex   3.321760e+02 -2.000000e+00 -3.443580e+01
      vertex   3.315785e+02 -2.000000e+00 -3.502269e+01
    endloop
  endfacet
  facet normal 0.000000e+00 -1.000000e+00 -0.000000e+00
    outer loop
      vertex   3.315785e+02 -2.000000e+00 -3.502269e+01
      vertex   3.310248e+02 -2.000000e+00 -3.565116e+01
      vertex   3.340000e+02 -2.000000e+00 -3.750000e+01
    endloop
  endfacet
  facet normal 0.000000e+00 -1.000000e+00 0.000000e+00
    outer loop
      vertex   3.340000e+02 -2.000000e+00 -3.750000e+01
      vertex   3.310248e+02 -2.000000e+00 -3.565116e+01
      vertex   3.305179e+02 -2.000000e+00 -3.631795e+01
    endloop
  endfacet
  facet normal 0.000000e+00 -1.000000e+00 0.000000e+00
    outer loop
      vertex   3.340000e+02 -2.000000e+00 -3.750000e+01
      vertex   3.305179e+02 -2.000000e+00 -3.631795e+01
      vertex   3.300605e+02 -2.000000e+00 -3.701958e+01
    endloop
  endfacet
  facet normal 0.000000e+00 -1.000000e+00 -0.000000e+00
    outer loop
      vertex   3.300605e+02 -2.000000e+00 -3.701958e+01
      vertex   3.296548e+02 -2.000000e+00 -3.775238e+01
      vertex   3.340000e+02 -2.000000e+00 -3.750000e+01
    endloop
  endfacet
  facet normal 0.000000e+00 -1.000000e+00 0.000000e+00
    outer loop
      vertex   3.340000e+02 -2.000000e+00 -3.750000e+01
      vertex   3.296548e+02 -2.000000e+00 -3.775238e+01
      vertex   3.293031e+02 -2.000000e+00 -3.851254e+01
    endloop
  endfacet
  facet normal 0.000000e+00 -1.000000e+00 0.000000e+00
    outer loop
      vertex   3.340000e+02 -2.000000e+00 -3.750000e+01
      vertex   3.293031e+02 -2.000000e+00 -3.851254e+01
      vertex   3.290072e+02 -2.000000e+00 -3.929610e+01
    endloop
  endfacet
  facet normal 0.000000e+00 -1.000000e+00 -0.000000e+00
    outer loop
      vertex   3.290072e+02 -2.000000e+00 -3.929610e+01
      vertex   3.287686e+02 -2.000000e+00 -4.009897e+01
      vertex   3.340000e+02 -2.000000e+00 -3.750000e+01
    endloop
  endfacet
  facet normal 0.000000e+00 -1.000000e+00 0.000000e+00
    outer loop
      vertex   3.340000e+02 -2.000000e+00 -3.750000e+01
      vertex   3.287686e+02 -2.000000e+00 -4.009897e+01
      vertex   3.285886e+02 -2.000000e+00 -4.091697e+01
    endloop
  endfacet
  facet normal 0.000000e+00 -1.000000e+00 0.000000e+00
    outer loop
      vertex   3.340000e+02 -2.000000e+00 -3.750000e+01
      vertex   3.285886e+02 -2.000000e+00 -4.091697e+01
      vertex   3.284680e+02 -2.000000e+00 -4.174582e+01
    endloop
  endfacet
  facet normal 0.000000e+00 -1.000000e+00 -0.000000e+00
    outer loop
      vertex   3.284680e+02 -2.000000e+00 -4.174582e+01
      vertex   3.284076e+02 -2.000000e+00 -4.258121e+01
      vertex   3.340000e+02 -2.000000e+00 -3.750000e+01
    endloop
  endfacet
  facet normal 0.000000e+00 -1.000000e+00 0.000000e+00
    outer loop
      vertex   3.284680e+02 -2.000000e+00 -4.425418e+01
      vertex   3.285886e+02 -2.000000e+00 -4.508303e+01
      vertex   3.340000e+02 -2.000000e+00 -4.850000e+01
    endloop
  endfacet
  facet normal 0.000000e+00 -1.000000e+00 0.000000e+00
    outer loop
      vertex   3.340000e+02 -2.000000e+00 -4.850000e+01
      vertex   3.285886e+02 -2.000000e+00 -4.508303e+01
      vertex   3.287686e+02 -2.000000e+00 -4.590103e+01
    endloop
  endfacet
  facet normal 0.000000e+00 -1.000000e+00 0.000000e+00
    outer loop
      vertex   3.340000e+02 -2.000000e+00 -4.850000e+01
      vertex   3.287686e+02 -2.000000e+00 -4.590103e+01
      vertex   3.290072e+02 -2.000000e+00 -4.670390e+01
    endloop
  endfacet
  facet normal 0.000000e+00 -1.000000e+00 0.000000e+00
    outer loop
      vertex   3.290072e+02 -2.000000e+00 -4.670390e+01
      vertex   3.293031e+02 -2.000000e+00 -4.748746e+01
      vertex   3.340000e+02 -2.000000e+00 -4.850000e+01
    endloop
  endfacet
  facet normal 0.000000e+00 -1.000000e+00 0.000000e+00
    outer loop
      vertex   3.340000e+02 -2.000000e+00 -4.850000e+01
      vertex   3.293031e+02 -2.000000e+00 -4.748746e+01
      vertex   3.296548e+02 -2.000000e+00 -4.824762e+01
    endloop
  endfacet
  facet normal -0.000000e+00 -1.000000e+00 0.000000e+00
    outer loop
      vertex   3.340000e+02 -2.000000e+00 -4.850000e+01
      vertex   3.296548e+02 -2.000000e+00 -4.824762e+01
      vertex   3.300605e+02 -2.000000e+00 -4.898042e+01
    endloop
  endfacet
  facet normal 0.000000e+00 -1.000000e+00 0.000000e+00
    outer loop
      vertex   3.300605e+02 -2.000000e+00 -4.898042e+01
      vertex   3.305179e+02 -2.000000e+00 -4.968205e+01
      vertex   3.340000e+02 -2.000000e+00 -4.850000e+01
    endloop
  endfacet
  facet normal 0.000000e+00 -1.000000e+00 0.000000e+00
    outer loop
      vertex   3.340000e+02 -2.000000e+00 -4.850000e+01
      vertex   3.305179e+02 -2.000000e+00 -4.968205e+01
      vertex   3.310248e+02 -2.000000e+00 -5.034884e+01
    endloop
  endfacet
  facet normal 0.000000e+00 -1.000000e+00 0.000000e+00
    outer loop
      vertex   3.340000e+02 -2.000000e+00 -4.850000e+01
      vertex   3.310248e+02 -2.000000e+00 -5.034884e+01
      vertex   3.315785e+02 -2.000000e+00 -5.097731e+01
    endloop
  endfacet
  facet normal 0.000000e+00 -1.000000e+00 0.000000e+00
    outer loop
      vertex   3.315785e+02 -2.000000e+00 -5.097731e+01
      vertex   3.321760e+02 -2.000000e+00 -5.156420e+01
      vertex   3.340000e+02 -2.000000e+00 -4.850000e+01
    endloop
  endfacet
  facet normal 0.000000e+00 -1.000000e+00 0.000000e+00
    outer loop
      vertex   3.340000e+02 -2.000000e+00 -4.850000e+01
      vertex   3.321760e+02 -2.000000e+00 -5.156420e+01
      vertex   3.328144e+02 -2.000000e+00 -5.210643e+01
    endloop
  endfacet
  facet normal 0.000000e+00 -1.000000e+00 0.000000e+00
    outer loop
      vertex   3.340000e+02 -2.000000e+00 -4.850000e+01
      vertex   3.328144e+02 -2.000000e+00 -5.210643e+01
      vertex   3.334902e+02 -2.000000e+00 -5.260119e+01
    endloop
  endfacet
  facet normal 0.000000e+00 -1.000000e+00 0.000000e+00
    outer loop
      vertex   3.334902e+02 -2.000000e+00 -5.260119e+01
      vertex   3.342000e+02 -2.000000e+00 -5.304589e+01
      vertex   3.340000e+02 -2.000000e+00 -4.850000e+01
    endloop
  endfacet
  facet normal 0.000000e+00 -1.000000e+00 0.000000e+00
    outer loop
      vertex   3.340000e+02 -2.000000e+00 -4.850000e+01
      vertex   3.342000e+02 -2.000000e+00 -5.304589e+01
      vertex   3.349400e+02 -2.000000e+00 -5.343822e+01
    endloop
  endfacet
  facet normal 0.000000e+00 -1.000000e+00 0.000000e+00
    outer loop
      vertex   3.340000e+02 -2.000000e+00 -4.850000e+01
      vertex   3.349400e+02 -2.000000e+00 -5.343822e+01
      vertex   3.357064e+02 -2.000000e+00 -5.377613e+01
    endloop
  endfacet
  facet normal 0.000000e+00 -1.000000e+00 0.000000e+00
    outer loop
      vertex   3.357064e+02 -2.000000e+00 -5.377613e+01
      vertex   3.364952e+02 -2.000000e+00 -5.405786e+01
      vertex   3.340000e+02 -2.000000e+00 -4.850000e+01
    endloop
  endfacet
  facet normal 0.000000e+00 -1.000000e+00 0.000000e+00
    outer loop
      vertex   3.340000e+02 -2.000000e+00 -4.850000e+01
      vertex   3.364952e+02 -2.000000e+00 -5.405786e+01
      vertex   3.373022e+02 -2.000000e+00 -5.428193e+01
    endloop
  endfacet
  facet normal 0.000000e+00 -1.000000e+00 0.000000e+00
    outer loop
      vertex   3.340000e+02 -2.000000e+00 -4.850000e+01
      vertex   3.373022e+02 -2.000000e+00 -5.428193e+01
      vertex   3.381233e+02 -2.000000e+00 -5.444719e+01
    endloop
  endfacet
  facet normal 0.000000e+00 -1.000000e+00 0.000000e+00
    outer loop
      vertex   3.381233e+02 -2.000000e+00 -5.444719e+01
      vertex   3.389542e+02 -2.000000e+00 -5.455276e+01
      vertex   3.340000e+02 -2.000000e+00 -4.850000e+01
    endloop
  endfacet
  facet normal 0.000000e+00 -1.000000e+00 0.000000e+00
    outer loop
      vertex   3.340000e+02 -2.000000e+00 -4.850000e+01
      vertex   3.389542e+02 -2.000000e+00 -5.455276e+01
      vertex   3.397906e+02 -2.000000e+00 -5.459811e+01
    endloop
  endfacet
  facet normal 0.000000e+00 -1.000000e+00 0.000000e+00
    outer loop
      vertex   3.414622e+02 -2.000000e+00 -5.450748e+01
      vertex   3.422887e+02 -2.000000e+00 -5.437197e+01
      vertex   3.460000e+02 -2.000000e+00 -4.850000e+01
    endloop
  endfacet
  facet normal 0.000000e+00 -1.000000e+00 0.000000e+00
    outer loop
      vertex   3.460000e+02 -2.000000e+00 -4.850000e+01
      vertex   3.422887e+02 -2.000000e+00 -5.437197e+01
      vertex   3.431033e+02 -2.000000e+00 -5.417718e+01
    endloop
  endfacet
  facet normal 0.000000e+00 -1.000000e+00 0.000000e+00
    outer loop
      vertex   3.460000e+02 -2.000000e+00 -4.850000e+01
      vertex   3.431033e+02 -2.000000e+00 -5.417718e+01
      vertex   3.439018e+02 -2.000000e+00 -5.392411e+01
    endloop
  endfacet
  facet normal 0.000000e+00 -1.000000e+00 0.000000e+00
    outer loop
      vertex   3.439018e+02 -2.000000e+00 -5.392411e+01
      vertex   3.446798e+02 -2.000000e+00 -5.361410e+01
      vertex   3.460000e+02 -2.000000e+00 -4.850000e+01
    endloop
  endfacet
  facet normal 0.000000e+00 -1.000000e+00 0.000000e+00
    outer loop
      vertex   3.460000e+02 -2.000000e+00 -4.850000e+01
      vertex   3.446798e+02 -2.000000e+00 -5.361410e+01
      vertex   3.454335e+02 -2.000000e+00 -5.324874e+01
    endloop
  endfacet
  facet normal 0.000000e+00 -1.000000e+00 -0.000000e+00
    outer loop
      vertex   3.460000e+02 -2.000000e+00 -4.850000e+01
      vertex   3.454335e+02 -2.000000e+00 -5.324874e+01
      vertex   3.461589e+02 -2.000000e+00 -5.282995e+01
    endloop
  endfacet
  facet normal 0.000000e+00 -1.000000e+00 0.000000e+00
    outer loop
      vertex   3.461589e+02 -2.000000e+00 -5.282995e+01
      vertex   3.468522e+02 -2.000000e+00 -5.235991e+01
      vertex   3.460000e+02 -2.000000e+00 -4.850000e+01
    endloop
  endfacet
  facet normal 0.000000e+00 -1.000000e+00 0.000000e+00
    outer loop
      vertex   3.460000e+02 -2.000000e+00 -4.850000e+01
      vertex   3.468522e+02 -2.000000e+00 -5.235991e+01
      vertex   3.475097e+02 -2.000000e+00 -5.184108e+01
    endloop
  endfacet
  facet normal 0.000000e+00 -1.000000e+00 0.000000e+00
    outer loop
      vertex   3.460000e+02 -2.000000e+00 -4.850000e+01
      vertex   3.475097e+02 -2.000000e+00 -5.184108e+01
      vertex   3.481281e+02 -2.000000e+00 -5.127615e+01
    endloop
  endfacet
  facet normal 0.000000e+00 -1.000000e+00 0.000000e+00
    outer loop
      vertex   3.481281e+02 -2.000000e+00 -5.127615e+01
      vertex   3.487041e+02 -2.000000e+00 -5.066808e+01
      vertex   3.460000e+02 -2.000000e+00 -4.850000e+01
    endloop
  endfacet
  facet normal 0.000000e+00 -1.000000e+00 0.000000e+00
    outer loop
      vertex   3.460000e+02 -2.000000e+00 -4.850000e+01
      vertex   3.487041e+02 -2.000000e+00 -5.066808e+01
      vertex   3.492347e+02 -2.000000e+00 -5.002002e+01
    endloop
  endfacet
  facet normal 0.000000e+00 -1.000000e+00 0.000000e+00
    outer loop
      vertex   3.460000e+02 -2.000000e+00 -4.850000e+01
      vertex   3.492347e+02 -2.000000e+00 -5.002002e+01
      vertex   3.497172e+02 -2.000000e+00 -4.933537e+01
    endloop
  endfacet
  facet normal 0.000000e+00 -1.000000e+00 0.000000e+00
    outer loop
      vertex   3.497172e+02 -2.000000e+00 -4.933537e+01
      vertex   3.501490e+02 -2.000000e+00 -4.861768e+01
      vertex   3.460000e+02 -2.000000e+00 -4.850000e+01
    endloop
  endfacet
  facet normal 0.000000e+00 -1.000000e+00 0.000000e+00
    outer loop
      vertex   3.460000e+02 -2.000000e+00 -4.850000e+01
      vertex   3.501490e+02 -2.000000e+00 -4.861768e+01
      vertex   3.505279e+02 -2.000000e+00 -4.787071e+01
    endloop
  endfacet
  facet normal 0.000000e+00 -1.000000e+00 0.000000e+00
    outer loop
      vertex   3.460000e+02 -2.000000e+00 -4.850000e+01
      vertex   3.505279e+02 -2.000000e+00 -4.787071e+01
      vertex   3.508519e+02 -2.000000e+00 -4.709835e+01
    endloop
  endfacet
  facet normal -0.000000e+00 -1.000000e+00 0.000000e+00
    outer loop
      vertex   3.508519e+02 -2.000000e+00 -4.709835e+01
      vertex   3.511193e+02 -2.000000e+00 -4.630462e+01
      vertex   3.460000e+02 -2.000000e+00 -4.850000e+01
    endloop
  endfacet
  facet normal 0.000000e+00 -1.000000e+00 0.000000e+00
    outer loop
      vertex   3.460000e+02 -2.000000e+00 -4.850000e+01
      vertex   3.511193e+02 -2.000000e+00 -4.630462e+01
      vertex   3.513288e+02 -2.000000e+00 -4.549366e+01
    endloop
  endfacet
  facet normal 0.000000e+00 -1.000000e+00 0.000000e+00
    outer loop
      vertex   3.460000e+02 -2.000000e+00 -4.850000e+01
      vertex   3.513288e+02 -2.000000e+00 -4.549366e+01
      vertex   3.514792e+02 -2.000000e+00 -4.466970e+01
    endloop
  endfacet
  facet normal -0.000000e+00 -1.000000e+00 0.000000e+00
    outer loop
      vertex   3.514792e+02 -2.000000e+00 -4.466970e+01
      vertex   3.515698e+02 -2.000000e+00 -4.383703e+01
      vertex   3.460000e+02 -2.000000e+00 -4.850000e+01
    endloop
  endfacet
  facet normal 0.000000e+00 -1.000000e+00 0.000000e+00
    outer loop
      vertex   3.460000e+02 -2.000000e+00 -4.850000e+01
      vertex   3.515698e+02 -2.000000e+00 -4.383703e+01
      vertex   3.516000e+02 -2.000000e+00 -4.300000e+01
    endloop
  endfacet
  facet normal -9.957342e-01 0.000000e+00 9.226836e-02
    outer loop
      vertex   3.297202e+02 2.000000e+00 -3.132156e+01
      vertex   3.297202e+02 0.000000e+00 -3.132156e+01
      vertex   3.297500e+02 2.000000e+00 -3.100000e+01
    endloop
  endfacet
  facet normal -9.957342e-01 0.000000e+00 9.226836e-02
    outer loop
      vertex   3.297500e+02 2.000000e+00 -3.100000e+01
      vertex   3.297202e+02 0.000000e+00 -3.132156e+01
      vertex   3.297500e+02 0.000000e+00 -3.100000e+01
    endloop
  endfacet
  facet normal -9.957342e-01 -0.000000e+00 -9.226836e-02
    outer loop
      vertex   3.297500e+02 2.000000e+00 -3.100000e+01
      vertex   3.297500e+02 0.000000e+00 -3.100000e+01
      vertex   3.297202e+02 2.000000e+00 -3.067844e+01
    endloop
  endfacet
  facet normal -9.957342e-01 -0.000000e+00 -9.226836e-02
    outer loop
      vertex   3.297202e+02 2.000000e+00 -3.067844e+01
      vertex   3.297500e+02 0.000000e+00 -3.100000e+01
      vertex   3.297202e+02 0.000000e+00 -3.067844e+01
    endloop
  endfacet
  facet normal -9.618256e-01 -0.000000e+00 -2.736630e-01
    outer loop
      vertex   3.297202e+02 2.000000e+00 -3.067844e+01
      vertex   3.297202e+02 0.000000e+00 -3.067844e+01
      vertex   3.296318e+02 2.000000e+00 -3.036783e+01
    endloop
  endfacet
  facet normal -9.618256e-01 -0.000000e+00 -2.736630e-01
    outer loop
      vertex   3.296318e+02 2.000000e+00 -3.036783e+01
      vertex   3.297202e+02 0.000000e+00 -3.067844e+01
      vertex   3.296318e+02 0.000000e+00 -3.036783e+01
    endloop
  endfacet
  facet normal -8.951633e-01 -0.000000e+00 -4.457384e-01
    outer loop
      vertex   3.296318e+02 2.000000e+00 -3.036783e+01
      vertex   3.296318e+02 0.000000e+00 -3.036783e+01
      vertex   3.294879e+02 2.000000e+00 -3.007874e+01
    endloop
  endfacet
  facet normal -8.951633e-01 -0.000000e+00 -4.457384e-01
    outer loop
      vertex   3.294879e+02 2.000000e+00 -3.007874e+01
      vertex   3.296318e+02 0.000000e+00 -3.036783e+01
      vertex   3.294879e+02 0.000000e+00 -3.007874e+01
    endloop
  endfacet
  facet normal -7.980172e-01 -0.000000e+00 -6.026346e-01
    outer loop
      vertex   3.294879e+02 2.000000e+00 -3.007874e+01
      vertex   3.294879e+02 0.000000e+00 -3.007874e+01
      vertex   3.292933e+02 2.000000e+00 -2.982103e+01
    endloop
  endfacet
  facet normal -7.980172e-01 -0.000000e+00 -6.026346e-01
    outer loop
      vertex   3.292933e+02 2.000000e+00 -2.982103e+01
      vertex   3.294879e+02 0.000000e+00 -3.007874e+01
      vertex   3.292933e+02 0.000000e+00 -2.982103e+01
    endloop
  endfacet
  facet normal -6.736956e-01 -0.000000e+00 -7.390089e-01
    outer loop
      vertex   3.292933e+02 2.000000e+00 -2.982103e+01
      vertex   3.292933e+02 0.000000e+00 -2.982103e+01
      vertex   3.290546e+02 2.000000e+00 -2.960347e+01
    endloop
  endfacet
  facet normal -6.736956e-01 -0.000000e+00 -7.390089e-01
    outer loop
      vertex   3.290546e+02 2.000000e+00 -2.960347e+01
      vertex   3.292933e+02 0.000000e+00 -2.982103e+01
      vertex   3.290546e+02 0.000000e+00 -2.960347e+01
    endloop
  endfacet
  facet normal -5.264322e-01 -0.000000e+00 -8.502171e-01
    outer loop
      vertex   3.290546e+02 2.000000e+00 -2.960347e+01
      vertex   3.290546e+02 0.000000e+00 -2.960347e+01
      vertex   3.287800e+02 2.000000e+00 -2.943346e+01
    endloop
  endfacet
  facet normal -5.264322e-01 -0.000000e+00 -8.502171e-01
    outer loop
      vertex   3.287800e+02 2.000000e+00 -2.943346e+01
      vertex   3.290546e+02 0.000000e+00 -2.960347e+01
      vertex   3.287800e+02 0.000000e+00 -2.943346e+01
    endloop
  endfacet
  facet normal -3.612417e-01 -0.000000e+00 -9.324722e-01
    outer loop
      vertex   3.287800e+02 2.000000e+00 -2.943346e+01
      vertex   3.287800e+02 0.000000e+00 -2.943346e+01
      vertex   3.284789e+02 2.000000e+00 -2.931681e+01
    endloop
  endfacet
  facet normal -3.612417e-01 -0.000000e+00 -9.324722e-01
    outer loop
      vertex   3.284789e+02 2.000000e+00 -2.931681e+01
      vertex   3.287800e+02 0.000000e+00 -2.943346e+01
      vertex   3.284789e+02 0.000000e+00 -2.931681e+01
    endloop
  endfacet
  facet normal -1.837495e-01 -0.000000e+00 -9.829731e-01
    outer loop
      vertex   3.284789e+02 2.000000e+00 -2.931681e+01
      vertex   3.284789e+02 0.000000e+00 -2.931681e+01
      vertex   3.281615e+02 2.000000e+00 -2.925747e+01
    endloop
  endfacet
  facet normal -1.837495e-01 -0.000000e+00 -9.829731e-01
    outer loop
      vertex   3.281615e+02 2.000000e+00 -2.925747e+01
      vertex   3.284789e+02 0.000000e+00 -2.931681e+01
      vertex   3.281615e+02 0.000000e+00 -2.925747e+01
    endloop
  endfacet
  facet normal -0.000000e+00 -0.000000e+00 -1.000000e+00
    outer loop
      vertex   3.281615e+02 2.000000e+00 -2.925747e+01
      vertex   3.281615e+02 0.000000e+00 -2.925747e+01
      vertex   3.278385e+02 2.000000e+00 -2.925747e+01
    endloop
  endfacet
  facet normal 0.000000e+00 0.000000e+00 -1.000000e+00
    outer loop
      vertex   3.278385e+02 2.000000e+00 -2.925747e+01
      vertex   3.281615e+02 0.000000e+00 -2.925747e+01
      vertex   3.278385e+02 0.000000e+00 -2.925747e+01
    endloop
  endfacet
  facet normal 1.837495e-01 0.000000e+00 -9.829731e-01
    outer loop
      vertex   3.278385e+02 2.000000e+00 -2.925747e+01
      vertex   3.278385e+02 0.000000e+00 -2.925747e+01
      vertex   3.275211e+02 2.000000e+00 -2.931681e+01
    endloop
  endfacet
  facet normal 1.837495e-01 0.000000e+00 -9.829731e-01
    outer loop
      vertex   3.275211e+02 2.000000e+00 -2.931681e+01
      vertex   3.278385e+02 0.000000e+00 -2.925747e+01
      vertex   3.275211e+02 0.000000e+00 -2.931681e+01
    endloop
  endfacet
  facet normal 3.612417e-01 0.000000e+00 -9.324722e-01
    outer loop
      vertex   3.275211e+02 2.000000e+00 -2.931681e+01
      vertex   3.275211e+02 0.000000e+00 -2.931681e+01
      vertex   3.272200e+02 2.000000e+00 -2.943346e+01
    endloop
  endfacet
  facet normal 3.612417e-01 0.000000e+00 -9.324722e-01
    outer loop
      vertex   3.272200e+02 2.000000e+00 -2.943346e+01
      vertex   3.275211e+02 0.000000e+00 -2.931681e+01
      vertex   3.272200e+02 0.000000e+00 -2.943346e+01
    endloop
  endfacet
  facet normal 5.264322e-01 0.000000e+00 -8.502171e-01
    outer loop
      vertex   3.272200e+02 2.000000e+00 -2.943346e+01
      vertex   3.272200e+02 0.000000e+00 -2.943346e+01
      vertex   3.269454e+02 2.000000e+00 -2.960347e+01
    endloop
  endfacet
  facet normal 5.264322e-01 0.000000e+00 -8.502171e-01
    outer loop
      vertex   3.269454e+02 2.000000e+00 -2.960347e+01
      vertex   3.272200e+02 0.000000e+00 -2.943346e+01
      vertex   3.269454e+02 0.000000e+00 -2.960347e+01
    endloop
  endfacet
  facet normal 6.736956e-01 0.000000e+00 -7.390089e-01
    outer loop
      vertex   3.269454e+02 2.000000e+00 -2.960347e+01
      vertex   3.269454e+02 0.000000e+00 -2.960347e+01
      vertex   3.267067e+02 2.000000e+00 -2.982103e+01
    endloop
  endfacet
  facet normal 6.736956e-01 0.000000e+00 -7.390089e-01
    outer loop
      vertex   3.267067e+02 2.000000e+00 -2.982103e+01
      vertex   3.269454e+02 0.000000e+00 -2.960347e+01
      vertex   3.267067e+02 0.000000e+00 -2.982103e+01
    endloop
  endfacet
  facet normal 7.980172e-01 0.000000e+00 -6.026346e-01
    outer loop
      vertex   3.267067e+02 2.000000e+00 -2.982103e+01
      vertex   3.267067e+02 0.000000e+00 -2.982103e+01
      vertex   3.265121e+02 2.000000e+00 -3.007874e+01
    endloop
  endfacet
  facet normal 7.980172e-01 0.000000e+00 -6.026346e-01
    outer loop
      vertex   3.265121e+02 2.000000e+00 -3.007874e+01
      vertex   3.267067e+02 0.000000e+00 -2.982103e+01
      vertex   3.265121e+02 0.000000e+00 -3.007874e+01
    endloop
  endfacet
  facet normal 8.951633e-01 0.000000e+00 -4.457384e-01
    outer loop
      vertex   3.265121e+02 2.000000e+00 -3.007874e+01
      vertex   3.265121e+02 0.000000e+00 -3.007874e+01
      vertex   3.263682e+02 2.000000e+00 -3.036783e+01
    endloop
  endfacet
  facet normal 8.951633e-01 0.000000e+00 -4.457384e-01
    outer loop
      vertex   3.263682e+02 2.000000e+00 -3.036783e+01
      vertex   3.265121e+02 0.000000e+00 -3.007874e+01
      vertex   3.263682e+02 0.000000e+00 -3.036783e+01
    endloop
  endfacet
  facet normal 9.618256e-01 0.000000e+00 -2.736630e-01
    outer loop
      vertex   3.263682e+02 2.000000e+00 -3.036783e+01
      vertex   3.263682e+02 0.000000e+00 -3.036783e+01
      vertex   3.262798e+02 2.000000e+00 -3.067844e+01
    endloop
  endfacet
  facet normal 9.618256e-01 0.000000e+00 -2.736630e-01
    outer loop
      vertex   3.262798e+02 2.000000e+00 -3.067844e+01
      vertex   3.263682e+02 0.000000e+00 -3.036783e+01
      vertex   3.262798e+02 0.000000e+00 -3.067844e+01
    endloop
  endfacet
  facet normal 9.957342e-01 0.000000e+00 -9.226836e-02
    outer loop
      vertex   3.262798e+02 2.000000e+00 -3.067844e+01
      vertex   3.262798e+02 0.000000e+00 -3.067844e+01
      vertex   3.262500e+02 2.000000e+00 -3.100000e+01
    endloop
  endfacet
  facet normal 9.957342e-01 0.000000e+00 -9.226836e-02
    outer loop
      vertex   3.262500e+02 2.000000e+00 -3.100000e+01
      vertex   3.262798e+02 0.000000e+00 -3.067844e+01
      vertex   3.262500e+02 0.000000e+00 -3.100000e+01
    endloop
  endfacet
  facet normal 9.957342e-01 0.000000e+00 9.226836e-02
    outer loop
      vertex   3.262500e+02 2.000000e+00 -3.100000e+01
      vertex   3.262500e+02 0.000000e+00 -3.100000e+01
      vertex   3.262798e+02 2.000000e+00 -3.132156e+01
    endloop
  endfacet
  facet normal 9.957342e-01 0.000000e+00 9.226836e-02
    outer loop
      vertex   3.262798e+02 2.000000e+00 -3.132156e+01
      vertex   3.262500e+02 0.000000e+00 -3.100000e+01
      vertex   3.262798e+02 0.000000e+00 -3.132156e+01
    endloop
  endfacet
  facet normal 9.618256e-01 0.000000e+00 2.736630e-01
    outer loop
      vertex   3.262798e+02 2.000000e+00 -3.132156e+01
      vertex   3.262798e+02 0.000000e+00 -3.132156e+01
      vertex   3.263682e+02 2.000000e+00 -3.163217e+01
    endloop
  endfacet
  facet normal 9.618256e-01 0.000000e+00 2.736630e-01
    outer loop
      vertex   3.263682e+02 2.000000e+00 -3.163217e+01
      vertex   3.262798e+02 0.000000e+00 -3.132156e+01
      vertex   3.263682e+02 0.000000e+00 -3.163217e+01
    endloop
  endfacet
  facet normal 8.951633e-01 0.000000e+00 4.457384e-01
    outer loop
      vertex   3.263682e+02 2.000000e+00 -3.163217e+01
      vertex   3.263682e+02 0.000000e+00 -3.163217e+01
      vertex   3.265121e+02 2.000000e+00 -3.192126e+01
    endloop
  endfacet
  facet normal 8.951633e-01 0.000000e+00 4.457384e-01
    outer loop
      vertex   3.265121e+02 2.000000e+00 -3.192126e+01
      vertex   3.263682e+02 0.000000e+00 -3.163217e+01
      vertex   3.265121e+02 0.000000e+00 -3.192126e+01
    endloop
  endfacet
  facet normal 7.980172e-01 0.000000e+00 6.026346e-01
    outer loop
      vertex   3.265121e+02 2.000000e+00 -3.192126e+01
      vertex   3.265121e+02 0.000000e+00 -3.192126e+01
      vertex   3.267067e+02 2.000000e+00 -3.217897e+01
    endloop
  endfacet
  facet normal 7.980172e-01 0.000000e+00 6.026346e-01
    outer loop
      vertex   3.267067e+02 2.000000e+00 -3.217897e+01
      vertex   3.265121e+02 0.000000e+00 -3.192126e+01
      vertex   3.267067e+02 0.000000e+00 -3.217897e+01
    endloop
  endfacet
  facet normal 6.736956e-01 0.000000e+00 7.390089e-01
    outer loop
      vertex   3.267067e+02 2.000000e+00 -3.217897e+01
      vertex   3.267067e+02 0.000000e+00 -3.217897e+01
      vertex   3.269454e+02 2.000000e+00 -3.239653e+01
    endloop
  endfacet
  facet normal 6.736956e-01 0.000000e+00 7.390089e-01
    outer loop
      vertex   3.269454e+02 2.000000e+00 -3.239653e+01
      vertex   3.267067e+02 0.000000e+00 -3.217897e+01
      vertex   3.269454e+02 0.000000e+00 -3.239653e+01
    endloop
  endfacet
  facet normal 5.264322e-01 0.000000e+00 8.502171e-01
    outer loop
      vertex   3.269454e+02 2.000000e+00 -3.239653e+01
      vertex   3.269454e+02 0.000000e+00 -3.239653e+01
      vertex   3.272200e+02 2.000000e+00 -3.256654e+01
    endloop
  endfacet
  facet normal 5.264322e-01 0.000000e+00 8.502171e-01
    outer loop
      vertex   3.272200e+02 2.000000e+00 -3.256654e+01
      vertex   3.269454e+02 0.000000e+00 -3.239653e+01
      vertex   3.272200e+02 0.000000e+00 -3.256654e+01
    endloop
  endfacet
  facet normal 3.612417e-01 0.000000e+00 9.324722e-01
    outer loop
      vertex   3.272200e+02 2.000000e+00 -3.256654e+01
      vertex   3.272200e+02 0.000000e+00 -3.256654e+01
      vertex   3.275211e+02 2.000000e+00 -3.268319e+01
    endloop
  endfacet
  facet normal 3.612417e-01 0.000000e+00 9.324722e-01
    outer loop
      vertex   3.275211e+02 2.000000e+00 -3.268319e+01
      vertex   3.272200e+02 0.000000e+00 -3.256654e+01
      vertex   3.275211e+02 0.000000e+00 -3.268319e+01
    endloop
  endfacet
  facet normal 1.837495e-01 0.000000e+00 9.829731e-01
    outer loop
      vertex   3.275211e+02 2.000000e+00 -3.268319e+01
      vertex   3.275211e+02 0.000000e+00 -3.268319e+01
      vertex   3.278385e+02 2.000000e+00 -3.274253e+01
    endloop
  endfacet
  facet normal 1.837495e-01 0.000000e+00 9.829731e-01
    outer loop
      vertex   3.278385e+02 2.000000e+00 -3.274253e+01
      vertex   3.275211e+02 0.000000e+00 -3.268319e+01
      vertex   3.278385e+02 0.000000e+00 -3.274253e+01
    endloop
  endfacet
  facet normal -0.000000e+00 0.000000e+00 1.000000e+00
    outer loop
      vertex   3.278385e+02 2.000000e+00 -3.274253e+01
      vertex   3.278385e+02 0.000000e+00 -3.274253e+01
      vertex   3.281615e+02 2.000000e+00 -3.274253e+01
    endloop
  endfacet
  facet normal 0.000000e+00 0.000000e+00 1.000000e+00
    outer loop
      vertex   3.281615e+02 2.000000e+00 -3.274253e+01
      vertex   3.278385e+02 0.000000e+00 -3.274253e+01
      vertex   3.281615e+02 0.000000e+00 -3.274253e+01
    endloop
  endfacet
  facet normal -1.837495e-01 0.000000e+00 9.829731e-01
    outer loop
      vertex   3.281615e+02 2.000000e+00 -3.274253e+01
      vertex   3.281615e+02 0.000000e+00 -3.274253e+01
      vertex   3.284789e+02 2.000000e+00 -3.268319e+01
    endloop
  endfacet
  facet normal -1.837495e-01 0.000000e+00 9.829731e-01
    outer loop
      vertex   3.284789e+02 2.000000e+00 -3.268319e+01
      vertex   3.281615e+02 0.000000e+00 -3.274253e+01
      vertex   3.284789e+02 0.000000e+00 -3.268319e+01
    endloop
  endfacet
  facet normal -3.612417e-01 0.000000e+00 9.324722e-01
    outer loop
      vertex   3.284789e+02 2.000000e+00 -3.268319e+01
      vertex   3.284789e+02 0.000000e+00 -3.268319e+01
      vertex   3.287800e+02 2.000000e+00 -3.256654e+01
    endloop
  endfacet
  facet normal -3.612417e-01 0.000000e+00 9.324722e-01
    outer loop
      vertex   3.287800e+02 2.000000e+00 -3.256654e+01
      vertex   3.284789e+02 0.000000e+00 -3.268319e+01
      vertex   3.287800e+02 0.000000e+00 -3.256654e+01
    endloop
  endfacet
  facet normal -5.264322e-01 0.000000e+00 8.502171e-01
    outer loop
      vertex   3.287800e+02 2.000000e+00 -3.256654e+01
      vertex   3.287800e+02 0.000000e+00 -3.256654e+01
      vertex   3.290546e+02 2.000000e+00 -3.239653e+01
    endloop
  endfacet
  facet normal -5.264322e-01 0.000000e+00 8.502171e-01
    outer loop
      vertex   3.290546e+02 2.000000e+00 -3.239653e+01
      vertex   3.287800e+02 0.000000e+00 -3.256654e+01
      vertex   3.290546e+02 0.000000e+00 -3.239653e+01
    endloop
  endfacet
  facet normal -6.736956e-01 0.000000e+00 7.390089e-01
    outer loop
      vertex   3.290546e+02 2.000000e+00 -3.239653e+01
      vertex   3.290546e+02 0.000000e+00 -3.239653e+01
      vertex   3.292933e+02 2.000000e+00 -3.217897e+01
    endloop
  endfacet
  facet normal -6.736956e-01 0.000000e+00 7.390089e-01
    outer loop
      vertex   3.292933e+02 2.000000e+00 -3.217897e+01
      vertex   3.290546e+02 0.000000e+00 -3.239653e+01
      vertex   3.292933e+02 0.000000e+00 -3.217897e+01
    endloop
  endfacet
  facet normal -7.980172e-01 0.000000e+00 6.026346e-01
    outer loop
      vertex   3.292933e+02 2.000000e+00 -3.217897e+01
      vertex   3.292933e+02 0.000000e+00 -3.217897e+01
      vertex   3.294879e+02 2.000000e+00 -3.192126e+01
    endloop
  endfacet
  facet normal -7.980172e-01 0.000000e+00 6.026346e-01
    outer loop
      vertex   3.294879e+02 2.000000e+00 -3.192126e+01
      vertex   3.292933e+02 0.000000e+00 -3.217897e+01
      vertex   3.294879e+02 0.000000e+00 -3.192126e+01
    endloop
  endfacet
  facet normal -8.951633e-01 0.000000e+00 4.457384e-01
    outer loop
      vertex   3.294879e+02 2.000000e+00 -3.192126e+01
      vertex   3.294879e+02 0.000000e+00 -3.192126e+01
      vertex   3.296318e+02 2.000000e+00 -3.163217e+01
    endloop
  endfacet
  facet normal -8.951633e-01 0.000000e+00 4.457384e-01
    outer loop
      vertex   3.296318e+02 2.000000e+00 -3.163217e+01
      vertex   3.294879e+02 0.000000e+00 -3.192126e+01
      vertex   3.296318e+02 0.000000e+00 -3.163217e+01
    endloop
  endfacet
  facet normal -9.618256e-01 0.000000e+00 2.736630e-01
    outer loop
      vertex   3.296318e+02 2.000000e+00 -3.163217e+01
      vertex   3.296318e+02 0.000000e+00 -3.163217e+01
      vertex   3.297202e+02 2.000000e+00 -3.132156e+01
    endloop
  endfacet
  facet normal -9.618256e-01 0.000000e+00 2.736630e-01
    outer loop
      vertex   3.297202e+02 2.000000e+00 -3.132156e+01
      vertex   3.296318e+02 0.000000e+00 -3.163217e+01
      vertex   3.297202e+02 0.000000e+00 -3.132156e+01
    endloop
  endfacet
  facet normal 1.000000e+00 0.000000e+00 -0.000000e+00
    outer loop
      vertex   3.340000e+02 2.000000e+00 -4.850000e+01
      vertex   3.340000e+02 2.000000e+00 -3.750000e+01
      vertex   3.340000e+02 -2.000000e+00 -4.850000e+01
    endloop
  endfacet
  facet normal 1.000000e+00 0.000000e+00 0.000000e+00
    outer loop
      vertex   3.340000e+02 -2.000000e+00 -4.850000e+01
      vertex   3.340000e+02 2.000000e+00 -3.750000e+01
      vertex   3.340000e+02 -2.000000e+00 -3.750000e+01
    endloop
  endfacet
  facet normal 0.000000e+00 0.000000e+00 -1.000000e+00
    outer loop
      vertex   3.340000e+02 2.000000e+00 -3.750000e+01
      vertex   3.460000e+02 2.000000e+00 -3.750000e+01
      vertex   3.340000e+02 -2.000000e+00 -3.750000e+01
    endloop
  endfacet
  facet normal 0.000000e+00 0.000000e+00 -1.000000e+00
    outer loop
      vertex   3.340000e+02 -2.000000e+00 -3.750000e+01
      vertex   3.460000e+02 2.000000e+00 -3.750000e+01
      vertex   3.460000e+02 -2.000000e+00 -3.750000e+01
    endloop
  endfacet
  facet normal -1.000000e+00 -0.000000e+00 -0.000000e+00
    outer loop
      vertex   3.460000e+02 2.000000e+00 -3.750000e+01
      vertex   3.460000e+02 2.000000e+00 -4.850000e+01
      vertex   3.460000e+02 -2.000000e+00 -3.750000e+01
    endloop
  endfacet
  facet normal -1.000000e+00 0.000000e+00 0.000000e+00
    outer loop
      vertex   3.460000e+02 -2.000000e+00 -3.750000e+01
      vertex   3.460000e+02 2.000000e+00 -4.850000e+01
      vertex   3.460000e+02 -2.000000e+00 -4.850000e+01
    endloop
  endfacet
  facet normal 0.000000e+00 0.000000e+00 1.000000e+00
    outer loop
      vertex   3.460000e+02 2.000000e+00 -4.850000e+01
      vertex   3.340000e+02 2.000000e+00 -4.850000e+01
      vertex   3.460000e+02 -2.000000e+00 -4.850000e+01
    endloop
  endfacet
  facet normal 0.000000e+00 0.000000e+00 1.000000e+00
    outer loop
      vertex   3.460000e+02 -2.000000e+00 -4.850000e+01
      vertex   3.340000e+02 2.000000e+00 -4.850000e+01
      vertex   3.340000e+02 -2.000000e+00 -4.850000e+01
    endloop
  endfacet
  facet normal -9.957342e-01 0.000000e+00 9.226836e-02
    outer loop
      vertex   3.297202e+02 2.000000e+00 -5.532156e+01
      vertex   3.297202e+02 0.000000e+00 -5.532156e+01
      vertex   3.297500e+02 2.000000e+00 -5.500000e+01
    endloop
  endfacet
  facet normal -9.957342e-01 0.000000e+00 9.226836e-02
    outer loop
      vertex   3.297500e+02 2.000000e+00 -5.500000e+01
      vertex   3.297202e+02 0.000000e+00 -5.532156e+01
      vertex   3.297500e+02 0.000000e+00 -5.500000e+01
    endloop
  endfacet
  facet normal -9.957342e-01 -0.000000e+00 -9.226836e-02
    outer loop
      vertex   3.297500e+02 2.000000e+00 -5.500000e+01
      vertex   3.297500e+02 0.000000e+00 -5.500000e+01
      vertex   3.297202e+02 2.000000e+00 -5.467844e+01
    endloop
  endfacet
  facet normal -9.957342e-01 -0.000000e+00 -9.226836e-02
    outer loop
      vertex   3.297202e+02 2.000000e+00 -5.467844e+01
      vertex   3.297500e+02 0.000000e+00 -5.500000e+01
      vertex   3.297202e+02 0.000000e+00 -5.467844e+01
    endloop
  endfacet
  facet normal -9.618256e-01 -0.000000e+00 -2.736630e-01
    outer loop
      vertex   3.297202e+02 2.000000e+00 -5.467844e+01
      vertex   3.297202e+02 0.000000e+00 -5.467844e+01
      vertex   3.296318e+02 2.000000e+00 -5.436783e+01
    endloop
  endfacet
  facet normal -9.618256e-01 -0.000000e+00 -2.736630e-01
    outer loop
      vertex   3.296318e+02 2.000000e+00 -5.436783e+01
      vertex   3.297202e+02 0.000000e+00 -5.467844e+01
      vertex   3.296318e+02 0.000000e+00 -5.436783e+01
    endloop
  endfacet
  facet normal -8.951633e-01 -0.000000e+00 -4.457384e-01
    outer loop
      vertex   3.296318e+02 2.000000e+00 -5.436783e+01
      vertex   3.296318e+02 0.000000e+00 -5.436783e+01
      vertex   3.294879e+02 2.000000e+00 -5.407874e+01
    endloop
  endfacet
  facet normal -8.951633e-01 -0.000000e+00 -4.457384e-01
    outer loop
      vertex   3.294879e+02 2.000000e+00 -5.407874e+01
      vertex   3.296318e+02 0.000000e+00 -5.436783e+01
      vertex   3.294879e+02 0.000000e+00 -5.407874e+01
    endloop
  endfacet
  facet normal -7.980172e-01 -0.000000e+00 -6.026346e-01
    outer loop
      vertex   3.294879e+02 2.000000e+00 -5.407874e+01
      vertex   3.294879e+02 0.000000e+00 -5.407874e+01
      vertex   3.292933e+02 2.000000e+00 -5.382103e+01
    endloop
  endfacet
  facet normal -7.980172e-01 -0.000000e+00 -6.026346e-01
    outer loop
      vertex   3.292933e+02 2.000000e+00 -5.382103e+01
      vertex   3.294879e+02 0.000000e+00 -5.407874e+01
      vertex   3.292933e+02 0.000000e+00 -5.382103e+01
    endloop
  endfacet
  facet normal -6.736956e-01 -0.000000e+00 -7.390089e-01
    outer loop
      vertex   3.292933e+02 2.000000e+00 -5.382103e+01
      vertex   3.292933e+02 0.000000e+00 -5.382103e+01
      vertex   3.290546e+02 2.000000e+00 -5.360347e+01
    endloop
  endfacet
  facet normal -6.736956e-01 -0.000000e+00 -7.390089e-01
    outer loop
      vertex   3.290546e+02 2.000000e+00 -5.360347e+01
      vertex   3.292933e+02 0.000000e+00 -5.382103e+01
      vertex   3.290546e+02 0.000000e+00 -5.360347e+01
    endloop
  endfacet
  facet normal -5.264322e-01 -0.000000e+00 -8.502171e-01
    outer loop
      vertex   3.290546e+02 2.000000e+00 -5.360347e+01
      vertex   3.290546e+02 0.000000e+00 -5.360347e+01
      vertex   3.287800e+02 2.000000e+00 -5.343346e+01
    endloop
  endfacet
  facet normal -5.264322e-01 -0.000000e+00 -8.502171e-01
    outer loop
      vertex   3.287800e+02 2.000000e+00 -5.343346e+01
      vertex   3.290546e+02 0.000000e+00 -5.360347e+01
      vertex   3.287800e+02 0.000000e+00 -5.343346e+01
    endloop
  endfacet
  facet normal -3.612417e-01 -0.000000e+00 -9.324722e-01
    outer loop
      vertex   3.287800e+02 2.000000e+00 -5.343346e+01
      vertex   3.287800e+02 0.000000e+00 -5.343346e+01
      vertex   3.284789e+02 2.000000e+00 -5.331681e+01
    endloop
  endfacet
  facet normal -3.612417e-01 -0.000000e+00 -9.324722e-01
    outer loop
      vertex   3.284789e+02 2.000000e+00 -5.331681e+01
      vertex   3.287800e+02 0.000000e+00 -5.343346e+01
      vertex   3.284789e+02 0.000000e+00 -5.331681e+01
    endloop
  endfacet
  facet normal -1.837495e-01 -0.000000e+00 -9.829731e-01
    outer loop
      vertex   3.284789e+02 2.000000e+00 -5.331681e+01
      vertex   3.284789e+02 0.000000e+00 -5.331681e+01
      vertex   3.281615e+02 2.000000e+00 -5.325747e+01
    endloop
  endfacet
  facet normal -1.837495e-01 -0.000000e+00 -9.829731e-01
    outer loop
      vertex   3.281615e+02 2.000000e+00 -5.325747e+01
      vertex   3.284789e+02 0.000000e+00 -5.331681e+01
      vertex   3.281615e+02 0.000000e+00 -5.325747e+01
    endloop
  endfacet
  facet normal -0.000000e+00 -0.000000e+00 -1.000000e+00
    outer loop
      vertex   3.281615e+02 2.000000e+00 -5.325747e+01
      vertex   3.281615e+02 0.000000e+00 -5.325747e+01
      vertex   3.278385e+02 2.000000e+00 -5.325747e+01
    endloop
  endfacet
  facet normal 0.000000e+00 0.000000e+00 -1.000000e+00
    outer loop
      vertex   3.278385e+02 2.000000e+00 -5.325747e+01
      vertex   3.281615e+02 0.000000e+00 -5.325747e+01
      vertex   3.278385e+02 0.000000e+00 -5.325747e+01
    endloop
  endfacet
  facet normal 1.837495e-01 0.000000e+00 -9.829731e-01
    outer loop
      vertex   3.278385e+02 2.000000e+00 -5.325747e+01
      vertex   3.278385e+02 0.000000e+00 -5.325747e+01
      vertex   3.275211e+02 2.000000e+00 -5.331681e+01
    endloop
  endfacet
  facet normal 1.837495e-01 0.000000e+00 -9.829731e-01
    outer loop
      vertex   3.275211e+02 2.000000e+00 -5.331681e+01
      vertex   3.278385e+02 0.000000e+00 -5.325747e+01
      vertex   3.275211e+02 0.000000e+00 -5.331681e+01
    endloop
  endfacet
  facet normal 3.612417e-01 0.000000e+00 -9.324722e-01
    outer loop
      vertex   3.275211e+02 2.000000e+00 -5.331681e+01
      vertex   3.275211e+02 0.000000e+00 -5.331681e+01
      vertex   3.272200e+02 2.000000e+00 -5.343346e+01
    endloop
  endfacet
  facet normal 3.612417e-01 0.000000e+00 -9.324722e-01
    outer loop
      vertex   3.272200e+02 2.000000e+00 -5.343346e+01
      vertex   3.275211e+02 0.000000e+00 -5.331681e+01
      vertex   3.272200e+02 0.000000e+00 -5.343346e+01
    endloop
  endfacet
  facet normal 5.264322e-01 0.000000e+00 -8.502171e-01
    outer loop
      vertex   3.272200e+02 2.000000e+00 -5.343346e+01
      vertex   3.272200e+02 0.000000e+00 -5.343346e+01
      vertex   3.269454e+02 2.000000e+00 -5.360347e+01
    endloop
  endfacet
  facet normal 5.264322e-01 0.000000e+00 -8.502171e-01
    outer loop
      vertex   3.269454e+02 2.000000e+00 -5.360347e+01
      vertex   3.272200e+02 0.000000e+00 -5.343346e+01
      vertex   3.269454e+02 0.000000e+00 -5.360347e+01
    endloop
  endfacet
  facet normal 6.736956e-01 0.000000e+00 -7.390089e-01
    outer loop
      vertex   3.269454e+02 2.000000e+00 -5.360347e+01
      vertex   3.269454e+02 0.000000e+00 -5.360347e+01
      vertex   3.267067e+02 2.000000e+00 -5.382103e+01
    endloop
  endfacet
  facet normal 6.736956e-01 0.000000e+00 -7.390089e-01
    outer loop
      vertex   3.267067e+02 2.000000e+00 -5.382103e+01
      vertex   3.269454e+02 0.000000e+00 -5.360347e+01
      vertex   3.267067e+02 0.000000e+00 -5.382103e+01
    endloop
  endfacet
  facet normal 7.980172e-01 0.000000e+00 -6.026346e-01
    outer loop
      vertex   3.267067e+02 2.000000e+00 -5.382103e+01
      vertex   3.267067e+02 0.000000e+00 -5.382103e+01
      vertex   3.265121e+02 2.000000e+00 -5.407874e+01
    endloop
  endfacet
  facet normal 7.980172e-01 0.000000e+00 -6.026346e-01
    outer loop
      vertex   3.265121e+02 2.000000e+00 -5.407874e+01
      vertex   3.267067e+02 0.000000e+00 -5.382103e+01
      vertex   3.265121e+02 0.000000e+00 -5.407874e+01
    endloop
  endfacet
  facet normal 8.951633e-01 0.000000e+00 -4.457384e-01
    outer loop
      vertex   3.265121e+02 2.000000e+00 -5.407874e+01
      vertex   3.265121e+02 0.000000e+00 -5.407874e+01
      vertex   3.263682e+02 2.000000e+00 -5.436783e+01
    endloop
  endfacet
  facet normal 8.951633e-01 0.000000e+00 -4.457384e-01
    outer loop
      vertex   3.263682e+02 2.000000e+00 -5.436783e+01
      vertex   3.265121e+02 0.000000e+00 -5.407874e+01
      vertex   3.263682e+02 0.000000e+00 -5.436783e+01
    endloop
  endfacet
  facet normal 9.618256e-01 0.000000e+00 -2.736630e-01
    outer loop
      vertex   3.263682e+02 2.000000e+00 -5.436783e+01
      vertex   3.263682e+02 0.000000e+00 -5.436783e+01
      vertex   3.262798e+02 2.000000e+00 -5.467844e+01
    endloop
  endfacet
  facet normal 9.618256e-01 0.000000e+00 -2.736630e-01
    outer loop
      vertex   3.262798e+02 2.000000e+00 -5.467844e+01
      vertex   3.263682e+02 0.000000e+00 -5.436783e+01
      vertex   3.262798e+02 0.000000e+00 -5.467844e+01
    endloop
  endfacet
  facet normal 9.957342e-01 0.000000e+00 -9.226836e-02
    outer loop
      vertex   3.262798e+02 2.000000e+00 -5.467844e+01
      vertex   3.262798e+02 0.000000e+00 -5.467844e+01
      vertex   3.262500e+02 2.000000e+00 -5.500000e+01
    endloop
  endfacet
  facet normal 9.957342e-01 0.000000e+00 -9.226836e-02
    outer loop
      vertex   3.262500e+02 2.000000e+00 -5.500000e+01
      vertex   3.262798e+02 0.000000e+00 -5.467844e+01
      vertex   3.262500e+02 0.000000e+00 -5.500000e+01
    endloop
  endfacet
  facet normal 9.957342e-01 0.000000e+00 9.226836e-02
    outer loop
      vertex   3.262500e+02 2.000000e+00 -5.500000e+01
      vertex   3.262500e+02 0.000000e+00 -5.500000e+01
      vertex   3.262798e+02 2.000000e+00 -5.532156e+01
    endloop
  endfacet
  facet normal 9.957342e-01 0.000000e+00 9.226836e-02
    outer loop
      vertex   3.262798e+02 2.000000e+00 -5.532156e+01
      vertex   3.262500e+02 0.000000e+00 -5.500000e+01
      vertex   3.262798e+02 0.000000e+00 -5.532156e+01
    endloop
  endfacet
  facet normal 9.618256e-01 0.000000e+00 2.736630e-01
    outer loop
      vertex   3.262798e+02 2.000000e+00 -5.532156e+01
      vertex   3.262798e+02 0.000000e+00 -5.532156e+01
      vertex   3.263682e+02 2.000000e+00 -5.563217e+01
    endloop
  endfacet
  facet normal 9.618256e-01 0.000000e+00 2.736630e-01
    outer loop
      vertex   3.263682e+02 2.000000e+00 -5.563217e+01
      vertex   3.262798e+02 0.000000e+00 -5.532156e+01
      vertex   3.263682e+02 0.000000e+00 -5.563217e+01
    endloop
  endfacet
  facet normal 8.951633e-01 0.000000e+00 4.457384e-01
    outer loop
      vertex   3.263682e+02 2.000000e+00 -5.563217e+01
      vertex   3.263682e+02 0.000000e+00 -5.563217e+01
      vertex   3.265121e+02 2.000000e+00 -5.592126e+01
    endloop
  endfacet
  facet normal 8.951633e-01 0.000000e+00 4.457384e-01
    outer loop
      vertex   3.265121e+02 2.000000e+00 -5.592126e+01
      vertex   3.263682e+02 0.000000e+00 -5.563217e+01
      vertex   3.265121e+02 0.000000e+00 -5.592126e+01
    endloop
  endfacet
  facet normal 7.980172e-01 0.000000e+00 6.026346e-01
    outer loop
      vertex   3.265121e+02 2.000000e+00 -5.592126e+01
      vertex   3.265121e+02 0.000000e+00 -5.592126e+01
      vertex   3.267067e+02 2.000000e+00 -5.617897e+01
    endloop
  endfacet
  facet normal 7.980172e-01 0.000000e+00 6.026346e-01
    outer loop
      vertex   3.267067e+02 2.000000e+00 -5.617897e+01
      vertex   3.265121e+02 0.000000e+00 -5.592126e+01
      vertex   3.267067e+02 0.000000e+00 -5.617897e+01
    endloop
  endfacet
  facet normal 6.736956e-01 0.000000e+00 7.390089e-01
    outer loop
      vertex   3.267067e+02 2.000000e+00 -5.617897e+01
      vertex   3.267067e+02 0.000000e+00 -5.617897e+01
      vertex   3.269454e+02 2.000000e+00 -5.639653e+01
    endloop
  endfacet
  facet normal 6.736956e-01 0.000000e+00 7.390089e-01
    outer loop
      vertex   3.269454e+02 2.000000e+00 -5.639653e+01
      vertex   3.267067e+02 0.000000e+00 -5.617897e+01
      vertex   3.269454e+02 0.000000e+00 -5.639653e+01
    endloop
  endfacet
  facet normal 5.264322e-01 0.000000e+00 8.502171e-01
    outer loop
      vertex   3.269454e+02 2.000000e+00 -5.639653e+01
      vertex   3.269454e+02 0.000000e+00 -5.639653e+01
      vertex   3.272200e+02 2.000000e+00 -5.656654e+01
    endloop
  endfacet
  facet normal 5.264322e-01 0.000000e+00 8.502171e-01
    outer loop
      vertex   3.272200e+02 2.000000e+00 -5.656654e+01
      vertex   3.269454e+02 0.000000e+00 -5.639653e+01
      vertex   3.272200e+02 0.000000e+00 -5.656654e+01
    endloop
  endfacet
  facet normal 3.612417e-01 0.000000e+00 9.324722e-01
    outer loop
      vertex   3.272200e+02 2.000000e+00 -5.656654e+01
      vertex   3.272200e+02 0.000000e+00 -5.656654e+01
      vertex   3.275211e+02 2.000000e+00 -5.668319e+01
    endloop
  endfacet
  facet normal 3.612417e-01 0.000000e+00 9.324722e-01
    outer loop
      vertex   3.275211e+02 2.000000e+00 -5.668319e+01
      vertex   3.272200e+02 0.000000e+00 -5.656654e+01
      vertex   3.275211e+02 0.000000e+00 -5.668319e+01
    endloop
  endfacet
  facet normal 1.837495e-01 0.000000e+00 9.829731e-01
    outer loop
      vertex   3.275211e+02 2.000000e+00 -5.668319e+01
      vertex   3.275211e+02 0.000000e+00 -5.668319e+01
      vertex   3.278385e+02 2.000000e+00 -5.674253e+01
    endloop
  endfacet
  facet normal 1.837495e-01 0.000000e+00 9.829731e-01
    outer loop
      vertex   3.278385e+02 2.000000e+00 -5.674253e+01
      vertex   3.275211e+02 0.000000e+00 -5.668319e+01
      vertex   3.278385e+02 0.000000e+00 -5.674253e+01
    endloop
  endfacet
  facet normal -0.000000e+00 0.000000e+00 1.000000e+00
    outer loop
      vertex   3.278385e+02 2.000000e+00 -5.674253e+01
      vertex   3.278385e+02 0.000000e+00 -5.674253e+01
      vertex   3.281615e+02 2.000000e+00 -5.674253e+01
    endloop
  endfacet
  facet normal 0.000000e+00 0.000000e+00 1.000000e+00
    outer loop
      vertex   3.281615e+02 2.000000e+00 -5.674253e+01
      vertex   3.278385e+02 0.000000e+00 -5.674253e+01
      vertex   3.281615e+02 0.000000e+00 -5.674253e+01
    endloop
  endfacet
  facet normal -1.837495e-01 0.000000e+00 9.829731e-01
    outer loop
      vertex   3.281615e+02 2.000000e+00 -5.674253e+01
      vertex   3.281615e+02 0.000000e+00 -5.674253e+01
      vertex   3.284789e+02 2.000000e+00 -5.668319e+01
    endloop
  endfacet
  facet normal -1.837495e-01 0.000000e+00 9.829731e-01
    outer loop
      vertex   3.284789e+02 2.000000e+00 -5.668319e+01
      vertex   3.281615e+02 0.000000e+00 -5.674253e+01
      vertex   3.284789e+02 0.000000e+00 -5.668319e+01
    endloop
  endfacet
  facet normal -3.612417e-01 0.000000e+00 9.324722e-01
    outer loop
      vertex   3.284789e+02 2.000000e+00 -5.668319e+01
      vertex   3.284789e+02 0.000000e+00 -5.668319e+01
      vertex   3.287800e+02 2.000000e+00 -5.656654e+01
    endloop
  endfacet
  facet normal -3.612417e-01 0.000000e+00 9.324722e-01
    outer loop
      vertex   3.287800e+02 2.000000e+00 -5.656654e+01
      vertex   3.284789e+02 0.000000e+00 -5.668319e+01
      vertex   3.287800e+02 0.000000e+00 -5.656654e+01
    endloop
  endfacet
  facet normal -5.264322e-01 0.000000e+00 8.502171e-01
    outer loop
      vertex   3.287800e+02 2.000000e+00 -5.656654e+01
      vertex   3.287800e+02 0.000000e+00 -5.656654e+01
      vertex   3.290546e+02 2.000000e+00 -5.639653e+01
    endloop
  endfacet
  facet normal -5.264322e-01 0.000000e+00 8.502171e-01
    outer loop
      vertex   3.290546e+02 2.000000e+00 -5.639653e+01
      vertex   3.287800e+02 0.000000e+00 -5.656654e+01
      vertex   3.290546e+02 0.000000e+00 -5.639653e+01
    endloop
  endfacet
  facet normal -6.736956e-01 0.000000e+00 7.390089e-01
    outer loop
      vertex   3.290546e+02 2.000000e+00 -5.639653e+01
      vertex   3.290546e+02 0.000000e+00 -5.639653e+01
      vertex   3.292933e+02 2.000000e+00 -5.617897e+01
    endloop
  endfacet
  facet normal -6.736956e-01 0.000000e+00 7.390089e-01
    outer loop
      vertex   3.292933e+02 2.000000e+00 -5.617897e+01
      vertex   3.290546e+02 0.000000e+00 -5.639653e+01
      vertex   3.292933e+02 0.000000e+00 -5.617897e+01
    endloop
  endfacet
  facet normal -7.980172e-01 0.000000e+00 6.026346e-01
    outer loop
      vertex   3.292933e+02 2.000000e+00 -5.617897e+01
      vertex   3.292933e+02 0.000000e+00 -5.617897e+01
      vertex   3.294879e+02 2.000000e+00 -5.592126e+01
    endloop
  endfacet
  facet normal -7.980172e-01 0.000000e+00 6.026346e-01
    outer loop
      vertex   3.294879e+02 2.000000e+00 -5.592126e+01
      vertex   3.292933e+02 0.000000e+00 -5.617897e+01
      vertex   3.294879e+02 0.000000e+00 -5.592126e+01
    endloop
  endfacet
  facet normal -8.951633e-01 0.000000e+00 4.457384e-01
    outer loop
      vertex   3.294879e+02 2.000000e+00 -5.592126e+01
      vertex   3.294879e+02 0.000000e+00 -5.592126e+01
      vertex   3.296318e+02 2.000000e+00 -5.563217e+01
    endloop
  endfacet
  facet normal -8.951633e-01 0.000000e+00 4.457384e-01
    outer loop
      vertex   3.296318e+02 2.000000e+00 -5.563217e+01
      vertex   3.294879e+02 0.000000e+00 -5.592126e+01
      vertex   3.296318e+02 0.000000e+00 -5.563217e+01
    endloop
  endfacet
  facet normal -9.618256e-01 0.000000e+00 2.736630e-01
    outer loop
      vertex   3.296318e+02 2.000000e+00 -5.563217e+01
      vertex   3.296318e+02 0.000000e+00 -5.563217e+01
      vertex   3.297202e+02 2.000000e+00 -5.532156e+01
    endloop
  endfacet
  facet normal -9.618256e-01 0.000000e+00 2.736630e-01
    outer loop
      vertex   3.297202e+02 2.000000e+00 -5.532156e+01
      vertex   3.296318e+02 0.000000e+00 -5.563217e+01
      vertex   3.297202e+02 0.000000e+00 -5.532156e+01
    endloop
  endfacet
  facet normal -9.957342e-01 0.000000e+00 9.226836e-02
    outer loop
      vertex   3.537202e+02 2.000000e+00 -3.132156e+01
      vertex   3.537202e+02 0.000000e+00 -3.132156e+01
      vertex   3.537500e+02 2.000000e+00 -3.100000e+01
    endloop
  endfacet
  facet normal -9.957342e-01 0.000000e+00 9.226836e-02
    outer loop
      vertex   3.537500e+02 2.000000e+00 -3.100000e+01
      vertex   3.537202e+02 0.000000e+00 -3.132156e+01
      vertex   3.537500e+02 0.000000e+00 -3.100000e+01
    endloop
  endfacet
  facet normal -9.957342e-01 -0.000000e+00 -9.226836e-02
    outer loop
      vertex   3.537500e+02 2.000000e+00 -3.100000e+01
      vertex   3.537500e+02 0.000000e+00 -3.100000e+01
      vertex   3.537202e+02 2.000000e+00 -3.067844e+01
    endloop
  endfacet
  facet normal -9.957342e-01 -0.000000e+00 -9.226836e-02
    outer loop
      vertex   3.537202e+02 2.000000e+00 -3.067844e+01
      vertex   3.537500e+02 0.000000e+00 -3.100000e+01
      vertex   3.537202e+02 0.000000e+00 -3.067844e+01
    endloop
  endfacet
  facet normal -9.618256e-01 -0.000000e+00 -2.736630e-01
    outer loop
      vertex   3.537202e+02 2.000000e+00 -3.067844e+01
      vertex   3.537202e+02 0.000000e+00 -3.067844e+01
      vertex   3.536318e+02 2.000000e+00 -3.036783e+01
    endloop
  endfacet
  facet normal -9.618256e-01 -0.000000e+00 -2.736630e-01
    outer loop
      vertex   3.536318e+02 2.000000e+00 -3.036783e+01
      vertex   3.537202e+02 0.000000e+00 -3.067844e+01
      vertex   3.536318e+02 0.000000e+00 -3.036783e+01
    endloop
  endfacet
  facet normal -8.951633e-01 -0.000000e+00 -4.457384e-01
    outer loop
      vertex   3.536318e+02 2.000000e+00 -3.036783e+01
      vertex   3.536318e+02 0.000000e+00 -3.036783e+01
      vertex   3.534879e+02 2.000000e+00 -3.007874e+01
    endloop
  endfacet
  facet normal -8.951633e-01 -0.000000e+00 -4.457384e-01
    outer loop
      vertex   3.534879e+02 2.000000e+00 -3.007874e+01
      vertex   3.536318e+02 0.000000e+00 -3.036783e+01
      vertex   3.534879e+02 0.000000e+00 -3.007874e+01
    endloop
  endfacet
  facet normal -7.980172e-01 -0.000000e+00 -6.026346e-01
    outer loop
      vertex   3.534879e+02 2.000000e+00 -3.007874e+01
      vertex   3.534879e+02 0.000000e+00 -3.007874e+01
      vertex   3.532933e+02 2.000000e+00 -2.982103e+01
    endloop
  endfacet
  facet normal -7.980172e-01 -0.000000e+00 -6.026346e-01
    outer loop
      vertex   3.532933e+02 2.000000e+00 -2.982103e+01
      vertex   3.534879e+02 0.000000e+00 -3.007874e+01
      vertex   3.532933e+02 0.000000e+00 -2.982103e+01
    endloop
  endfacet
  facet normal -6.736956e-01 -0.000000e+00 -7.390089e-01
    outer loop
      vertex   3.532933e+02 2.000000e+00 -2.982103e+01
      vertex   3.532933e+02 0.000000e+00 -2.982103e+01
      vertex   3.530546e+02 2.000000e+00 -2.960347e+01
    endloop
  endfacet
  facet normal -6.736956e-01 -0.000000e+00 -7.390089e-01
    outer loop
      vertex   3.530546e+02 2.000000e+00 -2.960347e+01
      vertex   3.532933e+02 0.000000e+00 -2.982103e+01
      vertex   3.530546e+02 0.000000e+00 -2.960347e+01
    endloop
  endfacet
  facet normal -5.264322e-01 -0.000000e+00 -8.502171e-01
    outer loop
      vertex   3.530546e+02 2.000000e+00 -2.960347e+01
      vertex   3.530546e+02 0.000000e+00 -2.960347e+01
      vertex   3.527800e+02 2.000000e+00 -2.943346e+01
    endloop
  endfacet
  facet normal -5.264322e-01 -0.000000e+00 -8.502171e-01
    outer loop
      vertex   3.527800e+02 2.000000e+00 -2.943346e+01
      vertex   3.530546e+02 0.000000e+00 -2.960347e+01
      vertex   3.527800e+02 0.000000e+00 -2.943346e+01
    endloop
  endfacet
  facet normal -3.612417e-01 -0.000000e+00 -9.324722e-01
    outer loop
      vertex   3.527800e+02 2.000000e+00 -2.943346e+01
      vertex   3.527800e+02 0.000000e+00 -2.943346e+01
      vertex   3.524789e+02 2.000000e+00 -2.931681e+01
    endloop
  endfacet
  facet normal -3.612417e-01 -0.000000e+00 -9.324722e-01
    outer loop
      vertex   3.524789e+02 2.000000e+00 -2.931681e+01
      vertex   3.527800e+02 0.000000e+00 -2.943346e+01
      vertex   3.524789e+02 0.000000e+00 -2.931681e+01
    endloop
  endfacet
  facet normal -1.837495e-01 -0.000000e+00 -9.829731e-01
    outer loop
      vertex   3.524789e+02 2.000000e+00 -2.931681e+01
      vertex   3.524789e+02 0.000000e+00 -2.931681e+01
      vertex   3.521615e+02 2.000000e+00 -2.925747e+01
    endloop
  endfacet
  facet normal -1.837495e-01 -0.000000e+00 -9.829731e-01
    outer loop
      vertex   3.521615e+02 2.000000e+00 -2.925747e+01
      vertex   3.524789e+02 0.000000e+00 -2.931681e+01
      vertex   3.521615e+02 0.000000e+00 -2.925747e+01
    endloop
  endfacet
  facet normal -0.000000e+00 -0.000000e+00 -1.000000e+00
    outer loop
      vertex   3.521615e+02 2.000000e+00 -2.925747e+01
      vertex   3.521615e+02 0.000000e+00 -2.925747e+01
      vertex   3.518385e+02 2.000000e+00 -2.925747e+01
    endloop
  endfacet
  facet normal 0.000000e+00 0.000000e+00 -1.000000e+00
    outer loop
      vertex   3.518385e+02 2.000000e+00 -2.925747e+01
      vertex   3.521615e+02 0.000000e+00 -2.925747e+01
      vertex   3.518385e+02 0.000000e+00 -2.925747e+01
    endloop
  endfacet
  facet normal 1.837495e-01 0.000000e+00 -9.829731e-01
    outer loop
      vertex   3.518385e+02 2.000000e+00 -2.925747e+01
      vertex   3.518385e+02 0.000000e+00 -2.925747e+01
      vertex   3.515211e+02 2.000000e+00 -2.931681e+01
    endloop
  endfacet
  facet normal 1.837495e-01 0.000000e+00 -9.829731e-01
    outer loop
      vertex   3.515211e+02 2.000000e+00 -2.931681e+01
      vertex   3.518385e+02 0.000000e+00 -2.925747e+01
      vertex   3.515211e+02 0.000000e+00 -2.931681e+01
    endloop
  endfacet
  facet normal 3.612417e-01 0.000000e+00 -9.324722e-01
    outer loop
      vertex   3.515211e+02 2.000000e+00 -2.931681e+01
      vertex   3.515211e+02 0.000000e+00 -2.931681e+01
      vertex   3.512200e+02 2.000000e+00 -2.943346e+01
    endloop
  endfacet
  facet normal 3.612417e-01 0.000000e+00 -9.324722e-01
    outer loop
      vertex   3.512200e+02 2.000000e+00 -2.943346e+01
      vertex   3.515211e+02 0.000000e+00 -2.931681e+01
      vertex   3.512200e+02 0.000000e+00 -2.943346e+01
    endloop
  endfacet
  facet normal 5.264322e-01 0.000000e+00 -8.502171e-01
    outer loop
      vertex   3.512200e+02 2.000000e+00 -2.943346e+01
      vertex   3.512200e+02 0.000000e+00 -2.943346e+01
      vertex   3.509454e+02 2.000000e+00 -2.960347e+01
    endloop
  endfacet
  facet normal 5.264322e-01 0.000000e+00 -8.502171e-01
    outer loop
      vertex   3.509454e+02 2.000000e+00 -2.960347e+01
      vertex   3.512200e+02 0.000000e+00 -2.943346e+01
      vertex   3.509454e+02 0.000000e+00 -2.960347e+01
    endloop
  endfacet
  facet normal 6.736956e-01 0.000000e+00 -7.390089e-01
    outer loop
      vertex   3.509454e+02 2.000000e+00 -2.960347e+01
      vertex   3.509454e+02 0.000000e+00 -2.960347e+01
      vertex   3.507067e+02 2.000000e+00 -2.982103e+01
    endloop
  endfacet
  facet normal 6.736956e-01 0.000000e+00 -7.390089e-01
    outer loop
      vertex   3.507067e+02 2.000000e+00 -2.982103e+01
      vertex   3.509454e+02 0.000000e+00 -2.960347e+01
      vertex   3.507067e+02 0.000000e+00 -2.982103e+01
    endloop
  endfacet
  facet normal 7.980172e-01 0.000000e+00 -6.026346e-01
    outer loop
      vertex   3.507067e+02 2.000000e+00 -2.982103e+01
      vertex   3.507067e+02 0.000000e+00 -2.982103e+01
      vertex   3.505121e+02 2.000000e+00 -3.007874e+01
    endloop
  endfacet
  facet normal 7.980172e-01 0.000000e+00 -6.026346e-01
    outer loop
      vertex   3.505121e+02 2.000000e+00 -3.007874e+01
      vertex   3.507067e+02 0.000000e+00 -2.982103e+01
      vertex   3.505121e+02 0.000000e+00 -3.007874e+01
    endloop
  endfacet
  facet normal 8.951633e-01 0.000000e+00 -4.457384e-01
    outer loop
      vertex   3.505121e+02 2.000000e+00 -3.007874e+01
      vertex   3.505121e+02 0.000000e+00 -3.007874e+01
      vertex   3.503682e+02 2.000000e+00 -3.036783e+01
    endloop
  endfacet
  facet normal 8.951633e-01 0.000000e+00 -4.457384e-01
    outer loop
      vertex   3.503682e+02 2.000000e+00 -3.036783e+01
      vertex   3.505121e+02 0.000000e+00 -3.007874e+01
      vertex   3.503682e+02 0.000000e+00 -3.036783e+01
    endloop
  endfacet
  facet normal 9.618256e-01 0.000000e+00 -2.736630e-01
    outer loop
      vertex   3.503682e+02 2.000000e+00 -3.036783e+01
      vertex   3.503682e+02 0.000000e+00 -3.036783e+01
      vertex   3.502798e+02 2.000000e+00 -3.067844e+01
    endloop
  endfacet
  facet normal 9.618256e-01 0.000000e+00 -2.736630e-01
    outer loop
      vertex   3.502798e+02 2.000000e+00 -3.067844e+01
      vertex   3.503682e+02 0.000000e+00 -3.036783e+01
      vertex   3.502798e+02 0.000000e+00 -3.067844e+01
    endloop
  endfacet
  facet normal 9.957342e-01 0.000000e+00 -9.226836e-02
    outer loop
      vertex   3.502798e+02 2.000000e+00 -3.067844e+01
      vertex   3.502798e+02 0.000000e+00 -3.067844e+01
      vertex   3.502500e+02 2.000000e+00 -3.100000e+01
    endloop
  endfacet
  facet normal 9.957342e-01 0.000000e+00 -9.226836e-02
    outer loop
      vertex   3.502500e+02 2.000000e+00 -3.100000e+01
      vertex   3.502798e+02 0.000000e+00 -3.067844e+01
      vertex   3.502500e+02 0.000000e+00 -3.100000e+01
    endloop
  endfacet
  facet normal 9.957342e-01 0.000000e+00 9.226836e-02
    outer loop
      vertex   3.502500e+02 2.000000e+00 -3.100000e+01
      vertex   3.502500e+02 0.000000e+00 -3.100000e+01
      vertex   3.502798e+02 2.000000e+00 -3.132156e+01
    endloop
  endfacet
  facet normal 9.957342e-01 0.000000e+00 9.226836e-02
    outer loop
      vertex   3.502798e+02 2.000000e+00 -3.132156e+01
      vertex   3.502500e+02 0.000000e+00 -3.100000e+01
      vertex   3.502798e+02 0.000000e+00 -3.132156e+01
    endloop
  endfacet
  facet normal 9.618256e-01 0.000000e+00 2.736630e-01
    outer loop
      vertex   3.502798e+02 2.000000e+00 -3.132156e+01
      vertex   3.502798e+02 0.000000e+00 -3.132156e+01
      vertex   3.503682e+02 2.000000e+00 -3.163217e+01
    endloop
  endfacet
  facet normal 9.618256e-01 0.000000e+00 2.736630e-01
    outer loop
      vertex   3.503682e+02 2.000000e+00 -3.163217e+01
      vertex   3.502798e+02 0.000000e+00 -3.132156e+01
      vertex   3.503682e+02 0.000000e+00 -3.163217e+01
    endloop
  endfacet
  facet normal 8.951633e-01 0.000000e+00 4.457384e-01
    outer loop
      vertex   3.503682e+02 2.000000e+00 -3.163217e+01
      vertex   3.503682e+02 0.000000e+00 -3.163217e+01
      vertex   3.505121e+02 2.000000e+00 -3.192126e+01
    endloop
  endfacet
  facet normal 8.951633e-01 0.000000e+00 4.457384e-01
    outer loop
      vertex   3.505121e+02 2.000000e+00 -3.192126e+01
      vertex   3.503682e+02 0.000000e+00 -3.163217e+01
      vertex   3.505121e+02 0.000000e+00 -3.192126e+01
    endloop
  endfacet
  facet normal 7.980172e-01 0.000000e+00 6.026346e-01
    outer loop
      vertex   3.505121e+02 2.000000e+00 -3.192126e+01
      vertex   3.505121e+02 0.000000e+00 -3.192126e+01
      vertex   3.507067e+02 2.000000e+00 -3.217897e+01
    endloop
  endfacet
  facet normal 7.980172e-01 0.000000e+00 6.026346e-01
    outer loop
      vertex   3.507067e+02 2.000000e+00 -3.217897e+01
      vertex   3.505121e+02 0.000000e+00 -3.192126e+01
      vertex   3.507067e+02 0.000000e+00 -3.217897e+01
    endloop
  endfacet
  facet normal 6.736956e-01 0.000000e+00 7.390089e-01
    outer loop
      vertex   3.507067e+02 2.000000e+00 -3.217897e+01
      vertex   3.507067e+02 0.000000e+00 -3.217897e+01
      vertex   3.509454e+02 2.000000e+00 -3.239653e+01
    endloop
  endfacet
  facet normal 6.736956e-01 0.000000e+00 7.390089e-01
    outer loop
      vertex   3.509454e+02 2.000000e+00 -3.239653e+01
      vertex   3.507067e+02 0.000000e+00 -3.217897e+01
      vertex   3.509454e+02 0.000000e+00 -3.239653e+01
    endloop
  endfacet
  facet normal 5.264322e-01 0.000000e+00 8.502171e-01
    outer loop
      vertex   3.509454e+02 2.000000e+00 -3.239653e+01
      vertex   3.509454e+02 0.000000e+00 -3.239653e+01
      vertex   3.512200e+02 2.000000e+00 -3.256654e+01
    endloop
  endfacet
  facet normal 5.264322e-01 0.000000e+00 8.502171e-01
    outer loop
      vertex   3.512200e+02 2.000000e+00 -3.256654e+01
      vertex   3.509454e+02 0.000000e+00 -3.239653e+01
      vertex   3.512200e+02 0.000000e+00 -3.256654e+01
    endloop
  endfacet
  facet normal 3.612417e-01 0.000000e+00 9.324722e-01
    outer loop
      vertex   3.512200e+02 2.000000e+00 -3.256654e+01
      vertex   3.512200e+02 0.000000e+00 -3.256654e+01
      vertex   3.515211e+02 2.000000e+00 -3.268319e+01
    endloop
  endfacet
  facet normal 3.612417e-01 0.000000e+00 9.324722e-01
    outer loop
      vertex   3.515211e+02 2.000000e+00 -3.268319e+01
      vertex   3.512200e+02 0.000000e+00 -3.256654e+01
      vertex   3.515211e+02 0.000000e+00 -3.268319e+01
    endloop
  endfacet
  facet normal 1.837495e-01 0.000000e+00 9.829731e-01
    outer loop
      vertex   3.515211e+02 2.000000e+00 -3.268319e+01
      vertex   3.515211e+02 0.000000e+00 -3.268319e+01
      vertex   3.518385e+02 2.000000e+00 -3.274253e+01
    endloop
  endfacet
  facet normal 1.837495e-01 0.000000e+00 9.829731e-01
    outer loop
      vertex   3.518385e+02 2.000000e+00 -3.274253e+01
      vertex   3.515211e+02 0.000000e+00 -3.268319e+01
      vertex   3.518385e+02 0.000000e+00 -3.274253e+01
    endloop
  endfacet
  facet normal -0.000000e+00 0.000000e+00 1.000000e+00
    outer loop
      vertex   3.518385e+02 2.000000e+00 -3.274253e+01
      vertex   3.518385e+02 0.000000e+00 -3.274253e+01
      vertex   3.521615e+02 2.000000e+00 -3.274253e+01
    endloop
  endfacet
  facet normal 0.000000e+00 0.000000e+00 1.000000e+00
    outer loop
      vertex   3.521615e+02 2.000000e+00 -3.274253e+01
      vertex   3.518385e+02 0.000000e+00 -3.274253e+01
      vertex   3.521615e+02 0.000000e+00 -3.274253e+01
    endloop
  endfacet
  facet normal -1.837495e-01 0.000000e+00 9.829731e-01
    outer loop
      vertex   3.521615e+02 2.000000e+00 -3.274253e+01
      vertex   3.521615e+02 0.000000e+00 -3.274253e+01
      vertex   3.524789e+02 2.000000e+00 -3.268319e+01
    endloop
  endfacet
  facet normal -1.837495e-01 0.000000e+00 9.829731e-01
    outer loop
      vertex   3.524789e+02 2.000000e+00 -3.268319e+01
      vertex   3.521615e+02 0.000000e+00 -3.274253e+01
      vertex   3.524789e+02 0.000000e+00 -3.268319e+01
    endloop
  endfacet
  facet normal -3.612417e-01 0.000000e+00 9.324722e-01
    outer loop
      vertex   3.524789e+02 2.000000e+00 -3.268319e+01
      vertex   3.524789e+02 0.000000e+00 -3.268319e+01
      vertex   3.527800e+02 2.000000e+00 -3.256654e+01
    endloop
  endfacet
  facet normal -3.612417e-01 0.000000e+00 9.324722e-01
    outer loop
      vertex   3.527800e+02 2.000000e+00 -3.256654e+01
      vertex   3.524789e+02 0.000000e+00 -3.268319e+01
      vertex   3.527800e+02 0.000000e+00 -3.256654e+01
    endloop
  endfacet
  facet normal -5.264322e-01 0.000000e+00 8.502171e-01
    outer loop
      vertex   3.527800e+02 2.000000e+00 -3.256654e+01
      vertex   3.527800e+02 0.000000e+00 -3.256654e+01
      vertex   3.530546e+02 2.000000e+00 -3.239653e+01
    endloop
  endfacet
  facet normal -5.264322e-01 0.000000e+00 8.502171e-01
    outer loop
      vertex   3.530546e+02 2.000000e+00 -3.239653e+01
      vertex   3.527800e+02 0.000000e+00 -3.256654e+01
      vertex   3.530546e+02 0.000000e+00 -3.239653e+01
    endloop
  endfacet
  facet normal -6.736956e-01 0.000000e+00 7.390089e-01
    outer loop
      vertex   3.530546e+02 2.000000e+00 -3.239653e+01
      vertex   3.530546e+02 0.000000e+00 -3.239653e+01
      vertex   3.532933e+02 2.000000e+00 -3.217897e+01
    endloop
  endfacet
  facet normal -6.736956e-01 0.000000e+00 7.390089e-01
    outer loop
      vertex   3.532933e+02 2.000000e+00 -3.217897e+01
      vertex   3.530546e+02 0.000000e+00 -3.239653e+01
      vertex   3.532933e+02 0.000000e+00 -3.217897e+01
    endloop
  endfacet
  facet normal -7.980172e-01 0.000000e+00 6.026346e-01
    outer loop
      vertex   3.532933e+02 2.000000e+00 -3.217897e+01
      vertex   3.532933e+02 0.000000e+00 -3.217897e+01
      vertex   3.534879e+02 2.000000e+00 -3.192126e+01
    endloop
  endfacet
  facet normal -7.980172e-01 0.000000e+00 6.026346e-01
    outer loop
      vertex   3.534879e+02 2.000000e+00 -3.192126e+01
      vertex   3.532933e+02 0.000000e+00 -3.217897e+01
      vertex   3.534879e+02 0.000000e+00 -3.192126e+01
    endloop
  endfacet
  facet normal -8.951633e-01 0.000000e+00 4.457384e-01
    outer loop
      vertex   3.534879e+02 2.000000e+00 -3.192126e+01
      vertex   3.534879e+02 0.000000e+00 -3.192126e+01
      vertex   3.536318e+02 2.000000e+00 -3.163217e+01
    endloop
  endfacet
  facet normal -8.951633e-01 0.000000e+00 4.457384e-01
    outer loop
      vertex   3.536318e+02 2.000000e+00 -3.163217e+01
      vertex   3.534879e+02 0.000000e+00 -3.192126e+01
      vertex   3.536318e+02 0.000000e+00 -3.163217e+01
    endloop
  endfacet
  facet normal -9.618256e-01 0.000000e+00 2.736630e-01
    outer loop
      vertex   3.536318e+02 2.000000e+00 -3.163217e+01
      vertex   3.536318e+02 0.000000e+00 -3.163217e+01
      vertex   3.537202e+02 2.000000e+00 -3.132156e+01
    endloop
  endfacet
  facet normal -9.618256e-01 0.000000e+00 2.736630e-01
    outer loop
      vertex   3.537202e+02 2.000000e+00 -3.132156e+01
      vertex   3.536318e+02 0.000000e+00 -3.163217e+01
      vertex   3.537202e+02 0.000000e+00 -3.132156e+01
    endloop
  endfacet
  facet normal -9.957342e-01 0.000000e+00 9.226836e-02
    outer loop
      vertex   3.537202e+02 2.000000e+00 -5.532156e+01
      vertex   3.537202e+02 0.000000e+00 -5.532156e+01
      vertex   3.537500e+02 2.000000e+00 -5.500000e+01
    endloop
  endfacet
  facet normal -9.957342e-01 0.000000e+00 9.226836e-02
    outer loop
      vertex   3.537500e+02 2.000000e+00 -5.500000e+01
      vertex   3.537202e+02 0.000000e+00 -5.532156e+01
      vertex   3.537500e+02 0.000000e+00 -5.500000e+01
    endloop
  endfacet
  facet normal -9.957342e-01 -0.000000e+00 -9.226836e-02
    outer loop
      vertex   3.537500e+02 2.000000e+00 -5.500000e+01
      vertex   3.537500e+02 0.000000e+00 -5.500000e+01
      vertex   3.537202e+02 2.000000e+00 -5.467844e+01
    endloop
  endfacet
  facet normal -9.957342e-01 -0.000000e+00 -9.226836e-02
    outer loop
      vertex   3.537202e+02 2.000000e+00 -5.467844e+01
      vertex   3.537500e+02 0.000000e+00 -5.500000e+01
      vertex   3.537202e+02 0.000000e+00 -5.467844e+01
    endloop
  endfacet
  facet normal -9.618256e-01 -0.000000e+00 -2.736630e-01
    outer loop
      vertex   3.537202e+02 2.000000e+00 -5.467844e+01
      vertex   3.537202e+02 0.000000e+00 -5.467844e+01
      vertex   3.536318e+02 2.000000e+00 -5.436783e+01
    endloop
  endfacet
  facet normal -9.618256e-01 -0.000000e+00 -2.736630e-01
    outer loop
      vertex   3.536318e+02 2.000000e+00 -5.436783e+01
      vertex   3.537202e+02 0.000000e+00 -5.467844e+01
      vertex   3.536318e+02 0.000000e+00 -5.436783e+01
    endloop
  endfacet
  facet normal -8.951633e-01 -0.000000e+00 -4.457384e-01
    outer loop
      vertex   3.536318e+02 2.000000e+00 -5.436783e+01
      vertex   3.536318e+02 0.000000e+00 -5.436783e+01
      vertex   3.534879e+02 2.000000e+00 -5.407874e+01
    endloop
  endfacet
  facet normal -8.951633e-01 -0.000000e+00 -4.457384e-01
    outer loop
      vertex   3.534879e+02 2.000000e+00 -5.407874e+01
      vertex   3.536318e+02 0.000000e+00 -5.436783e+01
      vertex   3.534879e+02 0.000000e+00 -5.407874e+01
    endloop
  endfacet
  facet normal -7.980172e-01 -0.000000e+00 -6.026346e-01
    outer loop
      vertex   3.534879e+02 2.000000e+00 -5.407874e+01
      vertex   3.534879e+02 0.000000e+00 -5.407874e+01
      vertex   3.532933e+02 2.000000e+00 -5.382103e+01
    endloop
  endfacet
  facet normal -7.980172e-01 -0.000000e+00 -6.026346e-01
    outer loop
      vertex   3.532933e+02 2.000000e+00 -5.382103e+01
      vertex   3.534879e+02 0.000000e+00 -5.407874e+01
      vertex   3.532933e+02 0.000000e+00 -5.382103e+01
    endloop
  endfacet
  facet normal -6.736956e-01 -0.000000e+00 -7.390089e-01
    outer loop
      vertex   3.532933e+02 2.000000e+00 -5.382103e+01
      vertex   3.532933e+02 0.000000e+00 -5.382103e+01
      vertex   3.530546e+02 2.000000e+00 -5.360347e+01
    endloop
  endfacet
  facet normal -6.736956e-01 -0.000000e+00 -7.390089e-01
    outer loop
      vertex   3.530546e+02 2.000000e+00 -5.360347e+01
      vertex   3.532933e+02 0.000000e+00 -5.382103e+01
      vertex   3.530546e+02 0.000000e+00 -5.360347e+01
    endloop
  endfacet
  facet normal -5.264322e-01 -0.000000e+00 -8.502171e-01
    outer loop
      vertex   3.530546e+02 2.000000e+00 -5.360347e+01
      vertex   3.530546e+02 0.000000e+00 -5.360347e+01
      vertex   3.527800e+02 2.000000e+00 -5.343346e+01
    endloop
  endfacet
  facet normal -5.264322e-01 -0.000000e+00 -8.502171e-01
    outer loop
      vertex   3.527800e+02 2.000000e+00 -5.343346e+01
      vertex   3.530546e+02 0.000000e+00 -5.360347e+01
      vertex   3.527800e+02 0.000000e+00 -5.343346e+01
    endloop
  endfacet
  facet normal -3.612417e-01 -0.000000e+00 -9.324722e-01
    outer loop
      vertex   3.527800e+02 2.000000e+00 -5.343346e+01
      vertex   3.527800e+02 0.000000e+00 -5.343346e+01
      vertex   3.524789e+02 2.000000e+00 -5.331681e+01
    endloop
  endfacet
  facet normal -3.612417e-01 -0.000000e+00 -9.324722e-01
    outer loop
      vertex   3.524789e+02 2.000000e+00 -5.331681e+01
      vertex   3.527800e+02 0.000000e+00 -5.343346e+01
      vertex   3.524789e+02 0.000000e+00 -5.331681e+01
    endloop
  endfacet
  facet normal -1.837495e-01 -0.000000e+00 -9.829731e-01
    outer loop
      vertex   3.524789e+02 2.000000e+00 -5.331681e+01
      vertex   3.524789e+02 0.000000e+00 -5.331681e+01
      vertex   3.521615e+02 2.000000e+00 -5.325747e+01
    endloop
  endfacet
  facet normal -1.837495e-01 -0.000000e+00 -9.829731e-01
    outer loop
      vertex   3.521615e+02 2.000000e+00 -5.325747e+01
      vertex   3.524789e+02 0.000000e+00 -5.331681e+01
      vertex   3.521615e+02 0.000000e+00 -5.325747e+01
    endloop
  endfacet
  facet normal -0.000000e+00 -0.000000e+00 -1.000000e+00
    outer loop
      vertex   3.521615e+02 2.000000e+00 -5.325747e+01
      vertex   3.521615e+02 0.000000e+00 -5.325747e+01
      vertex   3.518385e+02 2.000000e+00 -5.325747e+01
    endloop
  endfacet
  facet normal 0.000000e+00 0.000000e+00 -1.000000e+00
    outer loop
      vertex   3.518385e+02 2.000000e+00 -5.325747e+01
      vertex   3.521615e+02 0.000000e+00 -5.325747e+01
      vertex   3.518385e+02 0.000000e+00 -5.325747e+01
    endloop
  endfacet
  facet normal 1.837495e-01 0.000000e+00 -9.829731e-01
    outer loop
      vertex   3.518385e+02 2.000000e+00 -5.325747e+01
      vertex   3.518385e+02 0.000000e+00 -5.325747e+01
      vertex   3.515211e+02 2.000000e+00 -5.331681e+01
    endloop
  endfacet
  facet normal 1.837495e-01 0.000000e+00 -9.829731e-01
    outer loop
      vertex   3.515211e+02 2.000000e+00 -5.331681e+01
      vertex   3.518385e+02 0.000000e+00 -5.325747e+01
      vertex   3.515211e+02 0.000000e+00 -5.331681e+01
    endloop
  endfacet
  facet normal 3.612417e-01 0.000000e+00 -9.324722e-01
    outer loop
      vertex   3.515211e+02 2.000000e+00 -5.331681e+01
      vertex   3.515211e+02 0.000000e+00 -5.331681e+01
      vertex   3.512200e+02 2.000000e+00 -5.343346e+01
    endloop
  endfacet
  facet normal 3.612417e-01 0.000000e+00 -9.324722e-01
    outer loop
      vertex   3.512200e+02 2.000000e+00 -5.343346e+01
      vertex   3.515211e+02 0.000000e+00 -5.331681e+01
      vertex   3.512200e+02 0.000000e+00 -5.343346e+01
    endloop
  endfacet
  facet normal 5.264322e-01 0.000000e+00 -8.502171e-01
    outer loop
      vertex   3.512200e+02 2.000000e+00 -5.343346e+01
      vertex   3.512200e+02 0.000000e+00 -5.343346e+01
      vertex   3.509454e+02 2.000000e+00 -5.360347e+01
    endloop
  endfacet
  facet normal 5.264322e-01 0.000000e+00 -8.502171e-01
    outer loop
      vertex   3.509454e+02 2.000000e+00 -5.360347e+01
      vertex   3.512200e+02 0.000000e+00 -5.343346e+01
      vertex   3.509454e+02 0.000000e+00 -5.360347e+01
    endloop
  endfacet
  facet normal 6.736956e-01 0.000000e+00 -7.390089e-01
    outer loop
      vertex   3.509454e+02 2.000000e+00 -5.360347e+01
      vertex   3.509454e+02 0.000000e+00 -5.360347e+01
      vertex   3.507067e+02 2.000000e+00 -5.382103e+01
    endloop
  endfacet
  facet normal 6.736956e-01 0.000000e+00 -7.390089e-01
    outer loop
      vertex   3.507067e+02 2.000000e+00 -5.382103e+01
      vertex   3.509454e+02 0.000000e+00 -5.360347e+01
      vertex   3.507067e+02 0.000000e+00 -5.382103e+01
    endloop
  endfacet
  facet normal 7.980172e-01 0.000000e+00 -6.026346e-01
    outer loop
      vertex   3.507067e+02 2.000000e+00 -5.382103e+01
      vertex   3.507067e+02 0.000000e+00 -5.382103e+01
      vertex   3.505121e+02 2.000000e+00 -5.407874e+01
    endloop
  endfacet
  facet normal 7.980172e-01 0.000000e+00 -6.026346e-01
    outer loop
      vertex   3.505121e+02 2.000000e+00 -5.407874e+01
      vertex   3.507067e+02 0.000000e+00 -5.382103e+01
      vertex   3.505121e+02 0.000000e+00 -5.407874e+01
    endloop
  endfacet
  facet normal 8.951633e-01 0.000000e+00 -4.457384e-01
    outer loop
      vertex   3.505121e+02 2.000000e+00 -5.407874e+01
      vertex   3.505121e+02 0.000000e+00 -5.407874e+01
      vertex   3.503682e+02 2.000000e+00 -5.436783e+01
    endloop
  endfacet
  facet normal 8.951633e-01 0.000000e+00 -4.457384e-01
    outer loop
      vertex   3.503682e+02 2.000000e+00 -5.436783e+01
      vertex   3.505121e+02 0.000000e+00 -5.407874e+01
      vertex   3.503682e+02 0.000000e+00 -5.436783e+01
    endloop
  endfacet
  facet normal 9.618256e-01 0.000000e+00 -2.736630e-01
    outer loop
      vertex   3.503682e+02 2.000000e+00 -5.436783e+01
      vertex   3.503682e+02 0.000000e+00 -5.436783e+01
      vertex   3.502798e+02 2.000000e+00 -5.467844e+01
    endloop
  endfacet
  facet normal 9.618256e-01 0.000000e+00 -2.736630e-01
    outer loop
      vertex   3.502798e+02 2.000000e+00 -5.467844e+01
      vertex   3.503682e+02 0.000000e+00 -5.436783e+01
      vertex   3.502798e+02 0.000000e+00 -5.467844e+01
    endloop
  endfacet
  facet normal 9.957342e-01 0.000000e+00 -9.226836e-02
    outer loop
      vertex   3.502798e+02 2.000000e+00 -5.467844e+01
      vertex   3.502798e+02 0.000000e+00 -5.467844e+01
      vertex   3.502500e+02 2.000000e+00 -5.500000e+01
    endloop
  endfacet
  facet normal 9.957342e-01 0.000000e+00 -9.226836e-02
    outer loop
      vertex   3.502500e+02 2.000000e+00 -5.500000e+01
      vertex   3.502798e+02 0.000000e+00 -5.467844e+01
      vertex   3.502500e+02 0.000000e+00 -5.500000e+01
    endloop
  endfacet
  facet normal 9.957342e-01 0.000000e+00 9.226836e-02
    outer loop
      vertex   3.502500e+02 2.000000e+00 -5.500000e+01
      vertex   3.502500e+02 0.000000e+00 -5.500000e+01
      vertex   3.502798e+02 2.000000e+00 -5.532156e+01
    endloop
  endfacet
  facet normal 9.957342e-01 0.000000e+00 9.226836e-02
    outer loop
      vertex   3.502798e+02 2.000000e+00 -5.532156e+01
      vertex   3.502500e+02 0.000000e+00 -5.500000e+01
      vertex   3.502798e+02 0.000000e+00 -5.532156e+01
    endloop
  endfacet
  facet normal 9.618256e-01 0.000000e+00 2.736630e-01
    outer loop
      vertex   3.502798e+02 2.000000e+00 -5.532156e+01
      vertex   3.502798e+02 0.000000e+00 -5.532156e+01
      vertex   3.503682e+02 2.000000e+00 -5.563217e+01
    endloop
  endfacet
  facet normal 9.618256e-01 0.000000e+00 2.736630e-01
    outer loop
      vertex   3.503682e+02 2.000000e+00 -5.563217e+01
      vertex   3.502798e+02 0.000000e+00 -5.532156e+01
      vertex   3.503682e+02 0.000000e+00 -5.563217e+01
    endloop
  endfacet
  facet normal 8.951633e-01 0.000000e+00 4.457384e-01
    outer loop
      vertex   3.503682e+02 2.000000e+00 -5.563217e+01
      vertex   3.503682e+02 0.000000e+00 -5.563217e+01
      vertex   3.505121e+02 2.000000e+00 -5.592126e+01
    endloop
  endfacet
  facet normal 8.951633e-01 0.000000e+00 4.457384e-01
    outer loop
      vertex   3.505121e+02 2.000000e+00 -5.592126e+01
      vertex   3.503682e+02 0.000000e+00 -5.563217e+01
      vertex   3.505121e+02 0.000000e+00 -5.592126e+01
    endloop
  endfacet
  facet normal 7.980172e-01 0.000000e+00 6.026346e-01
    outer loop
      vertex   3.505121e+02 2.000000e+00 -5.592126e+01
      vertex   3.505121e+02 0.000000e+00 -5.592126e+01
      vertex   3.507067e+02 2.000000e+00 -5.617897e+01
    endloop
  endfacet
  facet normal 7.980172e-01 0.000000e+00 6.026346e-01
    outer loop
      vertex   3.507067e+02 2.000000e+00 -5.617897e+01
      vertex   3.505121e+02 0.000000e+00 -5.592126e+01
      vertex   3.507067e+02 0.000000e+00 -5.617897e+01
    endloop
  endfacet
  facet normal 6.736956e-01 0.000000e+00 7.390089e-01
    outer loop
      vertex   3.507067e+02 2.000000e+00 -5.617897e+01
      vertex   3.507067e+02 0.000000e+00 -5.617897e+01
      vertex   3.509454e+02 2.000000e+00 -5.639653e+01
    endloop
  endfacet
  facet normal 6.736956e-01 0.000000e+00 7.390089e-01
    outer loop
      vertex   3.509454e+02 2.000000e+00 -5.639653e+01
      vertex   3.507067e+02 0.000000e+00 -5.617897e+01
      vertex   3.509454e+02 0.000000e+00 -5.639653e+01
    endloop
  endfacet
  facet normal 5.264322e-01 0.000000e+00 8.502171e-01
    outer loop
      vertex   3.509454e+02 2.000000e+00 -5.639653e+01
      vertex   3.509454e+02 0.000000e+00 -5.639653e+01
      vertex   3.512200e+02 2.000000e+00 -5.656654e+01
    endloop
  endfacet
  facet normal 5.264322e-01 0.000000e+00 8.502171e-01
    outer loop
      vertex   3.512200e+02 2.000000e+00 -5.656654e+01
      vertex   3.509454e+02 0.000000e+00 -5.639653e+01
      vertex   3.512200e+02 0.000000e+00 -5.656654e+01
    endloop
  endfacet
  facet normal 3.612417e-01 0.000000e+00 9.324722e-01
    outer loop
      vertex   3.512200e+02 2.000000e+00 -5.656654e+01
      vertex   3.512200e+02 0.000000e+00 -5.656654e+01
      vertex   3.515211e+02 2.000000e+00 -5.668319e+01
    endloop
  endfacet
  facet normal 3.612417e-01 0.000000e+00 9.324722e-01
    outer loop
      vertex   3.515211e+02 2.000000e+00 -5.668319e+01
      vertex   3.512200e+02 0.000000e+00 -5.656654e+01
      vertex   3.515211e+02 0.000000e+00 -5.668319e+01
    endloop
  endfacet
  facet normal 1.837495e-01 0.000000e+00 9.829731e-01
    outer loop
      vertex   3.515211e+02 2.000000e+00 -5.668319e+01
      vertex   3.515211e+02 0.000000e+00 -5.668319e+01
      vertex   3.518385e+02 2.000000e+00 -5.674253e+01
    endloop
  endfacet
  facet normal 1.837495e-01 0.000000e+00 9.829731e-01
    outer loop
      vertex   3.518385e+02 2.000000e+00 -5.674253e+01
      vertex   3.515211e+02 0.000000e+00 -5.668319e+01
      vertex   3.518385e+02 0.000000e+00 -5.674253e+01
    endloop
  endfacet
  facet normal -0.000000e+00 0.000000e+00 1.000000e+00
    outer loop
      vertex   3.518385e+02 2.000000e+00 -5.674253e+01
      vertex   3.518385e+02 0.000000e+00 -5.674253e+01
      vertex   3.521615e+02 2.000000e+00 -5.674253e+01
    endloop
  endfacet
  facet normal 0.000000e+00 0.000000e+00 1.000000e+00
    outer loop
      vertex   3.521615e+02 2.000000e+00 -5.674253e+01
      vertex   3.518385e+02 0.000000e+00 -5.674253e+01
      vertex   3.521615e+02 0.000000e+00 -5.674253e+01
    endloop
  endfacet
  facet normal -1.837495e-01 0.000000e+00 9.829731e-01
    outer loop
      vertex   3.521615e+02 2.000000e+00 -5.674253e+01
      vertex   3.521615e+02 0.000000e+00 -5.674253e+01
      vertex   3.524789e+02 2.000000e+00 -5.668319e+01
    endloop
  endfacet
  facet normal -1.837495e-01 0.000000e+00 9.829731e-01
    outer loop
      vertex   3.524789e+02 2.000000e+00 -5.668319e+01
      vertex   3.521615e+02 0.000000e+00 -5.674253e+01
      vertex   3.524789e+02 0.000000e+00 -5.668319e+01
    endloop
  endfacet
  facet normal -3.612417e-01 0.000000e+00 9.324722e-01
    outer loop
      vertex   3.524789e+02 2.000000e+00 -5.668319e+01
      vertex   3.524789e+02 0.000000e+00 -5.668319e+01
      vertex   3.527800e+02 2.000000e+00 -5.656654e+01
    endloop
  endfacet
  facet normal -3.612417e-01 0.000000e+00 9.324722e-01
    outer loop
      vertex   3.527800e+02 2.000000e+00 -5.656654e+01
      vertex   3.524789e+02 0.000000e+00 -5.668319e+01
      vertex   3.527800e+02 0.000000e+00 -5.656654e+01
    endloop
  endfacet
  facet normal -5.264322e-01 0.000000e+00 8.502171e-01
    outer loop
      vertex   3.527800e+02 2.000000e+00 -5.656654e+01
      vertex   3.527800e+02 0.000000e+00 -5.656654e+01
      vertex   3.530546e+02 2.000000e+00 -5.639653e+01
    endloop
  endfacet
  facet normal -5.264322e-01 0.000000e+00 8.502171e-01
    outer loop
      vertex   3.530546e+02 2.000000e+00 -5.639653e+01
      vertex   3.527800e+02 0.000000e+00 -5.656654e+01
      vertex   3.530546e+02 0.000000e+00 -5.639653e+01
    endloop
  endfacet
  facet normal -6.736956e-01 0.000000e+00 7.390089e-01
    outer loop
      vertex   3.530546e+02 2.000000e+00 -5.639653e+01
      vertex   3.530546e+02 0.000000e+00 -5.639653e+01
      vertex   3.532933e+02 2.000000e+00 -5.617897e+01
    endloop
  endfacet
  facet normal -6.736956e-01 0.000000e+00 7.390089e-01
    outer loop
      vertex   3.532933e+02 2.000000e+00 -5.617897e+01
      vertex   3.530546e+02 0.000000e+00 -5.639653e+01
      vertex   3.532933e+02 0.000000e+00 -5.617897e+01
    endloop
  endfacet
  facet normal -7.980172e-01 0.000000e+00 6.026346e-01
    outer loop
      vertex   3.532933e+02 2.000000e+00 -5.617897e+01
      vertex   3.532933e+02 0.000000e+00 -5.617897e+01
      vertex   3.534879e+02 2.000000e+00 -5.592126e+01
    endloop
  endfacet
  facet normal -7.980172e-01 0.000000e+00 6.026346e-01
    outer loop
      vertex   3.534879e+02 2.000000e+00 -5.592126e+01
      vertex   3.532933e+02 0.000000e+00 -5.617897e+01
      vertex   3.534879e+02 0.000000e+00 -5.592126e+01
    endloop
  endfacet
  facet normal -8.951633e-01 0.000000e+00 4.457384e-01
    outer loop
      vertex   3.534879e+02 2.000000e+00 -5.592126e+01
      vertex   3.534879e+02 0.000000e+00 -5.592126e+01
      vertex   3.536318e+02 2.000000e+00 -5.563217e+01
    endloop
  endfacet
  facet normal -8.951633e-01 0.000000e+00 4.457384e-01
    outer loop
      vertex   3.536318e+02 2.000000e+00 -5.563217e+01
      vertex   3.534879e+02 0.000000e+00 -5.592126e+01
      vertex   3.536318e+02 0.000000e+00 -5.563217e+01
    endloop
  endfacet
  facet normal -9.618256e-01 0.000000e+00 2.736630e-01
    outer loop
      vertex   3.536318e+02 2.000000e+00 -5.563217e+01
      vertex   3.536318e+02 0.000000e+00 -5.563217e+01
      vertex   3.537202e+02 2.000000e+00 -5.532156e+01
    endloop
  endfacet
  facet normal -9.618256e-01 0.000000e+00 2.736630e-01
    outer loop
      vertex   3.537202e+02 2.000000e+00 -5.532156e+01
      vertex   3.536318e+02 0.000000e+00 -5.563217e+01
      vertex   3.537202e+02 0.000000e+00 -5.532156e+01
    endloop
  endfacet
  facet normal 0.000000e+00 0.000000e+00 1.000000e+00
    outer loop
      vertex   3.250000e+02 0.000000e+00 -2.600000e+01
      vertex   3.550000e+02 0.000000e+00 -2.600000e+01
      vertex   3.250000e+02 2.000000e+00 -2.600000e+01
    endloop
  endfacet
  facet normal -0.000000e+00 0.000000e+00 1.000000e+00
    outer loop
      vertex   3.250000e+02 2.000000e+00 -2.600000e+01
      vertex   3.550000e+02 0.000000e+00 -2.600000e+01
      vertex   3.550000e+02 2.000000e+00 -2.600000e+01
    endloop
  endfacet
  facet normal 0.000000e+00 -1.000000e+00 -0.000000e+00
    outer loop
      vertex   3.246527e+02 0.000000e+00 -2.603038e+01
      vertex   3.243160e+02 0.000000e+00 -2.612061e+01
      vertex   3.250000e+02 0.000000e+00 -2.600000e+01
    endloop
  endfacet
  facet normal 0.000000e+00 -1.000000e+00 0.000000e+00
    outer loop
      vertex   3.250000e+02 0.000000e+00 -2.600000e+01
      vertex   3.243160e+02 0.000000e+00 -2.612061e+01
      vertex   3.240000e+02 0.000000e+00 -2.626795e+01
    endloop
  endfacet
  facet normal 0.000000e+00 -1.000000e+00 0.000000e+00
    outer loop
      vertex   3.250000e+02 0.000000e+00 -2.600000e+01
      vertex   3.240000e+02 0.000000e+00 -2.626795e+01
      vertex   3.237144e+02 0.000000e+00 -2.646791e+01
    endloop
  endfacet
  facet normal 0.000000e+00 -1.000000e+00 -0.000000e+00
    outer loop
      vertex   3.237144e+02 0.000000e+00 -2.646791e+01
      vertex   3.234679e+02 0.000000e+00 -2.671442e+01
      vertex   3.250000e+02 0.000000e+00 -2.600000e+01
    endloop
  endfacet
  facet normal 0.000000e+00 -1.000000e+00 0.000000e+00
    outer loop
      vertex   3.250000e+02 0.000000e+00 -2.600000e+01
      vertex   3.234679e+02 0.000000e+00 -2.671442e+01
      vertex   3.232679e+02 0.000000e+00 -2.700000e+01
    endloop
  endfacet
  facet normal 0.000000e+00 -1.000000e+00 0.000000e+00
    outer loop
      vertex   3.250000e+02 0.000000e+00 -2.600000e+01
      vertex   3.232679e+02 0.000000e+00 -2.700000e+01
      vertex   3.231206e+02 0.000000e+00 -2.731596e+01
    endloop
  endfacet
  facet normal 0.000000e+00 -1.000000e+00 -0.000000e+00
    outer loop
      vertex   3.231206e+02 0.000000e+00 -2.731596e+01
      vertex   3.230304e+02 0.000000e+00 -2.765270e+01
      vertex   3.250000e+02 0.000000e+00 -2.600000e+01
    endloop
  endfacet
  facet normal 0.000000e+00 -1.000000e+00 0.000000e+00
    outer loop
      vertex   3.250000e+02 0.000000e+00 -2.600000e+01
      vertex   3.230304e+02 0.000000e+00 -2.765270e+01
      vertex   3.230000e+02 0.000000e+00 -2.800000e+01
    endloop
  endfacet
  facet normal 0.000000e+00 -1.000000e+00 -0.000000e+00
    outer loop
      vertex   3.250000e+02 0.000000e+00 -2.600000e+01
      vertex   3.230000e+02 0.000000e+00 -2.800000e+01
      vertex   3.267067e+02 0.000000e+00 -2.982103e+01
    endloop
  endfacet
  facet normal -0.000000e+00 -1.000000e+00 0.000000e+00
    outer loop
      vertex   3.267067e+02 0.000000e+00 -2.982103e+01
      vertex   3.230000e+02 0.000000e+00 -2.800000e+01
      vertex   3.265121e+02 0.000000e+00 -3.007874e+01
    endloop
  endfacet
  facet normal -0.000000e+00 -1.000000e+00 0.000000e+00
    outer loop
      vertex   3.265121e+02 0.000000e+00 -3.007874e+01
      vertex   3.230000e+02 0.000000e+00 -2.800000e+01
      vertex   3.263682e+02 0.000000e+00 -3.036783e+01
    endloop
  endfacet
  facet normal -0.000000e+00 -1.000000e+00 0.000000e+00
    outer loop
      vertex   3.263682e+02 0.000000e+00 -3.036783e+01
      vertex   3.230000e+02 0.000000e+00 -2.800000e+01
      vertex   3.262798e+02 0.000000e+00 -3.067844e+01
    endloop
  endfacet
  facet normal -0.000000e+00 -1.000000e+00 0.000000e+00
    outer loop
      vertex   3.262798e+02 0.000000e+00 -3.067844e+01
      vertex   3.230000e+02 0.000000e+00 -2.800000e+01
      vertex   3.262500e+02 0.000000e+00 -3.100000e+01
    endloop
  endfacet
  facet normal -0.000000e+00 -1.000000e+00 -0.000000e+00
    outer loop
      vertex   3.262500e+02 0.000000e+00 -3.100000e+01
      vertex   3.230000e+02 0.000000e+00 -2.800000e+01
      vertex   3.262798e+02 0.000000e+00 -3.132156e+01
    endloop
  endfacet
  facet normal -0.000000e+00 -1.000000e+00 -0.000000e+00
    outer loop
      vertex   3.262798e+02 0.000000e+00 -3.132156e+01
      vertex   3.230000e+02 0.000000e+00 -2.800000e+01
      vertex   3.263682e+02 0.000000e+00 -3.163217e+01
    endloop
  endfacet
  facet normal -0.000000e+00 -1.000000e+00 -0.000000e+00
    outer loop
      vertex   3.263682e+02 0.000000e+00 -3.163217e+01
      vertex   3.230000e+02 0.000000e+00 -2.800000e+01
      vertex   3.265121e+02 0.000000e+00 -3.192126e+01
    endloop
  endfacet
  facet normal -0.000000e+00 -1.000000e+00 -0.000000e+00
    outer loop
      vertex   3.265121e+02 0.000000e+00 -3.192126e+01
      vertex   3.230000e+02 0.000000e+00 -2.800000e+01
      vertex   3.283201e+02 0.000000e+00 -4.132068e+01
    endloop
  endfacet
  facet normal 0.000000e+00 -1.000000e+00 0.000000e+00
    outer loop
      vertex   3.265121e+02 0.000000e+00 -3.192126e+01
      vertex   3.283201e+02 0.000000e+00 -4.132068e+01
      vertex   3.284697e+02 0.000000e+00 -4.049173e+01
    endloop
  endfacet
  facet normal 0.000000e+00 -1.000000e+00 0.000000e+00
    outer loop
      vertex   3.230000e+02 0.000000e+00 -5.800000e+01
      vertex   3.282000e+02 0.000000e+00 -4.300000e+01
      vertex   3.230000e+02 0.000000e+00 -2.800000e+01
    endloop
  endfacet
  facet normal 0.000000e+00 -1.000000e+00 0.000000e+00
    outer loop
      vertex   3.230000e+02 0.000000e+00 -2.800000e+01
      vertex   3.282000e+02 0.000000e+00 -4.300000e+01
      vertex   3.282301e+02 0.000000e+00 -4.215820e+01
    endloop
  endfacet
  facet normal 0.000000e+00 -1.000000e+00 0.000000e+00
    outer loop
      vertex   3.230000e+02 0.000000e+00 -2.800000e+01
      vertex   3.282301e+02 0.000000e+00 -4.215820e+01
      vertex   3.283201e+02 0.000000e+00 -4.132068e+01
    endloop
  endfacet
  facet normal 0.000000e+00 -1.000000e+00 0.000000e+00
    outer loop
      vertex   3.230304e+02 0.000000e+00 -5.834730e+01
      vertex   3.267067e+02 0.000000e+00 -5.617897e+01
      vertex   3.230000e+02 0.000000e+00 -5.800000e+01
    endloop
  endfacet
  facet normal 0.000000e+00 -1.000000e+00 0.000000e+00
    outer loop
      vertex   3.230000e+02 0.000000e+00 -5.800000e+01
      vertex   3.267067e+02 0.000000e+00 -5.617897e+01
      vertex   3.265121e+02 0.000000e+00 -5.592126e+01
    endloop
  endfacet
  facet normal 0.000000e+00 -1.000000e+00 0.000000e+00
    outer loop
      vertex   3.230000e+02 0.000000e+00 -5.800000e+01
      vertex   3.265121e+02 0.000000e+00 -5.592126e+01
      vertex   3.263682e+02 0.000000e+00 -5.563217e+01
    endloop
  endfacet
  facet normal 0.000000e+00 -1.000000e+00 0.000000e+00
    outer loop
      vertex   3.230304e+02 0.000000e+00 -5.834730e+01
      vertex   3.231206e+02 0.000000e+00 -5.868404e+01
      vertex   3.267067e+02 0.000000e+00 -5.617897e+01
    endloop
  endfacet
  facet normal 0.000000e+00 -1.000000e+00 0.000000e+00
    outer loop
      vertex   3.267067e+02 0.000000e+00 -5.617897e+01
      vertex   3.231206e+02 0.000000e+00 -5.868404e+01
      vertex   3.232679e+02 0.000000e+00 -5.900000e+01
    endloop
  endfacet
  facet normal 0.000000e+00 -1.000000e+00 0.000000e+00
    outer loop
      vertex   3.267067e+02 0.000000e+00 -5.617897e+01
      vertex   3.232679e+02 0.000000e+00 -5.900000e+01
      vertex   3.234679e+02 0.000000e+00 -5.928558e+01
    endloop
  endfacet
  facet normal 0.000000e+00 -1.000000e+00 0.000000e+00
    outer loop
      vertex   3.234679e+02 0.000000e+00 -5.928558e+01
      vertex   3.237144e+02 0.000000e+00 -5.953209e+01
      vertex   3.267067e+02 0.000000e+00 -5.617897e+01
    endloop
  endfacet
  facet normal 0.000000e+00 -1.000000e+00 0.000000e+00
    outer loop
      vertex   3.267067e+02 0.000000e+00 -5.617897e+01
      vertex   3.237144e+02 0.000000e+00 -5.953209e+01
      vertex   3.240000e+02 0.000000e+00 -5.973205e+01
    endloop
  endfacet
  facet normal 0.000000e+00 -1.000000e+00 0.000000e+00
    outer loop
      vertex   3.267067e+02 0.000000e+00 -5.617897e+01
      vertex   3.240000e+02 0.000000e+00 -5.973205e+01
      vertex   3.243160e+02 0.000000e+00 -5.987939e+01
    endloop
  endfacet
  facet normal 0.000000e+00 -1.000000e+00 0.000000e+00
    outer loop
      vertex   3.243160e+02 0.000000e+00 -5.987939e+01
      vertex   3.246527e+02 0.000000e+00 -5.996962e+01
      vertex   3.267067e+02 0.000000e+00 -5.617897e+01
    endloop
  endfacet
  facet normal 0.000000e+00 -1.000000e+00 0.000000e+00
    outer loop
      vertex   3.267067e+02 0.000000e+00 -5.617897e+01
      vertex   3.246527e+02 0.000000e+00 -5.996962e+01
      vertex   3.250000e+02 0.000000e+00 -6.000000e+01
    endloop
  endfacet
  facet normal 0.000000e+00 -1.000000e+00 -0.000000e+00
    outer loop
      vertex   3.267067e+02 0.000000e+00 -5.617897e+01
      vertex   3.250000e+02 0.000000e+00 -6.000000e+01
      vertex   3.269454e+02 0.000000e+00 -5.639653e+01
    endloop
  endfacet
  facet normal 0.000000e+00 -1.000000e+00 -0.000000e+00
    outer loop
      vertex   3.269454e+02 0.000000e+00 -5.639653e+01
      vertex   3.250000e+02 0.000000e+00 -6.000000e+01
      vertex   3.272200e+02 0.000000e+00 -5.656654e+01
    endloop
  endfacet
  facet normal 0.000000e+00 -1.000000e+00 -0.000000e+00
    outer loop
      vertex   3.272200e+02 0.000000e+00 -5.656654e+01
      vertex   3.250000e+02 0.000000e+00 -6.000000e+01
      vertex   3.275211e+02 0.000000e+00 -5.668319e+01
    endloop
  endfacet
  facet normal 0.000000e+00 -1.000000e+00 -0.000000e+00
    outer loop
      vertex   3.275211e+02 0.000000e+00 -5.668319e+01
      vertex   3.250000e+02 0.000000e+00 -6.000000e+01
      vertex   3.278385e+02 0.000000e+00 -5.674253e+01
    endloop
  endfacet
  facet normal 0.000000e+00 -1.000000e+00 -0.000000e+00
    outer loop
      vertex   3.278385e+02 0.000000e+00 -5.674253e+01
      vertex   3.250000e+02 0.000000e+00 -6.000000e+01
      vertex   3.281615e+02 0.000000e+00 -5.674253e+01
    endloop
  endfacet
  facet normal 0.000000e+00 -1.000000e+00 -0.000000e+00
    outer loop
      vertex   3.281615e+02 0.000000e+00 -5.674253e+01
      vertex   3.250000e+02 0.000000e+00 -6.000000e+01
      vertex   3.284789e+02 0.000000e+00 -5.668319e+01
    endloop
  endfacet
  facet normal 0.000000e+00 -1.000000e+00 -0.000000e+00
    outer loop
      vertex   3.284789e+02 0.000000e+00 -5.668319e+01
      vertex   3.250000e+02 0.000000e+00 -6.000000e+01
      vertex   3.287800e+02 0.000000e+00 -5.656654e+01
    endloop
  endfacet
  facet normal 0.000000e+00 -1.000000e+00 -0.000000e+00
    outer loop
      vertex   3.287800e+02 0.000000e+00 -5.656654e+01
      vertex   3.250000e+02 0.000000e+00 -6.000000e+01
      vertex   3.383207e+02 0.000000e+00 -5.467989e+01
    endloop
  endfacet
  facet normal 0.000000e+00 -1.000000e+00 0.000000e+00
    outer loop
      vertex   3.287800e+02 0.000000e+00 -5.656654e+01
      vertex   3.383207e+02 0.000000e+00 -5.467989e+01
      vertex   3.290546e+02 0.000000e+00 -5.639653e+01
    endloop
  endfacet
  facet normal 0.000000e+00 -1.000000e+00 0.000000e+00
    outer loop
      vertex   3.290546e+02 0.000000e+00 -5.639653e+01
      vertex   3.383207e+02 0.000000e+00 -5.467989e+01
      vertex   3.374917e+02 0.000000e+00 -5.453033e+01
    endloop
  endfacet
  facet normal 0.000000e+00 -1.000000e+00 0.000000e+00
    outer loop
      vertex   3.290546e+02 0.000000e+00 -5.639653e+01
      vertex   3.374917e+02 0.000000e+00 -5.453033e+01
      vertex   3.366756e+02 0.000000e+00 -5.432202e+01
    endloop
  endfacet
  facet normal 0.000000e+00 -1.000000e+00 0.000000e+00
    outer loop
      vertex   3.550000e+02 0.000000e+00 -6.000000e+01
      vertex   3.400000e+02 0.000000e+00 -5.480000e+01
      vertex   3.250000e+02 0.000000e+00 -6.000000e+01
    endloop
  endfacet
  facet normal 0.000000e+00 -1.000000e+00 0.000000e+00
    outer loop
      vertex   3.250000e+02 0.000000e+00 -6.000000e+01
      vertex   3.400000e+02 0.000000e+00 -5.480000e+01
      vertex   3.391582e+02 0.000000e+00 -5.476993e+01
    endloop
  endfacet
  facet normal 0.000000e+00 -1.000000e+00 0.000000e+00
    outer loop
      vertex   3.250000e+02 0.000000e+00 -6.000000e+01
      vertex   3.391582e+02 0.000000e+00 -5.476993e+01
      vertex   3.383207e+02 0.000000e+00 -5.467989e+01
    endloop
  endfacet
  facet normal -0.000000e+00 -1.000000e+00 0.000000e+00
    outer loop
      vertex   3.553473e+02 0.000000e+00 -5.996962e+01
      vertex   3.532933e+02 0.000000e+00 -5.617897e+01
      vertex   3.550000e+02 0.000000e+00 -6.000000e+01
    endloop
  endfacet
  facet normal 0.000000e+00 -1.000000e+00 0.000000e+00
    outer loop
      vertex   3.550000e+02 0.000000e+00 -6.000000e+01
      vertex   3.532933e+02 0.000000e+00 -5.617897e+01
      vertex   3.530546e+02 0.000000e+00 -5.639653e+01
    endloop
  endfacet
  facet normal 0.000000e+00 -1.000000e+00 0.000000e+00
    outer loop
      vertex   3.550000e+02 0.000000e+00 -6.000000e+01
      vertex   3.530546e+02 0.000000e+00 -5.639653e+01
      vertex   3.527800e+02 0.000000e+00 -5.656654e+01
    endloop
  endfacet
  facet normal 0.000000e+00 -1.000000e+00 0.000000e+00
    outer loop
      vertex   3.553473e+02 0.000000e+00 -5.996962e+01
      vertex   3.556840e+02 0.000000e+00 -5.987939e+01
      vertex   3.532933e+02 0.000000e+00 -5.617897e+01
    endloop
  endfacet
  facet normal 0.000000e+00 -1.000000e+00 0.000000e+00
    outer loop
      vertex   3.532933e+02 0.000000e+00 -5.617897e+01
      vertex   3.556840e+02 0.000000e+00 -5.987939e+01
      vertex   3.560000e+02 0.000000e+00 -5.973205e+01
    endloop
  endfacet
  facet normal 0.000000e+00 -1.000000e+00 0.000000e+00
    outer loop
      vertex   3.532933e+02 0.000000e+00 -5.617897e+01
      vertex   3.560000e+02 0.000000e+00 -5.973205e+01
      vertex   3.562856e+02 0.000000e+00 -5.953209e+01
    endloop
  endfacet
  facet normal 0.000000e+00 -1.000000e+00 0.000000e+00
    outer loop
      vertex   3.562856e+02 0.000000e+00 -5.953209e+01
      vertex   3.565321e+02 0.000000e+00 -5.928558e+01
      vertex   3.532933e+02 0.000000e+00 -5.617897e+01
    endloop
  endfacet
  facet normal 0.000000e+00 -1.000000e+00 0.000000e+00
    outer loop
      vertex   3.532933e+02 0.000000e+00 -5.617897e+01
      vertex   3.565321e+02 0.000000e+00 -5.928558e+01
      vertex   3.567321e+02 0.000000e+00 -5.900000e+01
    endloop
  endfacet
  facet normal 0.000000e+00 -1.000000e+00 0.000000e+00
    outer loop
      vertex   3.532933e+02 0.000000e+00 -5.617897e+01
      vertex   3.567321e+02 0.000000e+00 -5.900000e+01
      vertex   3.568794e+02 0.000000e+00 -5.868404e+01
    endloop
  endfacet
  facet normal 0.000000e+00 -1.000000e+00 0.000000e+00
    outer loop
      vertex   3.568794e+02 0.000000e+00 -5.868404e+01
      vertex   3.569696e+02 0.000000e+00 -5.834730e+01
      vertex   3.532933e+02 0.000000e+00 -5.617897e+01
    endloop
  endfacet
  facet normal 0.000000e+00 -1.000000e+00 0.000000e+00
    outer loop
      vertex   3.532933e+02 0.000000e+00 -5.617897e+01
      vertex   3.569696e+02 0.000000e+00 -5.834730e+01
      vertex   3.570000e+02 0.000000e+00 -5.800000e+01
    endloop
  endfacet
  facet normal 0.000000e+00 -1.000000e+00 0.000000e+00
    outer loop
      vertex   3.532933e+02 0.000000e+00 -5.617897e+01
      vertex   3.570000e+02 0.000000e+00 -5.800000e+01
      vertex   3.534879e+02 0.000000e+00 -5.592126e+01
    endloop
  endfacet
  facet normal 0.000000e+00 -1.000000e+00 0.000000e+00
    outer loop
      vertex   3.534879e+02 0.000000e+00 -5.592126e+01
      vertex   3.570000e+02 0.000000e+00 -5.800000e+01
      vertex   3.536318e+02 0.000000e+00 -5.563217e+01
    endloop
  endfacet
  facet normal 0.000000e+00 -1.000000e+00 0.000000e+00
    outer loop
      vertex   3.536318e+02 0.000000e+00 -5.563217e+01
      vertex   3.570000e+02 0.000000e+00 -5.800000e+01
      vertex   3.537202e+02 0.000000e+00 -5.532156e+01
    endloop
  endfacet
  facet normal 0.000000e+00 -1.000000e+00 0.000000e+00
    outer loop
      vertex   3.537202e+02 0.000000e+00 -5.532156e+01
      vertex   3.570000e+02 0.000000e+00 -5.800000e+01
      vertex   3.537500e+02 0.000000e+00 -5.500000e+01
    endloop
  endfacet
  facet normal 0.000000e+00 -1.000000e+00 0.000000e+00
    outer loop
      vertex   3.537500e+02 0.000000e+00 -5.500000e+01
      vertex   3.570000e+02 0.000000e+00 -5.800000e+01
      vertex   3.537202e+02 0.000000e+00 -5.467844e+01
    endloop
  endfacet
  facet normal 0.000000e+00 -1.000000e+00 0.000000e+00
    outer loop
      vertex   3.537202e+02 0.000000e+00 -5.467844e+01
      vertex   3.570000e+02 0.000000e+00 -5.800000e+01
      vertex   3.536318e+02 0.000000e+00 -5.436783e+01
    endloop
  endfacet
  facet normal 0.000000e+00 -1.000000e+00 0.000000e+00
    outer loop
      vertex   3.536318e+02 0.000000e+00 -5.436783e+01
      vertex   3.570000e+02 0.000000e+00 -5.800000e+01
      vertex   3.534879e+02 0.000000e+00 -5.407874e+01
    endloop
  endfacet
  facet normal 0.000000e+00 -1.000000e+00 0.000000e+00
    outer loop
      vertex   3.534879e+02 0.000000e+00 -5.407874e+01
      vertex   3.570000e+02 0.000000e+00 -5.800000e+01
      vertex   3.516799e+02 0.000000e+00 -4.467932e+01
    endloop
  endfacet
  facet normal 0.000000e+00 -1.000000e+00 0.000000e+00
    outer loop
      vertex   3.534879e+02 0.000000e+00 -5.407874e+01
      vertex   3.516799e+02 0.000000e+00 -4.467932e+01
      vertex   3.515303e+02 0.000000e+00 -4.550827e+01
    endloop
  endfacet
  facet normal 0.000000e+00 -1.000000e+00 -0.000000e+00
    outer loop
      vertex   3.570000e+02 0.000000e+00 -2.800000e+01
      vertex   3.518000e+02 0.000000e+00 -4.300000e+01
      vertex   3.570000e+02 0.000000e+00 -5.800000e+01
    endloop
  endfacet
  facet normal 0.000000e+00 -1.000000e+00 0.000000e+00
    outer loop
      vertex   3.570000e+02 0.000000e+00 -5.800000e+01
      vertex   3.518000e+02 0.000000e+00 -4.300000e+01
      vertex   3.517699e+02 0.000000e+00 -4.384180e+01
    endloop
  endfacet
  facet normal 0.000000e+00 -1.000000e+00 0.000000e+00
    outer loop
      vertex   3.570000e+02 0.000000e+00 -5.800000e+01
      vertex   3.517699e+02 0.000000e+00 -4.384180e+01
      vertex   3.516799e+02 0.000000e+00 -4.467932e+01
    endloop
  endfacet
  facet normal -0.000000e+00 -1.000000e+00 -0.000000e+00
    outer loop
      vertex   3.569696e+02 0.000000e+00 -2.765270e+01
      vertex   3.550000e+02 0.000000e+00 -2.600000e+01
      vertex   3.570000e+02 0.000000e+00 -2.800000e+01
    endloop
  endfacet
  facet normal -0.000000e+00 -1.000000e+00 0.000000e+00
    outer loop
      vertex   3.570000e+02 0.000000e+00 -2.800000e+01
      vertex   3.550000e+02 0.000000e+00 -2.600000e+01
      vertex   3.532933e+02 0.000000e+00 -2.982103e+01
    endloop
  endfacet
  facet normal 0.000000e+00 -1.000000e+00 0.000000e+00
    outer loop
      vertex   3.570000e+02 0.000000e+00 -2.800000e+01
      vertex   3.532933e+02 0.000000e+00 -2.982103e+01
      vertex   3.534879e+02 0.000000e+00 -3.007874e+01
    endloop
  endfacet
  facet normal 0.000000e+00 -1.000000e+00 0.000000e+00
    outer loop
      vertex   3.569696e+02 0.000000e+00 -2.765270e+01
      vertex   3.568794e+02 0.000000e+00 -2.731596e+01
      vertex   3.550000e+02 0.000000e+00 -2.600000e+01
    endloop
  endfacet
  facet normal 0.000000e+00 -1.000000e+00 0.000000e+00
    outer loop
      vertex   3.550000e+02 0.000000e+00 -2.600000e+01
      vertex   3.568794e+02 0.000000e+00 -2.731596e+01
      vertex   3.567321e+02 0.000000e+00 -2.700000e+01
    endloop
  endfacet
  facet normal 0.000000e+00 -1.000000e+00 0.000000e+00
    outer loop
      vertex   3.550000e+02 0.000000e+00 -2.600000e+01
      vertex   3.567321e+02 0.000000e+00 -2.700000e+01
      vertex   3.565321e+02 0.000000e+00 -2.671442e+01
    endloop
  endfacet
  facet normal 0.000000e+00 -1.000000e+00 0.000000e+00
    outer loop
      vertex   3.565321e+02 0.000000e+00 -2.671442e+01
      vertex   3.562856e+02 0.000000e+00 -2.646791e+01
      vertex   3.550000e+02 0.000000e+00 -2.600000e+01
    endloop
  endfacet
  facet normal 0.000000e+00 -1.000000e+00 0.000000e+00
    outer loop
      vertex   3.550000e+02 0.000000e+00 -2.600000e+01
      vertex   3.562856e+02 0.000000e+00 -2.646791e+01
      vertex   3.560000e+02 0.000000e+00 -2.626795e+01
    endloop
  endfacet
  facet normal 0.000000e+00 -1.000000e+00 0.000000e+00
    outer loop
      vertex   3.550000e+02 0.000000e+00 -2.600000e+01
      vertex   3.560000e+02 0.000000e+00 -2.626795e+01
      vertex   3.556840e+02 0.000000e+00 -2.612061e+01
    endloop
  endfacet
  facet normal 0.000000e+00 -1.000000e+00 0.000000e+00
    outer loop
      vertex   3.556840e+02 0.000000e+00 -2.612061e+01
      vertex   3.553473e+02 0.000000e+00 -2.603038e+01
      vertex   3.550000e+02 0.000000e+00 -2.600000e+01
    endloop
  endfacet
  facet normal 0.000000e+00 -1.000000e+00 0.000000e+00
    outer loop
      vertex   3.250000e+02 0.000000e+00 -2.600000e+01
      vertex   3.400000e+02 0.000000e+00 -3.120000e+01
      vertex   3.550000e+02 0.000000e+00 -2.600000e+01
    endloop
  endfacet
  facet normal 0.000000e+00 -1.000000e+00 0.000000e+00
    outer loop
      vertex   3.550000e+02 0.000000e+00 -2.600000e+01
      vertex   3.400000e+02 0.000000e+00 -3.120000e+01
      vertex   3.408418e+02 0.000000e+00 -3.123007e+01
    endloop
  endfacet
  facet normal 0.000000e+00 -1.000000e+00 0.000000e+00
    outer loop
      vertex   3.550000e+02 0.000000e+00 -2.600000e+01
      vertex   3.408418e+02 0.000000e+00 -3.123007e+01
      vertex   3.416793e+02 0.000000e+00 -3.132011e+01
    endloop
  endfacet
  facet normal 0.000000e+00 -1.000000e+00 0.000000e+00
    outer loop
      vertex   3.534879e+02 0.000000e+00 -5.407874e+01
      vertex   3.515303e+02 0.000000e+00 -4.550827e+01
      vertex   3.532933e+02 0.000000e+00 -5.382103e+01
    endloop
  endfacet
  facet normal 0.000000e+00 -1.000000e+00 0.000000e+00
    outer loop
      vertex   3.532933e+02 0.000000e+00 -5.382103e+01
      vertex   3.515303e+02 0.000000e+00 -4.550827e+01
      vertex   3.513220e+02 0.000000e+00 -4.632444e+01
    endloop
  endfacet
  facet normal 0.000000e+00 -1.000000e+00 0.000000e+00
    outer loop
      vertex   3.532933e+02 0.000000e+00 -5.382103e+01
      vertex   3.513220e+02 0.000000e+00 -4.632444e+01
      vertex   3.530546e+02 0.000000e+00 -5.360347e+01
    endloop
  endfacet
  facet normal 0.000000e+00 -1.000000e+00 0.000000e+00
    outer loop
      vertex   3.530546e+02 0.000000e+00 -5.360347e+01
      vertex   3.513220e+02 0.000000e+00 -4.632444e+01
      vertex   3.510560e+02 0.000000e+00 -4.712368e+01
    endloop
  endfacet
  facet normal 0.000000e+00 -1.000000e+00 0.000000e+00
    outer loop
      vertex   3.530546e+02 0.000000e+00 -5.360347e+01
      vertex   3.510560e+02 0.000000e+00 -4.712368e+01
      vertex   3.527800e+02 0.000000e+00 -5.343346e+01
    endloop
  endfacet
  facet normal 0.000000e+00 -1.000000e+00 0.000000e+00
    outer loop
      vertex   3.527800e+02 0.000000e+00 -5.343346e+01
      vertex   3.510560e+02 0.000000e+00 -4.712368e+01
      vertex   3.507337e+02 0.000000e+00 -4.790190e+01
    endloop
  endfacet
  facet normal 0.000000e+00 -1.000000e+00 0.000000e+00
    outer loop
      vertex   3.527800e+02 0.000000e+00 -5.343346e+01
      vertex   3.507337e+02 0.000000e+00 -4.790190e+01
      vertex   3.524789e+02 0.000000e+00 -5.331681e+01
    endloop
  endfacet
  facet normal 0.000000e+00 -1.000000e+00 0.000000e+00
    outer loop
      vertex   3.524789e+02 0.000000e+00 -5.331681e+01
      vertex   3.507337e+02 0.000000e+00 -4.790190e+01
      vertex   3.503566e+02 0.000000e+00 -4.865514e+01
    endloop
  endfacet
  facet normal 0.000000e+00 -1.000000e+00 0.000000e+00
    outer loop
      vertex   3.524789e+02 0.000000e+00 -5.331681e+01
      vertex   3.503566e+02 0.000000e+00 -4.865514e+01
      vertex   3.521615e+02 0.000000e+00 -5.325747e+01
    endloop
  endfacet
  facet normal 0.000000e+00 -1.000000e+00 0.000000e+00
    outer loop
      vertex   3.521615e+02 0.000000e+00 -5.325747e+01
      vertex   3.503566e+02 0.000000e+00 -4.865514e+01
      vertex   3.499268e+02 0.000000e+00 -4.937956e+01
    endloop
  endfacet
  facet normal 0.000000e+00 -1.000000e+00 0.000000e+00
    outer loop
      vertex   3.521615e+02 0.000000e+00 -5.325747e+01
      vertex   3.499268e+02 0.000000e+00 -4.937956e+01
      vertex   3.518385e+02 0.000000e+00 -5.325747e+01
    endloop
  endfacet
  facet normal 0.000000e+00 -1.000000e+00 0.000000e+00
    outer loop
      vertex   3.518385e+02 0.000000e+00 -5.325747e+01
      vertex   3.499268e+02 0.000000e+00 -4.937956e+01
      vertex   3.494464e+02 0.000000e+00 -5.007148e+01
    endloop
  endfacet
  facet normal -0.000000e+00 -1.000000e+00 0.000000e+00
    outer loop
      vertex   3.518385e+02 0.000000e+00 -5.325747e+01
      vertex   3.494464e+02 0.000000e+00 -5.007148e+01
      vertex   3.515211e+02 0.000000e+00 -5.331681e+01
    endloop
  endfacet
  facet normal -0.000000e+00 -1.000000e+00 0.000000e+00
    outer loop
      vertex   3.515211e+02 0.000000e+00 -5.331681e+01
      vertex   3.494464e+02 0.000000e+00 -5.007148e+01
      vertex   3.512200e+02 0.000000e+00 -5.343346e+01
    endloop
  endfacet
  facet normal 0.000000e+00 -1.000000e+00 0.000000e+00
    outer loop
      vertex   3.512200e+02 0.000000e+00 -5.343346e+01
      vertex   3.494464e+02 0.000000e+00 -5.007148e+01
      vertex   3.489178e+02 0.000000e+00 -5.072736e+01
    endloop
  endfacet
  facet normal -0.000000e+00 -1.000000e+00 0.000000e+00
    outer loop
      vertex   3.512200e+02 0.000000e+00 -5.343346e+01
      vertex   3.489178e+02 0.000000e+00 -5.072736e+01
      vertex   3.509454e+02 0.000000e+00 -5.360347e+01
    endloop
  endfacet
  facet normal 0.000000e+00 -1.000000e+00 0.000000e+00
    outer loop
      vertex   3.509454e+02 0.000000e+00 -5.360347e+01
      vertex   3.489178e+02 0.000000e+00 -5.072736e+01
      vertex   3.483439e+02 0.000000e+00 -5.134386e+01
    endloop
  endfacet
  facet normal -0.000000e+00 -1.000000e+00 0.000000e+00
    outer loop
      vertex   3.509454e+02 0.000000e+00 -5.360347e+01
      vertex   3.483439e+02 0.000000e+00 -5.134386e+01
      vertex   3.507067e+02 0.000000e+00 -5.382103e+01
    endloop
  endfacet
  facet normal 0.000000e+00 -1.000000e+00 0.000000e+00
    outer loop
      vertex   3.507067e+02 0.000000e+00 -5.382103e+01
      vertex   3.483439e+02 0.000000e+00 -5.134386e+01
      vertex   3.477274e+02 0.000000e+00 -5.191784e+01
    endloop
  endfacet
  facet normal -0.000000e+00 -1.000000e+00 0.000000e+00
    outer loop
      vertex   3.507067e+02 0.000000e+00 -5.382103e+01
      vertex   3.477274e+02 0.000000e+00 -5.191784e+01
      vertex   3.505121e+02 0.000000e+00 -5.407874e+01
    endloop
  endfacet
  facet normal -0.000000e+00 -1.000000e+00 0.000000e+00
    outer loop
      vertex   3.505121e+02 0.000000e+00 -5.407874e+01
      vertex   3.477274e+02 0.000000e+00 -5.191784e+01
      vertex   3.503682e+02 0.000000e+00 -5.436783e+01
    endloop
  endfacet
  facet normal 0.000000e+00 -1.000000e+00 0.000000e+00
    outer loop
      vertex   3.503682e+02 0.000000e+00 -5.436783e+01
      vertex   3.477274e+02 0.000000e+00 -5.191784e+01
      vertex   3.470715e+02 0.000000e+00 -5.244639e+01
    endloop
  endfacet
  facet normal -0.000000e+00 -1.000000e+00 0.000000e+00
    outer loop
      vertex   3.503682e+02 0.000000e+00 -5.436783e+01
      vertex   3.470715e+02 0.000000e+00 -5.244639e+01
      vertex   3.502798e+02 0.000000e+00 -5.467844e+01
    endloop
  endfacet
  facet normal 0.000000e+00 -1.000000e+00 0.000000e+00
    outer loop
      vertex   3.502798e+02 0.000000e+00 -5.467844e+01
      vertex   3.470715e+02 0.000000e+00 -5.244639e+01
      vertex   3.463796e+02 0.000000e+00 -5.292679e+01
    endloop
  endfacet
  facet normal -0.000000e+00 -1.000000e+00 0.000000e+00
    outer loop
      vertex   3.502798e+02 0.000000e+00 -5.467844e+01
      vertex   3.463796e+02 0.000000e+00 -5.292679e+01
      vertex   3.502500e+02 0.000000e+00 -5.500000e+01
    endloop
  endfacet
  facet normal -0.000000e+00 -1.000000e+00 -0.000000e+00
    outer loop
      vertex   3.502500e+02 0.000000e+00 -5.500000e+01
      vertex   3.463796e+02 0.000000e+00 -5.292679e+01
      vertex   3.502798e+02 0.000000e+00 -5.532156e+01
    endloop
  endfacet
  facet normal 0.000000e+00 -1.000000e+00 0.000000e+00
    outer loop
      vertex   3.502798e+02 0.000000e+00 -5.532156e+01
      vertex   3.463796e+02 0.000000e+00 -5.292679e+01
      vertex   3.456551e+02 0.000000e+00 -5.335661e+01
    endloop
  endfacet
  facet normal -0.000000e+00 -1.000000e+00 -0.000000e+00
    outer loop
      vertex   3.502798e+02 0.000000e+00 -5.532156e+01
      vertex   3.456551e+02 0.000000e+00 -5.335661e+01
      vertex   3.503682e+02 0.000000e+00 -5.563217e+01
    endloop
  endfacet
  facet normal 0.000000e+00 -1.000000e+00 0.000000e+00
    outer loop
      vertex   3.503682e+02 0.000000e+00 -5.563217e+01
      vertex   3.456551e+02 0.000000e+00 -5.335661e+01
      vertex   3.449019e+02 0.000000e+00 -5.373366e+01
    endloop
  endfacet
  facet normal -0.000000e+00 -1.000000e+00 -0.000000e+00
    outer loop
      vertex   3.503682e+02 0.000000e+00 -5.563217e+01
      vertex   3.449019e+02 0.000000e+00 -5.373366e+01
      vertex   3.505121e+02 0.000000e+00 -5.592126e+01
    endloop
  endfacet
  facet normal 0.000000e+00 -1.000000e+00 0.000000e+00
    outer loop
      vertex   3.505121e+02 0.000000e+00 -5.592126e+01
      vertex   3.449019e+02 0.000000e+00 -5.373366e+01
      vertex   3.441237e+02 0.000000e+00 -5.405601e+01
    endloop
  endfacet
  facet normal -0.000000e+00 -1.000000e+00 -0.000000e+00
    outer loop
      vertex   3.505121e+02 0.000000e+00 -5.592126e+01
      vertex   3.441237e+02 0.000000e+00 -5.405601e+01
      vertex   3.507067e+02 0.000000e+00 -5.617897e+01
    endloop
  endfacet
  facet normal 0.000000e+00 -1.000000e+00 0.000000e+00
    outer loop
      vertex   3.507067e+02 0.000000e+00 -5.617897e+01
      vertex   3.441237e+02 0.000000e+00 -5.405601e+01
      vertex   3.433244e+02 0.000000e+00 -5.432202e+01
    endloop
  endfacet
  facet normal -0.000000e+00 -1.000000e+00 -0.000000e+00
    outer loop
      vertex   3.507067e+02 0.000000e+00 -5.617897e+01
      vertex   3.433244e+02 0.000000e+00 -5.432202e+01
      vertex   3.509454e+02 0.000000e+00 -5.639653e+01
    endloop
  endfacet
  facet normal 0.000000e+00 -1.000000e+00 0.000000e+00
    outer loop
      vertex   3.509454e+02 0.000000e+00 -5.639653e+01
      vertex   3.433244e+02 0.000000e+00 -5.432202e+01
      vertex   3.425083e+02 0.000000e+00 -5.453033e+01
    endloop
  endfacet
  facet normal 0.000000e+00 -1.000000e+00 0.000000e+00
    outer loop
      vertex   3.509454e+02 0.000000e+00 -5.639653e+01
      vertex   3.425083e+02 0.000000e+00 -5.453033e+01
      vertex   3.416793e+02 0.000000e+00 -5.467989e+01
    endloop
  endfacet
  facet normal 0.000000e+00 -1.000000e+00 0.000000e+00
    outer loop
      vertex   3.408418e+02 0.000000e+00 -5.476993e+01
      vertex   3.550000e+02 0.000000e+00 -6.000000e+01
      vertex   3.416793e+02 0.000000e+00 -5.467989e+01
    endloop
  endfacet
  facet normal 0.000000e+00 -1.000000e+00 0.000000e+00
    outer loop
      vertex   3.416793e+02 0.000000e+00 -5.467989e+01
      vertex   3.550000e+02 0.000000e+00 -6.000000e+01
      vertex   3.512200e+02 0.000000e+00 -5.656654e+01
    endloop
  endfacet
  facet normal 0.000000e+00 -1.000000e+00 0.000000e+00
    outer loop
      vertex   3.416793e+02 0.000000e+00 -5.467989e+01
      vertex   3.512200e+02 0.000000e+00 -5.656654e+01
      vertex   3.509454e+02 0.000000e+00 -5.639653e+01
    endloop
  endfacet
  facet normal 0.000000e+00 -1.000000e+00 -0.000000e+00
    outer loop
      vertex   3.408418e+02 0.000000e+00 -5.476993e+01
      vertex   3.400000e+02 0.000000e+00 -5.480000e+01
      vertex   3.550000e+02 0.000000e+00 -6.000000e+01
    endloop
  endfacet
  facet normal 0.000000e+00 -1.000000e+00 0.000000e+00
    outer loop
      vertex   3.290546e+02 0.000000e+00 -5.639653e+01
      vertex   3.366756e+02 0.000000e+00 -5.432202e+01
      vertex   3.292933e+02 0.000000e+00 -5.617897e+01
    endloop
  endfacet
  facet normal 0.000000e+00 -1.000000e+00 0.000000e+00
    outer loop
      vertex   3.292933e+02 0.000000e+00 -5.617897e+01
      vertex   3.366756e+02 0.000000e+00 -5.432202e+01
      vertex   3.358763e+02 0.000000e+00 -5.405601e+01
    endloop
  endfacet
  facet normal 0.000000e+00 -1.000000e+00 0.000000e+00
    outer loop
      vertex   3.292933e+02 0.000000e+00 -5.617897e+01
      vertex   3.358763e+02 0.000000e+00 -5.405601e+01
      vertex   3.294879e+02 0.000000e+00 -5.592126e+01
    endloop
  endfacet
  facet normal 0.000000e+00 -1.000000e+00 0.000000e+00
    outer loop
      vertex   3.294879e+02 0.000000e+00 -5.592126e+01
      vertex   3.358763e+02 0.000000e+00 -5.405601e+01
      vertex   3.350981e+02 0.000000e+00 -5.373366e+01
    endloop
  endfacet
  facet normal 0.000000e+00 -1.000000e+00 0.000000e+00
    outer loop
      vertex   3.294879e+02 0.000000e+00 -5.592126e+01
      vertex   3.350981e+02 0.000000e+00 -5.373366e+01
      vertex   3.296318e+02 0.000000e+00 -5.563217e+01
    endloop
  endfacet
  facet normal 0.000000e+00 -1.000000e+00 0.000000e+00
    outer loop
      vertex   3.296318e+02 0.000000e+00 -5.563217e+01
      vertex   3.350981e+02 0.000000e+00 -5.373366e+01
      vertex   3.343449e+02 0.000000e+00 -5.335661e+01
    endloop
  endfacet
  facet normal 0.000000e+00 -1.000000e+00 0.000000e+00
    outer loop
      vertex   3.296318e+02 0.000000e+00 -5.563217e+01
      vertex   3.343449e+02 0.000000e+00 -5.335661e+01
      vertex   3.297202e+02 0.000000e+00 -5.532156e+01
    endloop
  endfacet
  facet normal 0.000000e+00 -1.000000e+00 0.000000e+00
    outer loop
      vertex   3.297202e+02 0.000000e+00 -5.532156e+01
      vertex   3.343449e+02 0.000000e+00 -5.335661e+01
      vertex   3.336204e+02 0.000000e+00 -5.292679e+01
    endloop
  endfacet
  facet normal 0.000000e+00 -1.000000e+00 0.000000e+00
    outer loop
      vertex   3.297202e+02 0.000000e+00 -5.532156e+01
      vertex   3.336204e+02 0.000000e+00 -5.292679e+01
      vertex   3.297500e+02 0.000000e+00 -5.500000e+01
    endloop
  endfacet
  facet normal 0.000000e+00 -1.000000e+00 0.000000e+00
    outer loop
      vertex   3.297500e+02 0.000000e+00 -5.500000e+01
      vertex   3.336204e+02 0.000000e+00 -5.292679e+01
      vertex   3.297202e+02 0.000000e+00 -5.467844e+01
    endloop
  endfacet
  facet normal 0.000000e+00 -1.000000e+00 0.000000e+00
    outer loop
      vertex   3.297202e+02 0.000000e+00 -5.467844e+01
      vertex   3.336204e+02 0.000000e+00 -5.292679e+01
      vertex   3.329285e+02 0.000000e+00 -5.244639e+01
    endloop
  endfacet
  facet normal 0.000000e+00 -1.000000e+00 0.000000e+00
    outer loop
      vertex   3.297202e+02 0.000000e+00 -5.467844e+01
      vertex   3.329285e+02 0.000000e+00 -5.244639e+01
      vertex   3.296318e+02 0.000000e+00 -5.436783e+01
    endloop
  endfacet
  facet normal 0.000000e+00 -1.000000e+00 0.000000e+00
    outer loop
      vertex   3.296318e+02 0.000000e+00 -5.436783e+01
      vertex   3.329285e+02 0.000000e+00 -5.244639e+01
      vertex   3.322726e+02 0.000000e+00 -5.191784e+01
    endloop
  endfacet
  facet normal 0.000000e+00 -1.000000e+00 0.000000e+00
    outer loop
      vertex   3.296318e+02 0.000000e+00 -5.436783e+01
      vertex   3.322726e+02 0.000000e+00 -5.191784e+01
      vertex   3.294879e+02 0.000000e+00 -5.407874e+01
    endloop
  endfacet
  facet normal 0.000000e+00 -1.000000e+00 0.000000e+00
    outer loop
      vertex   3.294879e+02 0.000000e+00 -5.407874e+01
      vertex   3.322726e+02 0.000000e+00 -5.191784e+01
      vertex   3.292933e+02 0.000000e+00 -5.382103e+01
    endloop
  endfacet
  facet normal 0.000000e+00 -1.000000e+00 0.000000e+00
    outer loop
      vertex   3.292933e+02 0.000000e+00 -5.382103e+01
      vertex   3.322726e+02 0.000000e+00 -5.191784e+01
      vertex   3.316561e+02 0.000000e+00 -5.134386e+01
    endloop
  endfacet
  facet normal 0.000000e+00 -1.000000e+00 0.000000e+00
    outer loop
      vertex   3.292933e+02 0.000000e+00 -5.382103e+01
      vertex   3.316561e+02 0.000000e+00 -5.134386e+01
      vertex   3.290546e+02 0.000000e+00 -5.360347e+01
    endloop
  endfacet
  facet normal 0.000000e+00 -1.000000e+00 0.000000e+00
    outer loop
      vertex   3.290546e+02 0.000000e+00 -5.360347e+01
      vertex   3.316561e+02 0.000000e+00 -5.134386e+01
      vertex   3.310822e+02 0.000000e+00 -5.072736e+01
    endloop
  endfacet
  facet normal 0.000000e+00 -1.000000e+00 0.000000e+00
    outer loop
      vertex   3.290546e+02 0.000000e+00 -5.360347e+01
      vertex   3.310822e+02 0.000000e+00 -5.072736e+01
      vertex   3.287800e+02 0.000000e+00 -5.343346e+01
    endloop
  endfacet
  facet normal 0.000000e+00 -1.000000e+00 0.000000e+00
    outer loop
      vertex   3.287800e+02 0.000000e+00 -5.343346e+01
      vertex   3.310822e+02 0.000000e+00 -5.072736e+01
      vertex   3.305536e+02 0.000000e+00 -5.007148e+01
    endloop
  endfacet
  facet normal 0.000000e+00 -1.000000e+00 0.000000e+00
    outer loop
      vertex   3.287800e+02 0.000000e+00 -5.343346e+01
      vertex   3.305536e+02 0.000000e+00 -5.007148e+01
      vertex   3.284789e+02 0.000000e+00 -5.331681e+01
    endloop
  endfacet
  facet normal 0.000000e+00 -1.000000e+00 0.000000e+00
    outer loop
      vertex   3.284789e+02 0.000000e+00 -5.331681e+01
      vertex   3.305536e+02 0.000000e+00 -5.007148e+01
      vertex   3.281615e+02 0.000000e+00 -5.325747e+01
    endloop
  endfacet
  facet normal 0.000000e+00 -1.000000e+00 0.000000e+00
    outer loop
      vertex   3.281615e+02 0.000000e+00 -5.325747e+01
      vertex   3.305536e+02 0.000000e+00 -5.007148e+01
      vertex   3.300732e+02 0.000000e+00 -4.937956e+01
    endloop
  endfacet
  facet normal 0.000000e+00 -1.000000e+00 0.000000e+00
    outer loop
      vertex   3.281615e+02 0.000000e+00 -5.325747e+01
      vertex   3.300732e+02 0.000000e+00 -4.937956e+01
      vertex   3.278385e+02 0.000000e+00 -5.325747e+01
    endloop
  endfacet
  facet normal 0.000000e+00 -1.000000e+00 0.000000e+00
    outer loop
      vertex   3.278385e+02 0.000000e+00 -5.325747e+01
      vertex   3.300732e+02 0.000000e+00 -4.937956e+01
      vertex   3.296434e+02 0.000000e+00 -4.865514e+01
    endloop
  endfacet
  facet normal -0.000000e+00 -1.000000e+00 0.000000e+00
    outer loop
      vertex   3.278385e+02 0.000000e+00 -5.325747e+01
      vertex   3.296434e+02 0.000000e+00 -4.865514e+01
      vertex   3.275211e+02 0.000000e+00 -5.331681e+01
    endloop
  endfacet
  facet normal 0.000000e+00 -1.000000e+00 0.000000e+00
    outer loop
      vertex   3.275211e+02 0.000000e+00 -5.331681e+01
      vertex   3.296434e+02 0.000000e+00 -4.865514e+01
      vertex   3.292663e+02 0.000000e+00 -4.790190e+01
    endloop
  endfacet
  facet normal -0.000000e+00 -1.000000e+00 0.000000e+00
    outer loop
      vertex   3.275211e+02 0.000000e+00 -5.331681e+01
      vertex   3.292663e+02 0.000000e+00 -4.790190e+01
      vertex   3.272200e+02 0.000000e+00 -5.343346e+01
    endloop
  endfacet
  facet normal 0.000000e+00 -1.000000e+00 0.000000e+00
    outer loop
      vertex   3.272200e+02 0.000000e+00 -5.343346e+01
      vertex   3.292663e+02 0.000000e+00 -4.790190e+01
      vertex   3.289440e+02 0.000000e+00 -4.712368e+01
    endloop
  endfacet
  facet normal -0.000000e+00 -1.000000e+00 0.000000e+00
    outer loop
      vertex   3.272200e+02 0.000000e+00 -5.343346e+01
      vertex   3.289440e+02 0.000000e+00 -4.712368e+01
      vertex   3.269454e+02 0.000000e+00 -5.360347e+01
    endloop
  endfacet
  facet normal 0.000000e+00 -1.000000e+00 0.000000e+00
    outer loop
      vertex   3.269454e+02 0.000000e+00 -5.360347e+01
      vertex   3.289440e+02 0.000000e+00 -4.712368e+01
      vertex   3.286780e+02 0.000000e+00 -4.632444e+01
    endloop
  endfacet
  facet normal -0.000000e+00 -1.000000e+00 0.000000e+00
    outer loop
      vertex   3.269454e+02 0.000000e+00 -5.360347e+01
      vertex   3.286780e+02 0.000000e+00 -4.632444e+01
      vertex   3.267067e+02 0.000000e+00 -5.382103e+01
    endloop
  endfacet
  facet normal 0.000000e+00 -1.000000e+00 0.000000e+00
    outer loop
      vertex   3.267067e+02 0.000000e+00 -5.382103e+01
      vertex   3.286780e+02 0.000000e+00 -4.632444e+01
      vertex   3.284697e+02 0.000000e+00 -4.550827e+01
    endloop
  endfacet
  facet normal -0.000000e+00 -1.000000e+00 0.000000e+00
    outer loop
      vertex   3.267067e+02 0.000000e+00 -5.382103e+01
      vertex   3.284697e+02 0.000000e+00 -4.550827e+01
      vertex   3.265121e+02 0.000000e+00 -5.407874e+01
    endloop
  endfacet
  facet normal 0.000000e+00 -1.000000e+00 0.000000e+00
    outer loop
      vertex   3.265121e+02 0.000000e+00 -5.407874e+01
      vertex   3.284697e+02 0.000000e+00 -4.550827e+01
      vertex   3.283201e+02 0.000000e+00 -4.467932e+01
    endloop
  endfacet
  facet normal -0.000000e+00 -1.000000e+00 0.000000e+00
    outer loop
      vertex   3.265121e+02 0.000000e+00 -5.407874e+01
      vertex   3.283201e+02 0.000000e+00 -4.467932e+01
      vertex   3.230000e+02 0.000000e+00 -5.800000e+01
    endloop
  endfacet
  facet normal 0.000000e+00 -1.000000e+00 0.000000e+00
    outer loop
      vertex   3.230000e+02 0.000000e+00 -5.800000e+01
      vertex   3.283201e+02 0.000000e+00 -4.467932e+01
      vertex   3.282301e+02 0.000000e+00 -4.384180e+01
    endloop
  endfacet
  facet normal 0.000000e+00 -1.000000e+00 0.000000e+00
    outer loop
      vertex   3.230000e+02 0.000000e+00 -5.800000e+01
      vertex   3.282301e+02 0.000000e+00 -4.384180e+01
      vertex   3.282000e+02 0.000000e+00 -4.300000e+01
    endloop
  endfacet
  facet normal 0.000000e+00 -1.000000e+00 0.000000e+00
    outer loop
      vertex   3.265121e+02 0.000000e+00 -3.192126e+01
      vertex   3.284697e+02 0.000000e+00 -4.049173e+01
      vertex   3.267067e+02 0.000000e+00 -3.217897e+01
    endloop
  endfacet
  facet normal 0.000000e+00 -1.000000e+00 0.000000e+00
    outer loop
      vertex   3.267067e+02 0.000000e+00 -3.217897e+01
      vertex   3.284697e+02 0.000000e+00 -4.049173e+01
      vertex   3.286780e+02 0.000000e+00 -3.967556e+01
    endloop
  endfacet
  facet normal 0.000000e+00 -1.000000e+00 0.000000e+00
    outer loop
      vertex   3.267067e+02 0.000000e+00 -3.217897e+01
      vertex   3.286780e+02 0.000000e+00 -3.967556e+01
      vertex   3.269454e+02 0.000000e+00 -3.239653e+01
    endloop
  endfacet
  facet normal 0.000000e+00 -1.000000e+00 0.000000e+00
    outer loop
      vertex   3.269454e+02 0.000000e+00 -3.239653e+01
      vertex   3.286780e+02 0.000000e+00 -3.967556e+01
      vertex   3.289440e+02 0.000000e+00 -3.887632e+01
    endloop
  endfacet
  facet normal 0.000000e+00 -1.000000e+00 0.000000e+00
    outer loop
      vertex   3.269454e+02 0.000000e+00 -3.239653e+01
      vertex   3.289440e+02 0.000000e+00 -3.887632e+01
      vertex   3.272200e+02 0.000000e+00 -3.256654e+01
    endloop
  endfacet
  facet normal 0.000000e+00 -1.000000e+00 0.000000e+00
    outer loop
      vertex   3.272200e+02 0.000000e+00 -3.256654e+01
      vertex   3.289440e+02 0.000000e+00 -3.887632e+01
      vertex   3.292663e+02 0.000000e+00 -3.809810e+01
    endloop
  endfacet
  facet normal 0.000000e+00 -1.000000e+00 0.000000e+00
    outer loop
      vertex   3.272200e+02 0.000000e+00 -3.256654e+01
      vertex   3.292663e+02 0.000000e+00 -3.809810e+01
      vertex   3.275211e+02 0.000000e+00 -3.268319e+01
    endloop
  endfacet
  facet normal 0.000000e+00 -1.000000e+00 0.000000e+00
    outer loop
      vertex   3.275211e+02 0.000000e+00 -3.268319e+01
      vertex   3.292663e+02 0.000000e+00 -3.809810e+01
      vertex   3.296434e+02 0.000000e+00 -3.734486e+01
    endloop
  endfacet
  facet normal 0.000000e+00 -1.000000e+00 0.000000e+00
    outer loop
      vertex   3.275211e+02 0.000000e+00 -3.268319e+01
      vertex   3.296434e+02 0.000000e+00 -3.734486e+01
      vertex   3.278385e+02 0.000000e+00 -3.274253e+01
    endloop
  endfacet
  facet normal 0.000000e+00 -1.000000e+00 0.000000e+00
    outer loop
      vertex   3.278385e+02 0.000000e+00 -3.274253e+01
      vertex   3.296434e+02 0.000000e+00 -3.734486e+01
      vertex   3.300732e+02 0.000000e+00 -3.662044e+01
    endloop
  endfacet
  facet normal 0.000000e+00 -1.000000e+00 0.000000e+00
    outer loop
      vertex   3.278385e+02 0.000000e+00 -3.274253e+01
      vertex   3.300732e+02 0.000000e+00 -3.662044e+01
      vertex   3.281615e+02 0.000000e+00 -3.274253e+01
    endloop
  endfacet
  facet normal 0.000000e+00 -1.000000e+00 0.000000e+00
    outer loop
      vertex   3.281615e+02 0.000000e+00 -3.274253e+01
      vertex   3.300732e+02 0.000000e+00 -3.662044e+01
      vertex   3.305536e+02 0.000000e+00 -3.592852e+01
    endloop
  endfacet
  facet normal 0.000000e+00 -1.000000e+00 0.000000e+00
    outer loop
      vertex   3.281615e+02 0.000000e+00 -3.274253e+01
      vertex   3.305536e+02 0.000000e+00 -3.592852e+01
      vertex   3.284789e+02 0.000000e+00 -3.268319e+01
    endloop
  endfacet
  facet normal 0.000000e+00 -1.000000e+00 0.000000e+00
    outer loop
      vertex   3.284789e+02 0.000000e+00 -3.268319e+01
      vertex   3.305536e+02 0.000000e+00 -3.592852e+01
      vertex   3.287800e+02 0.000000e+00 -3.256654e+01
    endloop
  endfacet
  facet normal 0.000000e+00 -1.000000e+00 0.000000e+00
    outer loop
      vertex   3.287800e+02 0.000000e+00 -3.256654e+01
      vertex   3.305536e+02 0.000000e+00 -3.592852e+01
      vertex   3.310822e+02 0.000000e+00 -3.527264e+01
    endloop
  endfacet
  facet normal 0.000000e+00 -1.000000e+00 0.000000e+00
    outer loop
      vertex   3.287800e+02 0.000000e+00 -3.256654e+01
      vertex   3.310822e+02 0.000000e+00 -3.527264e+01
      vertex   3.290546e+02 0.000000e+00 -3.239653e+01
    endloop
  endfacet
  facet normal 0.000000e+00 -1.000000e+00 0.000000e+00
    outer loop
      vertex   3.290546e+02 0.000000e+00 -3.239653e+01
      vertex   3.310822e+02 0.000000e+00 -3.527264e+01
      vertex   3.316561e+02 0.000000e+00 -3.465614e+01
    endloop
  endfacet
  facet normal 0.000000e+00 -1.000000e+00 0.000000e+00
    outer loop
      vertex   3.290546e+02 0.000000e+00 -3.239653e+01
      vertex   3.316561e+02 0.000000e+00 -3.465614e+01
      vertex   3.292933e+02 0.000000e+00 -3.217897e+01
    endloop
  endfacet
  facet normal 0.000000e+00 -1.000000e+00 0.000000e+00
    outer loop
      vertex   3.292933e+02 0.000000e+00 -3.217897e+01
      vertex   3.316561e+02 0.000000e+00 -3.465614e+01
      vertex   3.322726e+02 0.000000e+00 -3.408216e+01
    endloop
  endfacet
  facet normal 0.000000e+00 -1.000000e+00 0.000000e+00
    outer loop
      vertex   3.292933e+02 0.000000e+00 -3.217897e+01
      vertex   3.322726e+02 0.000000e+00 -3.408216e+01
      vertex   3.294879e+02 0.000000e+00 -3.192126e+01
    endloop
  endfacet
  facet normal 0.000000e+00 -1.000000e+00 0.000000e+00
    outer loop
      vertex   3.294879e+02 0.000000e+00 -3.192126e+01
      vertex   3.322726e+02 0.000000e+00 -3.408216e+01
      vertex   3.296318e+02 0.000000e+00 -3.163217e+01
    endloop
  endfacet
  facet normal 0.000000e+00 -1.000000e+00 0.000000e+00
    outer loop
      vertex   3.296318e+02 0.000000e+00 -3.163217e+01
      vertex   3.322726e+02 0.000000e+00 -3.408216e+01
      vertex   3.329285e+02 0.000000e+00 -3.355361e+01
    endloop
  endfacet
  facet normal 0.000000e+00 -1.000000e+00 0.000000e+00
    outer loop
      vertex   3.296318e+02 0.000000e+00 -3.163217e+01
      vertex   3.329285e+02 0.000000e+00 -3.355361e+01
      vertex   3.297202e+02 0.000000e+00 -3.132156e+01
    endloop
  endfacet
  facet normal 0.000000e+00 -1.000000e+00 0.000000e+00
    outer loop
      vertex   3.297202e+02 0.000000e+00 -3.132156e+01
      vertex   3.329285e+02 0.000000e+00 -3.355361e+01
      vertex   3.336204e+02 0.000000e+00 -3.307321e+01
    endloop
  endfacet
  facet normal 0.000000e+00 -1.000000e+00 0.000000e+00
    outer loop
      vertex   3.297202e+02 0.000000e+00 -3.132156e+01
      vertex   3.336204e+02 0.000000e+00 -3.307321e+01
      vertex   3.297500e+02 0.000000e+00 -3.100000e+01
    endloop
  endfacet
  facet normal 0.000000e+00 -1.000000e+00 0.000000e+00
    outer loop
      vertex   3.297500e+02 0.000000e+00 -3.100000e+01
      vertex   3.336204e+02 0.000000e+00 -3.307321e+01
      vertex   3.297202e+02 0.000000e+00 -3.067844e+01
    endloop
  endfacet
  facet normal 0.000000e+00 -1.000000e+00 0.000000e+00
    outer loop
      vertex   3.297202e+02 0.000000e+00 -3.067844e+01
      vertex   3.336204e+02 0.000000e+00 -3.307321e+01
      vertex   3.343449e+02 0.000000e+00 -3.264339e+01
    endloop
  endfacet
  facet normal 0.000000e+00 -1.000000e+00 0.000000e+00
    outer loop
      vertex   3.297202e+02 0.000000e+00 -3.067844e+01
      vertex   3.343449e+02 0.000000e+00 -3.264339e+01
      vertex   3.296318e+02 0.000000e+00 -3.036783e+01
    endloop
  endfacet
  facet normal 0.000000e+00 -1.000000e+00 0.000000e+00
    outer loop
      vertex   3.296318e+02 0.000000e+00 -3.036783e+01
      vertex   3.343449e+02 0.000000e+00 -3.264339e+01
      vertex   3.350981e+02 0.000000e+00 -3.226634e+01
    endloop
  endfacet
  facet normal 0.000000e+00 -1.000000e+00 0.000000e+00
    outer loop
      vertex   3.296318e+02 0.000000e+00 -3.036783e+01
      vertex   3.350981e+02 0.000000e+00 -3.226634e+01
      vertex   3.294879e+02 0.000000e+00 -3.007874e+01
    endloop
  endfacet
  facet normal 0.000000e+00 -1.000000e+00 0.000000e+00
    outer loop
      vertex   3.294879e+02 0.000000e+00 -3.007874e+01
      vertex   3.350981e+02 0.000000e+00 -3.226634e+01
      vertex   3.358763e+02 0.000000e+00 -3.194399e+01
    endloop
  endfacet
  facet normal 0.000000e+00 -1.000000e+00 0.000000e+00
    outer loop
      vertex   3.294879e+02 0.000000e+00 -3.007874e+01
      vertex   3.358763e+02 0.000000e+00 -3.194399e+01
      vertex   3.292933e+02 0.000000e+00 -2.982103e+01
    endloop
  endfacet
  facet normal 0.000000e+00 -1.000000e+00 0.000000e+00
    outer loop
      vertex   3.292933e+02 0.000000e+00 -2.982103e+01
      vertex   3.358763e+02 0.000000e+00 -3.194399e+01
      vertex   3.366756e+02 0.000000e+00 -3.167798e+01
    endloop
  endfacet
  facet normal 0.000000e+00 -1.000000e+00 0.000000e+00
    outer loop
      vertex   3.292933e+02 0.000000e+00 -2.982103e+01
      vertex   3.366756e+02 0.000000e+00 -3.167798e+01
      vertex   3.290546e+02 0.000000e+00 -2.960347e+01
    endloop
  endfacet
  facet normal 0.000000e+00 -1.000000e+00 0.000000e+00
    outer loop
      vertex   3.290546e+02 0.000000e+00 -2.960347e+01
      vertex   3.366756e+02 0.000000e+00 -3.167798e+01
      vertex   3.374917e+02 0.000000e+00 -3.146967e+01
    endloop
  endfacet
  facet normal 0.000000e+00 -1.000000e+00 0.000000e+00
    outer loop
      vertex   3.290546e+02 0.000000e+00 -2.960347e+01
      vertex   3.374917e+02 0.000000e+00 -3.146967e+01
      vertex   3.383207e+02 0.000000e+00 -3.132011e+01
    endloop
  endfacet
  facet normal -0.000000e+00 -1.000000e+00 0.000000e+00
    outer loop
      vertex   3.391582e+02 0.000000e+00 -3.123007e+01
      vertex   3.250000e+02 0.000000e+00 -2.600000e+01
      vertex   3.383207e+02 0.000000e+00 -3.132011e+01
    endloop
  endfacet
  facet normal 0.000000e+00 -1.000000e+00 0.000000e+00
    outer loop
      vertex   3.383207e+02 0.000000e+00 -3.132011e+01
      vertex   3.250000e+02 0.000000e+00 -2.600000e+01
      vertex   3.287800e+02 0.000000e+00 -2.943346e+01
    endloop
  endfacet
  facet normal 0.000000e+00 -1.000000e+00 0.000000e+00
    outer loop
      vertex   3.383207e+02 0.000000e+00 -3.132011e+01
      vertex   3.287800e+02 0.000000e+00 -2.943346e+01
      vertex   3.290546e+02 0.000000e+00 -2.960347e+01
    endloop
  endfacet
  facet normal 0.000000e+00 -1.000000e+00 0.000000e+00
    outer loop
      vertex   3.391582e+02 0.000000e+00 -3.123007e+01
      vertex   3.400000e+02 0.000000e+00 -3.120000e+01
      vertex   3.250000e+02 0.000000e+00 -2.600000e+01
    endloop
  endfacet
  facet normal 0.000000e+00 -1.000000e+00 0.000000e+00
    outer loop
      vertex   3.425083e+02 0.000000e+00 -3.146967e+01
      vertex   3.509454e+02 0.000000e+00 -2.960347e+01
      vertex   3.416793e+02 0.000000e+00 -3.132011e+01
    endloop
  endfacet
  facet normal 0.000000e+00 -1.000000e+00 0.000000e+00
    outer loop
      vertex   3.416793e+02 0.000000e+00 -3.132011e+01
      vertex   3.509454e+02 0.000000e+00 -2.960347e+01
      vertex   3.512200e+02 0.000000e+00 -2.943346e+01
    endloop
  endfacet
  facet normal 0.000000e+00 -1.000000e+00 0.000000e+00
    outer loop
      vertex   3.416793e+02 0.000000e+00 -3.132011e+01
      vertex   3.512200e+02 0.000000e+00 -2.943346e+01
      vertex   3.550000e+02 0.000000e+00 -2.600000e+01
    endloop
  endfacet
  facet normal 0.000000e+00 -1.000000e+00 0.000000e+00
    outer loop
      vertex   3.550000e+02 0.000000e+00 -2.600000e+01
      vertex   3.512200e+02 0.000000e+00 -2.943346e+01
      vertex   3.515211e+02 0.000000e+00 -2.931681e+01
    endloop
  endfacet
  facet normal 0.000000e+00 -1.000000e+00 0.000000e+00
    outer loop
      vertex   3.550000e+02 0.000000e+00 -2.600000e+01
      vertex   3.515211e+02 0.000000e+00 -2.931681e+01
      vertex   3.518385e+02 0.000000e+00 -2.925747e+01
    endloop
  endfacet
  facet normal 0.000000e+00 -1.000000e+00 0.000000e+00
    outer loop
      vertex   3.425083e+02 0.000000e+00 -3.146967e+01
      vertex   3.433244e+02 0.000000e+00 -3.167798e+01
      vertex   3.509454e+02 0.000000e+00 -2.960347e+01
    endloop
  endfacet
  facet normal 0.000000e+00 -1.000000e+00 0.000000e+00
    outer loop
      vertex   3.509454e+02 0.000000e+00 -2.960347e+01
      vertex   3.433244e+02 0.000000e+00 -3.167798e+01
      vertex   3.507067e+02 0.000000e+00 -2.982103e+01
    endloop
  endfacet
  facet normal 0.000000e+00 -1.000000e+00 0.000000e+00
    outer loop
      vertex   3.507067e+02 0.000000e+00 -2.982103e+01
      vertex   3.433244e+02 0.000000e+00 -3.167798e+01
      vertex   3.441237e+02 0.000000e+00 -3.194399e+01
    endloop
  endfacet
  facet normal 0.000000e+00 -1.000000e+00 0.000000e+00
    outer loop
      vertex   3.507067e+02 0.000000e+00 -2.982103e+01
      vertex   3.441237e+02 0.000000e+00 -3.194399e+01
      vertex   3.505121e+02 0.000000e+00 -3.007874e+01
    endloop
  endfacet
  facet normal 0.000000e+00 -1.000000e+00 0.000000e+00
    outer loop
      vertex   3.505121e+02 0.000000e+00 -3.007874e+01
      vertex   3.441237e+02 0.000000e+00 -3.194399e+01
      vertex   3.449019e+02 0.000000e+00 -3.226634e+01
    endloop
  endfacet
  facet normal 0.000000e+00 -1.000000e+00 0.000000e+00
    outer loop
      vertex   3.505121e+02 0.000000e+00 -3.007874e+01
      vertex   3.449019e+02 0.000000e+00 -3.226634e+01
      vertex   3.503682e+02 0.000000e+00 -3.036783e+01
    endloop
  endfacet
  facet normal 0.000000e+00 -1.000000e+00 0.000000e+00
    outer loop
      vertex   3.503682e+02 0.000000e+00 -3.036783e+01
      vertex   3.449019e+02 0.000000e+00 -3.226634e+01
      vertex   3.456551e+02 0.000000e+00 -3.264339e+01
    endloop
  endfacet
  facet normal 0.000000e+00 -1.000000e+00 0.000000e+00
    outer loop
      vertex   3.503682e+02 0.000000e+00 -3.036783e+01
      vertex   3.456551e+02 0.000000e+00 -3.264339e+01
      vertex   3.502798e+02 0.000000e+00 -3.067844e+01
    endloop
  endfacet
  facet normal 0.000000e+00 -1.000000e+00 0.000000e+00
    outer loop
      vertex   3.502798e+02 0.000000e+00 -3.067844e+01
      vertex   3.456551e+02 0.000000e+00 -3.264339e+01
      vertex   3.463796e+02 0.000000e+00 -3.307321e+01
    endloop
  endfacet
  facet normal 0.000000e+00 -1.000000e+00 0.000000e+00
    outer loop
      vertex   3.502798e+02 0.000000e+00 -3.067844e+01
      vertex   3.463796e+02 0.000000e+00 -3.307321e+01
      vertex   3.502500e+02 0.000000e+00 -3.100000e+01
    endloop
  endfacet
  facet normal 0.000000e+00 -1.000000e+00 -0.000000e+00
    outer loop
      vertex   3.502500e+02 0.000000e+00 -3.100000e+01
      vertex   3.463796e+02 0.000000e+00 -3.307321e+01
      vertex   3.502798e+02 0.000000e+00 -3.132156e+01
    endloop
  endfacet
  facet normal 0.000000e+00 -1.000000e+00 0.000000e+00
    outer loop
      vertex   3.502798e+02 0.000000e+00 -3.132156e+01
      vertex   3.463796e+02 0.000000e+00 -3.307321e+01
      vertex   3.470715e+02 0.000000e+00 -3.355361e+01
    endloop
  endfacet
  facet normal 0.000000e+00 -1.000000e+00 -0.000000e+00
    outer loop
      vertex   3.502798e+02 0.000000e+00 -3.132156e+01
      vertex   3.470715e+02 0.000000e+00 -3.355361e+01
      vertex   3.503682e+02 0.000000e+00 -3.163217e+01
    endloop
  endfacet
  facet normal 0.000000e+00 -1.000000e+00 0.000000e+00
    outer loop
      vertex   3.503682e+02 0.000000e+00 -3.163217e+01
      vertex   3.470715e+02 0.000000e+00 -3.355361e+01
      vertex   3.477274e+02 0.000000e+00 -3.408216e+01
    endloop
  endfacet
  facet normal 0.000000e+00 -1.000000e+00 -0.000000e+00
    outer loop
      vertex   3.503682e+02 0.000000e+00 -3.163217e+01
      vertex   3.477274e+02 0.000000e+00 -3.408216e+01
      vertex   3.505121e+02 0.000000e+00 -3.192126e+01
    endloop
  endfacet
  facet normal 0.000000e+00 -1.000000e+00 -0.000000e+00
    outer loop
      vertex   3.505121e+02 0.000000e+00 -3.192126e+01
      vertex   3.477274e+02 0.000000e+00 -3.408216e+01
      vertex   3.507067e+02 0.000000e+00 -3.217897e+01
    endloop
  endfacet
  facet normal 0.000000e+00 -1.000000e+00 0.000000e+00
    outer loop
      vertex   3.507067e+02 0.000000e+00 -3.217897e+01
      vertex   3.477274e+02 0.000000e+00 -3.408216e+01
      vertex   3.483439e+02 0.000000e+00 -3.465614e+01
    endloop
  endfacet
  facet normal 0.000000e+00 -1.000000e+00 -0.000000e+00
    outer loop
      vertex   3.507067e+02 0.000000e+00 -3.217897e+01
      vertex   3.483439e+02 0.000000e+00 -3.465614e+01
      vertex   3.509454e+02 0.000000e+00 -3.239653e+01
    endloop
  endfacet
  facet normal 0.000000e+00 -1.000000e+00 0.000000e+00
    outer loop
      vertex   3.509454e+02 0.000000e+00 -3.239653e+01
      vertex   3.483439e+02 0.000000e+00 -3.465614e+01
      vertex   3.489178e+02 0.000000e+00 -3.527264e+01
    endloop
  endfacet
  facet normal 0.000000e+00 -1.000000e+00 -0.000000e+00
    outer loop
      vertex   3.509454e+02 0.000000e+00 -3.239653e+01
      vertex   3.489178e+02 0.000000e+00 -3.527264e+01
      vertex   3.512200e+02 0.000000e+00 -3.256654e+01
    endloop
  endfacet
  facet normal 0.000000e+00 -1.000000e+00 0.000000e+00
    outer loop
      vertex   3.512200e+02 0.000000e+00 -3.256654e+01
      vertex   3.489178e+02 0.000000e+00 -3.527264e+01
      vertex   3.494464e+02 0.000000e+00 -3.592852e+01
    endloop
  endfacet
  facet normal 0.000000e+00 -1.000000e+00 -0.000000e+00
    outer loop
      vertex   3.512200e+02 0.000000e+00 -3.256654e+01
      vertex   3.494464e+02 0.000000e+00 -3.592852e+01
      vertex   3.515211e+02 0.000000e+00 -3.268319e+01
    endloop
  endfacet
  facet normal 0.000000e+00 -1.000000e+00 -0.000000e+00
    outer loop
      vertex   3.515211e+02 0.000000e+00 -3.268319e+01
      vertex   3.494464e+02 0.000000e+00 -3.592852e+01
      vertex   3.518385e+02 0.000000e+00 -3.274253e+01
    endloop
  endfacet
  facet normal 0.000000e+00 -1.000000e+00 0.000000e+00
    outer loop
      vertex   3.518385e+02 0.000000e+00 -3.274253e+01
      vertex   3.494464e+02 0.000000e+00 -3.592852e+01
      vertex   3.499268e+02 0.000000e+00 -3.662044e+01
    endloop
  endfacet
  facet normal 0.000000e+00 -1.000000e+00 -0.000000e+00
    outer loop
      vertex   3.518385e+02 0.000000e+00 -3.274253e+01
      vertex   3.499268e+02 0.000000e+00 -3.662044e+01
      vertex   3.521615e+02 0.000000e+00 -3.274253e+01
    endloop
  endfacet
  facet normal 0.000000e+00 -1.000000e+00 0.000000e+00
    outer loop
      vertex   3.521615e+02 0.000000e+00 -3.274253e+01
      vertex   3.499268e+02 0.000000e+00 -3.662044e+01
      vertex   3.503566e+02 0.000000e+00 -3.734486e+01
    endloop
  endfacet
  facet normal 0.000000e+00 -1.000000e+00 -0.000000e+00
    outer loop
      vertex   3.521615e+02 0.000000e+00 -3.274253e+01
      vertex   3.503566e+02 0.000000e+00 -3.734486e+01
      vertex   3.524789e+02 0.000000e+00 -3.268319e+01
    endloop
  endfacet
  facet normal 0.000000e+00 -1.000000e+00 0.000000e+00
    outer loop
      vertex   3.524789e+02 0.000000e+00 -3.268319e+01
      vertex   3.503566e+02 0.000000e+00 -3.734486e+01
      vertex   3.507337e+02 0.000000e+00 -3.809810e+01
    endloop
  endfacet
  facet normal 0.000000e+00 -1.000000e+00 -0.000000e+00
    outer loop
      vertex   3.524789e+02 0.000000e+00 -3.268319e+01
      vertex   3.507337e+02 0.000000e+00 -3.809810e+01
      vertex   3.527800e+02 0.000000e+00 -3.256654e+01
    endloop
  endfacet
  facet normal 0.000000e+00 -1.000000e+00 0.000000e+00
    outer loop
      vertex   3.527800e+02 0.000000e+00 -3.256654e+01
      vertex   3.507337e+02 0.000000e+00 -3.809810e+01
      vertex   3.510560e+02 0.000000e+00 -3.887632e+01
    endloop
  endfacet
  facet normal 0.000000e+00 -1.000000e+00 -0.000000e+00
    outer loop
      vertex   3.527800e+02 0.000000e+00 -3.256654e+01
      vertex   3.510560e+02 0.000000e+00 -3.887632e+01
      vertex   3.530546e+02 0.000000e+00 -3.239653e+01
    endloop
  endfacet
  facet normal 0.000000e+00 -1.000000e+00 0.000000e+00
    outer loop
      vertex   3.530546e+02 0.000000e+00 -3.239653e+01
      vertex   3.510560e+02 0.000000e+00 -3.887632e+01
      vertex   3.513220e+02 0.000000e+00 -3.967556e+01
    endloop
  endfacet
  facet normal 0.000000e+00 -1.000000e+00 -0.000000e+00
    outer loop
      vertex   3.530546e+02 0.000000e+00 -3.239653e+01
      vertex   3.513220e+02 0.000000e+00 -3.967556e+01
      vertex   3.532933e+02 0.000000e+00 -3.217897e+01
    endloop
  endfacet
  facet normal 0.000000e+00 -1.000000e+00 0.000000e+00
    outer loop
      vertex   3.532933e+02 0.000000e+00 -3.217897e+01
      vertex   3.513220e+02 0.000000e+00 -3.967556e+01
      vertex   3.515303e+02 0.000000e+00 -4.049173e+01
    endloop
  endfacet
  facet normal 0.000000e+00 -1.000000e+00 -0.000000e+00
    outer loop
      vertex   3.532933e+02 0.000000e+00 -3.217897e+01
      vertex   3.515303e+02 0.000000e+00 -4.049173e+01
      vertex   3.534879e+02 0.000000e+00 -3.192126e+01
    endloop
  endfacet
  facet normal 0.000000e+00 -1.000000e+00 0.000000e+00
    outer loop
      vertex   3.534879e+02 0.000000e+00 -3.192126e+01
      vertex   3.515303e+02 0.000000e+00 -4.049173e+01
      vertex   3.516799e+02 0.000000e+00 -4.132068e+01
    endloop
  endfacet
  facet normal 0.000000e+00 -1.000000e+00 -0.000000e+00
    outer loop
      vertex   3.534879e+02 0.000000e+00 -3.192126e+01
      vertex   3.516799e+02 0.000000e+00 -4.132068e+01
      vertex   3.570000e+02 0.000000e+00 -2.800000e+01
    endloop
  endfacet
  facet normal 0.000000e+00 -1.000000e+00 0.000000e+00
    outer loop
      vertex   3.570000e+02 0.000000e+00 -2.800000e+01
      vertex   3.516799e+02 0.000000e+00 -4.132068e+01
      vertex   3.517699e+02 0.000000e+00 -4.215820e+01
    endloop
  endfacet
  facet normal 0.000000e+00 -1.000000e+00 0.000000e+00
    outer loop
      vertex   3.570000e+02 0.000000e+00 -2.800000e+01
      vertex   3.517699e+02 0.000000e+00 -4.215820e+01
      vertex   3.518000e+02 0.000000e+00 -4.300000e+01
    endloop
  endfacet
  facet normal 0.000000e+00 -1.000000e+00 -0.000000e+00
    outer loop
      vertex   3.527800e+02 0.000000e+00 -5.656654e+01
      vertex   3.524789e+02 0.000000e+00 -5.668319e+01
      vertex   3.550000e+02 0.000000e+00 -6.000000e+01
    endloop
  endfacet
  facet normal 0.000000e+00 -1.000000e+00 0.000000e+00
    outer loop
      vertex   3.550000e+02 0.000000e+00 -6.000000e+01
      vertex   3.524789e+02 0.000000e+00 -5.668319e+01
      vertex   3.521615e+02 0.000000e+00 -5.674253e+01
    endloop
  endfacet
  facet normal 0.000000e+00 -1.000000e+00 0.000000e+00
    outer loop
      vertex   3.550000e+02 0.000000e+00 -6.000000e+01
      vertex   3.521615e+02 0.000000e+00 -5.674253e+01
      vertex   3.518385e+02 0.000000e+00 -5.674253e+01
    endloop
  endfacet
  facet normal -0.000000e+00 -1.000000e+00 -0.000000e+00
    outer loop
      vertex   3.518385e+02 0.000000e+00 -5.674253e+01
      vertex   3.515211e+02 0.000000e+00 -5.668319e+01
      vertex   3.550000e+02 0.000000e+00 -6.000000e+01
    endloop
  endfacet
  facet normal 0.000000e+00 -1.000000e+00 0.000000e+00
    outer loop
      vertex   3.550000e+02 0.000000e+00 -6.000000e+01
      vertex   3.515211e+02 0.000000e+00 -5.668319e+01
      vertex   3.512200e+02 0.000000e+00 -5.656654e+01
    endloop
  endfacet
  facet normal 0.000000e+00 -1.000000e+00 0.000000e+00
    outer loop
      vertex   3.537202e+02 0.000000e+00 -3.067844e+01
      vertex   3.537500e+02 0.000000e+00 -3.100000e+01
      vertex   3.570000e+02 0.000000e+00 -2.800000e+01
    endloop
  endfacet
  facet normal 0.000000e+00 -1.000000e+00 0.000000e+00
    outer loop
      vertex   3.570000e+02 0.000000e+00 -2.800000e+01
      vertex   3.537500e+02 0.000000e+00 -3.100000e+01
      vertex   3.537202e+02 0.000000e+00 -3.132156e+01
    endloop
  endfacet
  facet normal 0.000000e+00 -1.000000e+00 0.000000e+00
    outer loop
      vertex   3.570000e+02 0.000000e+00 -2.800000e+01
      vertex   3.537202e+02 0.000000e+00 -3.132156e+01
      vertex   3.536318e+02 0.000000e+00 -3.163217e+01
    endloop
  endfacet
  facet normal 0.000000e+00 -1.000000e+00 -0.000000e+00
    outer loop
      vertex   3.536318e+02 0.000000e+00 -3.163217e+01
      vertex   3.534879e+02 0.000000e+00 -3.192126e+01
      vertex   3.570000e+02 0.000000e+00 -2.800000e+01
    endloop
  endfacet
  facet normal 0.000000e+00 -1.000000e+00 0.000000e+00
    outer loop
      vertex   3.518385e+02 0.000000e+00 -2.925747e+01
      vertex   3.521615e+02 0.000000e+00 -2.925747e+01
      vertex   3.550000e+02 0.000000e+00 -2.600000e+01
    endloop
  endfacet
  facet normal 0.000000e+00 -1.000000e+00 0.000000e+00
    outer loop
      vertex   3.550000e+02 0.000000e+00 -2.600000e+01
      vertex   3.521615e+02 0.000000e+00 -2.925747e+01
      vertex   3.524789e+02 0.000000e+00 -2.931681e+01
    endloop
  endfacet
  facet normal 0.000000e+00 -1.000000e+00 0.000000e+00
    outer loop
      vertex   3.550000e+02 0.000000e+00 -2.600000e+01
      vertex   3.524789e+02 0.000000e+00 -2.931681e+01
      vertex   3.527800e+02 0.000000e+00 -2.943346e+01
    endloop
  endfacet
  facet normal 0.000000e+00 -1.000000e+00 0.000000e+00
    outer loop
      vertex   3.527800e+02 0.000000e+00 -2.943346e+01
      vertex   3.530546e+02 0.000000e+00 -2.960347e+01
      vertex   3.550000e+02 0.000000e+00 -2.600000e+01
    endloop
  endfacet
  facet normal 0.000000e+00 -1.000000e+00 0.000000e+00
    outer loop
      vertex   3.550000e+02 0.000000e+00 -2.600000e+01
      vertex   3.530546e+02 0.000000e+00 -2.960347e+01
      vertex   3.532933e+02 0.000000e+00 -2.982103e+01
    endloop
  endfacet
  facet normal 0.000000e+00 -1.000000e+00 0.000000e+00
    outer loop
      vertex   3.534879e+02 0.000000e+00 -3.007874e+01
      vertex   3.536318e+02 0.000000e+00 -3.036783e+01
      vertex   3.570000e+02 0.000000e+00 -2.800000e+01
    endloop
  endfacet
  facet normal 0.000000e+00 -1.000000e+00 0.000000e+00
    outer loop
      vertex   3.570000e+02 0.000000e+00 -2.800000e+01
      vertex   3.536318e+02 0.000000e+00 -3.036783e+01
      vertex   3.537202e+02 0.000000e+00 -3.067844e+01
    endloop
  endfacet
  facet normal -0.000000e+00 -1.000000e+00 0.000000e+00
    outer loop
      vertex   3.263682e+02 0.000000e+00 -5.563217e+01
      vertex   3.262798e+02 0.000000e+00 -5.532156e+01
      vertex   3.230000e+02 0.000000e+00 -5.800000e+01
    endloop
  endfacet
  facet normal 0.000000e+00 -1.000000e+00 0.000000e+00
    outer loop
      vertex   3.230000e+02 0.000000e+00 -5.800000e+01
      vertex   3.262798e+02 0.000000e+00 -5.532156e+01
      vertex   3.262500e+02 0.000000e+00 -5.500000e+01
    endloop
  endfacet
  facet normal 0.000000e+00 -1.000000e+00 0.000000e+00
    outer loop
      vertex   3.230000e+02 0.000000e+00 -5.800000e+01
      vertex   3.262500e+02 0.000000e+00 -5.500000e+01
      vertex   3.262798e+02 0.000000e+00 -5.467844e+01
    endloop
  endfacet
  facet normal -0.000000e+00 -1.000000e+00 0.000000e+00
    outer loop
      vertex   3.262798e+02 0.000000e+00 -5.467844e+01
      vertex   3.263682e+02 0.000000e+00 -5.436783e+01
      vertex   3.230000e+02 0.000000e+00 -5.800000e+01
    endloop
  endfacet
  facet normal 0.000000e+00 -1.000000e+00 0.000000e+00
    outer loop
      vertex   3.230000e+02 0.000000e+00 -5.800000e+01
      vertex   3.263682e+02 0.000000e+00 -5.436783e+01
      vertex   3.265121e+02 0.000000e+00 -5.407874e+01
    endloop
  endfacet
  facet normal 0.000000e+00 -1.000000e+00 0.000000e+00
    outer loop
      vertex   3.267067e+02 0.000000e+00 -2.982103e+01
      vertex   3.269454e+02 0.000000e+00 -2.960347e+01
      vertex   3.250000e+02 0.000000e+00 -2.600000e+01
    endloop
  endfacet
  facet normal 0.000000e+00 -1.000000e+00 0.000000e+00
    outer loop
      vertex   3.250000e+02 0.000000e+00 -2.600000e+01
      vertex   3.269454e+02 0.000000e+00 -2.960347e+01
      vertex   3.272200e+02 0.000000e+00 -2.943346e+01
    endloop
  endfacet
  facet normal 0.000000e+00 -1.000000e+00 0.000000e+00
    outer loop
      vertex   3.250000e+02 0.000000e+00 -2.600000e+01
      vertex   3.272200e+02 0.000000e+00 -2.943346e+01
      vertex   3.275211e+02 0.000000e+00 -2.931681e+01
    endloop
  endfacet
  facet normal 0.000000e+00 -1.000000e+00 0.000000e+00
    outer loop
      vertex   3.275211e+02 0.000000e+00 -2.931681e+01
      vertex   3.278385e+02 0.000000e+00 -2.925747e+01
      vertex   3.250000e+02 0.000000e+00 -2.600000e+01
    endloop
  endfacet
  facet normal 0.000000e+00 -1.000000e+00 0.000000e+00
    outer loop
      vertex   3.250000e+02 0.000000e+00 -2.600000e+01
      vertex   3.278385e+02 0.000000e+00 -2.925747e+01
      vertex   3.281615e+02 0.000000e+00 -2.925747e+01
    endloop
  endfacet
  facet normal 0.000000e+00 -1.000000e+00 0.000000e+00
    outer loop
      vertex   3.250000e+02 0.000000e+00 -2.600000e+01
      vertex   3.281615e+02 0.000000e+00 -2.925747e+01
      vertex   3.284789e+02 0.000000e+00 -2.931681e+01
    endloop
  endfacet
  facet normal 0.000000e+00 -1.000000e+00 0.000000e+00
    outer loop
      vertex   3.284789e+02 0.000000e+00 -2.931681e+01
      vertex   3.287800e+02 0.000000e+00 -2.943346e+01
      vertex   3.250000e+02 0.000000e+00 -2.600000e+01
    endloop
  endfacet
endsolid
